key,junshu,tenban_junshu_p,chiban_junshu_p,chokufu,chokushi,kuubou,tenban_kan,tenban_gon,tenban_shin,tenban_son,tenban_ri,tenban_kun,tenban_da,tenban_ken,chiban_kan,chiban_gon,chiban_shin,chiban_son,chiban_ri,chiban_kun,chiban_da,chiban_ken,kyusei_kan,kyusei_gon,kyusei_shin,kyusei_son,kyusei_ri,kyusei_kun,kyusei_da,kyusei_ken,hasshin_kan,hasshin_gon,hasshin_shin,hasshin_son,hasshin_ri,hasshin_kun,hasshin_da,hasshin_ken,hachimon_kan,hachimon_gon,hachimon_shin,hachimon_son,hachimon_ri,hachimon_kun,hachimon_da,hachimon_ken,jukkan_kokuou_kan,kakkyoku_kan,jukkan_kokuou_gon,kakkyoku_gon,jukkan_kokuou_shin,kakkyoku_shin,jukkan_kokuou_son,kakkyoku_son,jukkan_kokuou_ri,kakkyoku_ri,jukkan_kokuou_kun,kakkyoku_kun,jukkan_kokuou_da,kakkyoku_da,jukkan_kokuou_ken,kakkyoku_ken,ban_level
陰1局甲子,戊,坎,坎,天蓬,休門,戌亥,戊,庚,丙,丁,己,乙癸,辛,壬,戊,庚,丙,丁,己,乙癸,辛,壬,天蓬,天任,天冲,天輔,天英,天芮,天柱,天心,直符,九天,九地,朱雀,勾陳,六合,太陰,螣蛇,休門,生門,傷門,杜門,景門,死門,驚門,開門,×伏吟,,×太白同宮,×六儀撃刑格,×月奇孛師,,〇奇入太陰,◯丁奇得使,×地戸蓬鬼,,△日奇伏吟;△華蓋蓬星;△華蓋蓬星;×天網四張,×乙奇入墓,×伏吟天庭,,×蛇入地羅,,伏吟
陰1局乙丑,戊,坤,坎,天蓬,休門,戌亥,丁,己,乙癸,辛,壬,戊,庚,丙,戊,庚,丙,丁,己,乙癸,辛,壬,天輔,天英,天芮,天柱,天心,天蓬,天任,天冲,朱雀,勾陳,六合,太陰,螣蛇,直符,九天,九地,景門,死門,驚門,開門,休門,生門,傷門,杜門,〇青龍転光,,×刑格返名,,〇奇儀順遂;〇華蓋孛師,◯乙奇昇殿,〇獄神得奇,,×凶蛇入獄,,△青龍合霊;△青龍華蓋,,×白虎干格,,×火入天羅,×丙奇入墓,反吟;門迫
陰1局丙寅,戊,震,坎,天蓬,休門,戌亥,辛,壬,戊,庚,丙,丁,己,乙癸,戊,庚,丙,丁,己,乙癸,辛,壬,天柱,天心,天蓬,天任,天冲,天輔,天英,天芮,太陰,螣蛇,直符,九天,九地,朱雀,勾陳,六合,開門,休門,生門,傷門,杜門,景門,死門,驚門,×囚獄被傷,,×太白擒蛇,,〇青龍返首,×六儀撃刑格,△丁丁之格,,△太孛入刑,◯丙奇昇殿,〇人遁吉格;×朱雀投江,×朱雀投江,×遊魂入墓,,×日奇入地;×復見騰蛇,◯乙奇得使,
陰1局丁卯,戊,巽,坎,天蓬,休門,戌亥,乙癸,辛,壬,戊,庚,丙,丁,己,戊,庚,丙,丁,己,乙癸,辛,壬,天芮,天柱,天心,天蓬,天任,天冲,天輔,天英,六合,太陰,螣蛇,直符,九天,九地,朱雀,勾陳,傷門,杜門,景門,死門,驚門,開門,休門,生門,×利陰害陽;〇天乙会合,,×白虎出力,,×水蛇入火,,〇青龍耀明,,×官符刑格,×刑格,〇日月併用;×華蓋孛師,◯丙奇得使,×朱雀入獄,◯丁奇昇殿;◯玉女守門,×地網高張,,門迫
陰1局戊辰,戊,坎,坎,天蓬,休門,戌亥,戊,庚,丙,丁,己,乙癸,辛,壬,戊,庚,丙,丁,己,乙癸,辛,壬,天蓬,天任,天冲,天輔,天英,天芮,天柱,天心,直符,九天,九地,朱雀,勾陳,六合,太陰,螣蛇,生門,傷門,杜門,景門,死門,驚門,開門,休門,×伏吟,,×太白同宮,×六儀撃刑格,×月奇孛師,,〇奇入太陰,◯丁奇得使,×地戸蓬鬼,,△日奇伏吟;△華蓋蓬星;△華蓋蓬星;×天網四張,×乙奇入墓,×伏吟天庭,,×蛇入地羅,,伏吟;門迫
陰1局己巳,戊,離,坎,天蓬,休門,戌亥,己,乙癸,辛,壬,戊,庚,丙,丁,戊,庚,丙,丁,己,乙癸,辛,壬,天英,天芮,天柱,天心,天蓬,天任,天冲,天輔,勾陳,六合,太陰,螣蛇,直符,九天,九地,朱雀,杜門,景門,死門,驚門,開門,休門,生門,傷門,△犬遇青龍,,×日奇被刑;×太白入網,,×干合孛師,,△干合蛇刑,×六儀撃刑格,×貴人入獄,,△太白蓬星;×反吟大格,,△謀事成就,,〇五神互合,,反吟;門迫
陰1局庚午,戊,艮,坎,天蓬,休門,戌亥,壬,戊,庚,丙,丁,己,乙癸,辛,戊,庚,丙,丁,己,乙癸,辛,壬,天心,天蓬,天任,天冲,天輔,天英,天芮,天柱,螣蛇,直符,九天,九地,朱雀,勾陳,六合,太陰,死門,驚門,開門,休門,生門,傷門,杜門,景門,〇小蛇化龍,,×値符飛宮,×飛宮格,×太白入熒,,〇星奇朱雀,,×火入勾陳,,△地戸蓬星;×地刑玄武,×六儀撃刑格,×青龍逃走;×網蓋天牢,×青龍逃走,×凶蛇入獄,,門迫
陰1局辛未,戊,兌,坎,天蓬,休門,戌亥,丙,丁,己,乙癸,辛,壬,戊,庚,戊,庚,丙,丁,己,乙癸,辛,壬,天冲,天輔,天英,天芮,天柱,天心,天蓬,天任,九地,朱雀,勾陳,六合,太陰,螣蛇,直符,九天,驚門,開門,休門,生門,傷門,杜門,景門,死門,〇飛鳥跌穴,◯丙奇得使,△朱雀入没,◯丁奇得使;×丁奇入墓,×火孛地戸,,〇奇儀相佐;×螣蛇妖矯,◯風遁;×螣蛇妖矯;×六儀撃刑格,×入獄自刑,×六儀撃刑格,△格名小蛇;×幼女奸淫,,×青龍折足,,×金華水流,,門迫
陰1局壬申,戊,壬,坎,天蓬,休門,戌亥,庚,丙,丁,己,乙癸,辛,壬,戊,戊,庚,丙,丁,己,乙癸,辛,壬,天任,天冲,天輔,天英,天芮,天柱,天心,天蓬,九天,九地,朱雀,勾陳,六合,太陰,螣蛇,直符,杜門,景門,死門,驚門,開門,休門,生門,傷門,×太白伏宮,×伏宮格,×焚入太白,,△星髄月転,,△朱雀入墓,,×日奇入霧;×華蓋地戸,◯地遁;◯乙奇得使,×白虎猖狂;×天牢華蓋,×白虎猖狂,×騰蛇相纏,,×龍入天牢,,門迫
陰1局癸酉,戊,坤,坎,天蓬,休門,戌亥,丁,己,乙癸,辛,壬,戊,庚,丙,戊,庚,丙,丁,己,乙癸,辛,壬,天輔,天英,天芮,天柱,天心,天蓬,天任,天冲,朱雀,勾陳,六合,太陰,螣蛇,直符,九天,九地,休門,生門,傷門,杜門,景門,死門,驚門,開門,〇青龍転光,◯玉女守門,×刑格返名,,〇奇儀順遂;〇華蓋孛師,◯乙奇昇殿,〇獄神得奇,,×凶蛇入獄,,△青龍合霊;△青龍華蓋,,×白虎干格,,×火入天羅,×丙奇入墓,
陰1局甲戌,己,離,離,天英,景門,申酉,戊,庚,丙,丁,己,乙癸,辛,壬,戊,庚,丙,丁,己,乙癸,辛,壬,天蓬,天任,天冲,天輔,天英,天芮,天柱,天心,勾陳,六合,太陰,螣蛇,直符,九天,九地,朱雀,休門,生門,傷門,杜門,景門,死門,驚門,開門,×伏吟,,×太白同宮,×六儀撃刑格,×月奇孛師,,〇奇入太陰,◯丁奇得使,×地戸蓬鬼,,△日奇伏吟;△華蓋蓬星;△華蓋蓬星;×天網四張,×乙奇入墓,×伏吟天庭,,×蛇入地羅,,伏吟
陰1局乙亥,己,坤,離,天英,景門,申酉,壬,戊,庚,丙,丁,己,乙癸,辛,戊,庚,丙,丁,己,乙癸,辛,壬,天心,天蓬,天任,天冲,天輔,天英,天芮,天柱,朱雀,勾陳,六合,太陰,螣蛇,直符,九天,九地,杜門,景門,死門,驚門,開門,休門,生門,傷門,〇小蛇化龍,,×値符飛宮,,×太白入熒,,〇星奇朱雀,,×火入勾陳,,△地戸蓬星;×地刑玄武,×六儀撃刑格,×青龍逃走;×網蓋天牢,◯雲遁;×青龍逃走,×凶蛇入獄,,門迫
陰1局丙子,己,震,離,天英,景門,申酉,丙,丁,己,乙癸,辛,壬,戊,庚,戊,庚,丙,丁,己,乙癸,辛,壬,天冲,天輔,天英,天芮,天柱,天心,天蓬,天任,太陰,螣蛇,直符,九天,九地,朱雀,勾陳,六合,驚門,開門,休門,生門,傷門,杜門,景門,死門,〇飛鳥跌穴,◯丙奇得使,△朱雀入没,◯丁奇得使;×丁奇入墓,×火孛地戸,,〇奇儀相佐;×螣蛇妖矯,◯風遁;×螣蛇妖矯;×六儀撃刑格,×入獄自刑,×六儀撃刑格,△格名小蛇;×幼女奸淫,,×青龍折足,,×金華水流,,門迫
陰1局丁丑,己,巽,離,天英,景門,申酉,庚,丙,丁,己,乙癸,辛,壬,戊,戊,庚,丙,丁,己,乙癸,辛,壬,天任,天冲,天輔,天英,天芮,天柱,天心,天蓬,六合,太陰,螣蛇,直符,九天,九地,朱雀,勾陳,死門,驚門,開門,休門,生門,傷門,杜門,景門,×太白伏宮,,×焚入太白,,△星髄月転,,△朱雀入墓,,×日奇入霧;×華蓋地戸,◯乙奇得使,×白虎猖狂;×天牢華蓋,×白虎猖狂,×騰蛇相纏,,×龍入天牢,,門迫
陰1局戊寅,己,坎,離,天英,景門,申酉,己,乙癸,辛,壬,戊,庚,丙,丁,戊,庚,丙,丁,己,乙癸,辛,壬,天英,天芮,天柱,天心,天蓬,天任,天冲,天輔,直符,九天,九地,朱雀,勾陳,六合,太陰,螣蛇,開門,休門,生門,傷門,杜門,景門,死門,驚門,△犬遇青龍,,×日奇被刑;×太白入網,,×干合孛師,,△干合蛇刑,×六儀撃刑格,×貴人入獄,,△太白蓬星;×反吟大格,,△謀事成就,,〇五神互合,,反吟
陰1局己卯,己,離,離,天英,景門,申酉,戊,庚,丙,丁,己,乙癸,辛,壬,戊,庚,丙,丁,己,乙癸,辛,壬,天蓬,天任,天冲,天輔,天英,天芮,天柱,天心,勾陳,六合,太陰,螣蛇,直符,九天,九地,朱雀,生門,傷門,杜門,景門,死門,驚門,開門,休門,×伏吟,,×太白同宮,×六儀撃刑格,×月奇孛師,,〇奇入太陰,◯丁奇得使;◯玉女守門,×地戸蓬鬼,,△日奇伏吟;△華蓋蓬星;△華蓋蓬星;×天網四張,×乙奇入墓,×伏吟天庭,,×蛇入地羅,,伏吟;門迫
陰1局庚辰,己,艮,離,天英,景門,申酉,丁,己,乙癸,辛,壬,戊,庚,丙,戊,庚,丙,丁,己,乙癸,辛,壬,天輔,天英,天芮,天柱,天心,天蓬,天任,天冲,螣蛇,直符,九天,九地,朱雀,勾陳,六合,太陰,傷門,杜門,景門,死門,驚門,開門,休門,生門,〇青龍転光,,×刑格返名,×飛宮格,〇奇儀順遂;〇華蓋孛師,◯乙奇昇殿,〇獄神得奇,,×凶蛇入獄,,△青龍合霊;△青龍華蓋,,×白虎干格,,×火入天羅,×丙奇入墓,門迫
陰1局辛巳,己,兌,離,天英,景門,申酉,辛,壬,戊,庚,丙,丁,己,乙癸,戊,庚,丙,丁,己,乙癸,辛,壬,天柱,天心,天蓬,天任,天冲,天輔,天英,天芮,九地,朱雀,勾陳,六合,太陰,螣蛇,直符,九天,開門,休門,生門,傷門,杜門,景門,死門,驚門,×囚獄被傷,,×太白擒蛇,,〇青龍返首,×六儀撃刑格,△丁丁之格,,△太孛入刑,◯丙奇昇殿,〇人遁吉格;×朱雀投江,◯玉女守門;×朱雀投江,×遊魂入墓,,×日奇入地;×復見騰蛇,◯乙奇得使,
陰1局壬午,己,壬,離,天英,景門,申酉,乙癸,辛,壬,戊,庚,丙,丁,己,戊,庚,丙,丁,己,乙癸,辛,壬,天芮,天柱,天心,天蓬,天任,天冲,天輔,天英,九天,九地,朱雀,勾陳,六合,太陰,螣蛇,直符,景門,死門,驚門,開門,休門,生門,傷門,杜門,×利陰害陽;〇天乙会合,,×白虎出力,,×水蛇入火,,〇青龍耀明,,×官符刑格,×伏宮格;×刑格,〇日月併用;×華蓋孛師,◯丙奇得使,×朱雀入獄,◯丁奇昇殿,×地網高張,,反吟;門迫
陰1局癸未,己,坤,離,天英,景門,申酉,壬,戊,庚,丙,丁,己,乙癸,辛,戊,庚,丙,丁,己,乙癸,辛,壬,天心,天蓬,天任,天冲,天輔,天英,天芮,天柱,朱雀,勾陳,六合,太陰,螣蛇,直符,九天,九地,休門,生門,傷門,杜門,景門,死門,驚門,開門,〇小蛇化龍,,×値符飛宮,,×太白入熒,,〇星奇朱雀,,×火入勾陳,◯玉女守門,△地戸蓬星;×地刑玄武,×六儀撃刑格,×青龍逃走;×網蓋天牢,×青龍逃走,×凶蛇入獄,,
陰1局甲申,庚,艮,艮,天任,生門,午未,戊,庚,丙,丁,己,乙癸,辛,壬,戊,庚,丙,丁,己,乙癸,辛,壬,天蓬,天任,天冲,天輔,天英,天芮,天柱,天心,螣蛇,直符,九天,九地,朱雀,勾陳,六合,太陰,休門,生門,傷門,杜門,景門,死門,驚門,開門,×伏吟,,×太白同宮,×伏宮格;×飛宮格;×六儀撃刑格,×月奇孛師,,〇奇入太陰,◯丁奇得使,×地戸蓬鬼,,△日奇伏吟;△華蓋蓬星;△華蓋蓬星;×天網四張,×乙奇入墓,×伏吟天庭,,×蛇入地羅,,伏吟
陰1局乙酉,庚,坤,艮,天任,生門,午未,己,乙癸,辛,壬,戊,庚,丙,丁,戊,庚,丙,丁,己,乙癸,辛,壬,天英,天芮,天柱,天心,天蓬,天任,天冲,天輔,朱雀,勾陳,六合,太陰,螣蛇,直符,九天,九地,杜門,景門,死門,驚門,開門,休門,生門,傷門,△犬遇青龍,,×日奇被刑;×太白入網,,×干合孛師,,△干合蛇刑,×六儀撃刑格,×貴人入獄,,△太白蓬星;×反吟大格,×時格,△謀事成就,◯神遁,〇五神互合,,反吟;門迫
陰1局丙戌,庚,震,艮,天任,生門,午未,壬,戊,庚,丙,丁,己,乙癸,辛,戊,庚,丙,丁,己,乙癸,辛,壬,天心,天蓬,天任,天冲,天輔,天英,天芮,天柱,太陰,螣蛇,直符,九天,九地,朱雀,勾陳,六合,傷門,杜門,景門,死門,驚門,開門,休門,生門,〇小蛇化龍,,×値符飛宮,,×太白入熒,×時格,〇星奇朱雀,,×火入勾陳,,△地戸蓬星;×地刑玄武,×六儀撃刑格,×青龍逃走;×網蓋天牢,◯雲遁;×青龍逃走,×凶蛇入獄,,門迫
陰1局丁亥,庚,巽,艮,天任,生門,午未,辛,壬,戊,庚,丙,丁,己,乙癸,戊,庚,丙,丁,己,乙癸,辛,壬,天柱,天心,天蓬,天任,天冲,天輔,天英,天芮,六合,太陰,螣蛇,直符,九天,九地,朱雀,勾陳,景門,死門,驚門,開門,休門,生門,傷門,杜門,×囚獄被傷,,×太白擒蛇,,〇青龍返首,×六儀撃刑格,△丁丁之格,×時格,△太孛入刑,◯丙奇昇殿,〇人遁吉格;×朱雀投江,◯玉女守門;×朱雀投江,×遊魂入墓,,×日奇入地;×復見騰蛇,◯乙奇得使,反吟;門迫
陰1局戊子,庚,坎,艮,天任,生門,午未,庚,丙,丁,己,乙癸,辛,壬,戊,戊,庚,丙,丁,己,乙癸,辛,壬,天任,天冲,天輔,天英,天芮,天柱,天心,天蓬,直符,九天,九地,朱雀,勾陳,六合,太陰,螣蛇,驚門,開門,休門,生門,傷門,杜門,景門,死門,×太白伏宮,×時格,×焚入太白,,△星髄月転,,△朱雀入墓,,×日奇入霧;×華蓋地戸,◯乙奇得使,×白虎猖狂;×天牢華蓋,×白虎猖狂,×騰蛇相纏,,×龍入天牢,,門迫
陰1局己丑,庚,離,艮,天任,生門,午未,乙癸,辛,壬,戊,庚,丙,丁,己,戊,庚,丙,丁,己,乙癸,辛,壬,天芮,天柱,天心,天蓬,天任,天冲,天輔,天英,勾陳,六合,太陰,螣蛇,直符,九天,九地,朱雀,開門,休門,生門,傷門,杜門,景門,死門,驚門,×利陰害陽;〇天乙会合,,×白虎出力,,×水蛇入火,,〇青龍耀明,,×官符刑格,×刑格;×時格,〇日月併用;×華蓋孛師,◯丙奇得使,×朱雀入獄,◯丁奇昇殿,×地網高張,,
陰1局庚寅,庚,艮,艮,天任,生門,午未,戊,庚,丙,丁,己,乙癸,辛,壬,戊,庚,丙,丁,己,乙癸,辛,壬,天蓬,天任,天冲,天輔,天英,天芮,天柱,天心,螣蛇,直符,九天,九地,朱雀,勾陳,六合,太陰,景門,死門,驚門,開門,休門,生門,傷門,杜門,×伏吟,,×太白同宮,×伏宮格;×飛宮格;×時格;×六儀撃刑格,×月奇孛師,,〇奇入太陰,◯丁奇得使,×地戸蓬鬼,,△日奇伏吟;△華蓋蓬星;△華蓋蓬星;×天網四張,×乙奇入墓,×伏吟天庭,,×蛇入地羅,,伏吟;反吟;門迫
陰1局辛卯,庚,兌,艮,天任,生門,午未,丁,己,乙癸,辛,壬,戊,庚,丙,戊,庚,丙,丁,己,乙癸,辛,壬,天輔,天英,天芮,天柱,天心,天蓬,天任,天冲,九地,朱雀,勾陳,六合,太陰,螣蛇,直符,九天,生門,傷門,杜門,景門,死門,驚門,開門,休門,〇青龍転光,◯玉女守門,×刑格返名,,〇奇儀順遂;〇華蓋孛師,◯乙奇昇殿,〇獄神得奇,,×凶蛇入獄,,△青龍合霊;△青龍華蓋,,×白虎干格,×時格,×火入天羅,×丙奇入墓,門迫
陰1局壬辰,庚,壬,艮,天任,生門,午未,丙,丁,己,乙癸,辛,壬,戊,庚,戊,庚,丙,丁,己,乙癸,辛,壬,天冲,天輔,天英,天芮,天柱,天心,天蓬,天任,九天,九地,朱雀,勾陳,六合,太陰,螣蛇,直符,死門,驚門,開門,休門,生門,傷門,杜門,景門,〇飛鳥跌穴,◯丙奇得使,△朱雀入没,◯丁奇得使;×丁奇入墓,×火孛地戸,,〇奇儀相佐;×螣蛇妖矯,◯風遁;×螣蛇妖矯;×六儀撃刑格,×入獄自刑,×六儀撃刑格,△格名小蛇;×幼女奸淫,,×青龍折足,,×金華水流,×時格,門迫
陰1局癸巳,庚,坤,艮,天任,生門,午未,己,乙癸,辛,壬,戊,庚,丙,丁,戊,庚,丙,丁,己,乙癸,辛,壬,天英,天芮,天柱,天心,天蓬,天任,天冲,天輔,朱雀,勾陳,六合,太陰,螣蛇,直符,九天,九地,休門,生門,傷門,杜門,景門,死門,驚門,開門,△犬遇青龍,,×日奇被刑;×太白入網,,×干合孛師,,△干合蛇刑,×六儀撃刑格,×貴人入獄,,△太白蓬星;×反吟大格,×時格,△謀事成就,,〇五神互合,,反吟
陰1局甲午,辛,兌,兌,天柱,驚門,辰巳,戊,庚,丙,丁,己,乙癸,辛,壬,戊,庚,丙,丁,己,乙癸,辛,壬,天蓬,天任,天冲,天輔,天英,天芮,天柱,天心,九地,朱雀,勾陳,六合,太陰,螣蛇,直符,九天,休門,生門,傷門,杜門,景門,死門,驚門,開門,×伏吟,,×太白同宮,×六儀撃刑格,×月奇孛師,,〇奇入太陰,◯丁奇得使,×地戸蓬鬼,,△日奇伏吟;△華蓋蓬星;△華蓋蓬星;×天網四張,×乙奇入墓,×伏吟天庭,,×蛇入地羅,,伏吟
陰1局乙未,辛,坤,兌,天柱,驚門,辰巳,庚,丙,丁,己,乙癸,辛,壬,戊,戊,庚,丙,丁,己,乙癸,辛,壬,天任,天冲,天輔,天英,天芮,天柱,天心,天蓬,朱雀,勾陳,六合,太陰,螣蛇,直符,九天,九地,開門,休門,生門,傷門,杜門,景門,死門,驚門,×太白伏宮,,×焚入太白,,△星髄月転,,△朱雀入墓,,×日奇入霧;×華蓋地戸,◯乙奇得使,×白虎猖狂;×天牢華蓋,×白虎猖狂,×騰蛇相纏,,×龍入天牢,,
陰1局丙申,辛,震,兌,天柱,驚門,辰巳,己,乙癸,辛,壬,戊,庚,丙,丁,戊,庚,丙,丁,己,乙癸,辛,壬,天英,天芮,天柱,天心,天蓬,天任,天冲,天輔,太陰,螣蛇,直符,九天,九地,朱雀,勾陳,六合,生門,傷門,杜門,景門,死門,驚門,開門,休門,△犬遇青龍,,×日奇被刑;×太白入網,,×干合孛師,,△干合蛇刑,×六儀撃刑格,×貴人入獄,,△太白蓬星;×反吟大格,,△謀事成就,,〇五神互合,,反吟;門迫
陰1局丁酉,辛,巽,兌,天柱,驚門,辰巳,丁,己,乙癸,辛,壬,戊,庚,丙,戊,庚,丙,丁,己,乙癸,辛,壬,天輔,天英,天芮,天柱,天心,天蓬,天任,天冲,六合,太陰,螣蛇,直符,九天,九地,朱雀,勾陳,杜門,景門,死門,驚門,開門,休門,生門,傷門,〇青龍転光,,×刑格返名,,〇奇儀順遂;〇華蓋孛師,◯乙奇昇殿,〇獄神得奇,,×凶蛇入獄,,△青龍合霊;△青龍華蓋,,×白虎干格,×伏宮格,×火入天羅,×丙奇入墓,門迫
陰1局戊戌,辛,坎,兌,天柱,驚門,辰巳,辛,壬,戊,庚,丙,丁,己,乙癸,戊,庚,丙,丁,己,乙癸,辛,壬,天柱,天心,天蓬,天任,天冲,天輔,天英,天芮,直符,九天,九地,朱雀,勾陳,六合,太陰,螣蛇,景門,死門,驚門,開門,休門,生門,傷門,杜門,×囚獄被傷,,×太白擒蛇,,〇青龍返首,×六儀撃刑格,△丁丁之格,,△太孛入刑,◯丙奇昇殿,〇人遁吉格;×朱雀投江,×朱雀投江,×遊魂入墓,,×日奇入地;×復見騰蛇,◯乙奇得使,反吟;門迫
陰1局己亥,辛,離,兌,天柱,驚門,辰巳,丙,丁,己,乙癸,辛,壬,戊,庚,戊,庚,丙,丁,己,乙癸,辛,壬,天冲,天輔,天英,天芮,天柱,天心,天蓬,天任,勾陳,六合,太陰,螣蛇,直符,九天,九地,朱雀,生門,傷門,杜門,景門,死門,驚門,開門,休門,〇飛鳥跌穴,◯丙奇得使,△朱雀入没,◯丁奇得使;×丁奇入墓,×火孛地戸,,〇奇儀相佐;×螣蛇妖矯,×螣蛇妖矯;×六儀撃刑格,×入獄自刑,×六儀撃刑格,△格名小蛇;×幼女奸淫,,×青龍折足,,×金華水流,,門迫
陰1局庚子,辛,艮,兌,天柱,驚門,辰巳,乙癸,辛,壬,戊,庚,丙,丁,己,戊,庚,丙,丁,己,乙癸,辛,壬,天芮,天柱,天心,天蓬,天任,天冲,天輔,天英,螣蛇,直符,九天,九地,朱雀,勾陳,六合,太陰,驚門,開門,休門,生門,傷門,杜門,景門,死門,×利陰害陽;〇天乙会合,,×白虎出力,×飛宮格,×水蛇入火,,〇青龍耀明,,×官符刑格,×刑格,〇日月併用;×華蓋孛師,◯丙奇得使,×朱雀入獄,◯丁奇昇殿,×地網高張,,門迫
陰1局辛丑,辛,兌,兌,天柱,驚門,辰巳,戊,庚,丙,丁,己,乙癸,辛,壬,戊,庚,丙,丁,己,乙癸,辛,壬,天蓬,天任,天冲,天輔,天英,天芮,天柱,天心,九地,朱雀,勾陳,六合,太陰,螣蛇,直符,九天,傷門,杜門,景門,死門,驚門,開門,休門,生門,×伏吟,,×太白同宮,×六儀撃刑格,×月奇孛師,,〇奇入太陰,◯丁奇得使,×地戸蓬鬼,,△日奇伏吟;△華蓋蓬星;△華蓋蓬星;×天網四張,◯雲遁;×乙奇入墓,×伏吟天庭,,×蛇入地羅,,伏吟;門迫
陰1局壬寅,辛,壬,兌,天柱,驚門,辰巳,壬,戊,庚,丙,丁,己,乙癸,辛,戊,庚,丙,丁,己,乙癸,辛,壬,天心,天蓬,天任,天冲,天輔,天英,天芮,天柱,九天,九地,朱雀,勾陳,六合,太陰,螣蛇,直符,死門,驚門,開門,休門,生門,傷門,杜門,景門,〇小蛇化龍,,×値符飛宮,,×太白入熒,,〇星奇朱雀,,×火入勾陳,,△地戸蓬星;×地刑玄武,×六儀撃刑格,×青龍逃走;×網蓋天牢,×青龍逃走,×凶蛇入獄,,門迫
陰1局癸卯,辛,坤,兌,天柱,驚門,辰巳,庚,丙,丁,己,乙癸,辛,壬,戊,戊,庚,丙,丁,己,乙癸,辛,壬,天任,天冲,天輔,天英,天芮,天柱,天心,天蓬,朱雀,勾陳,六合,太陰,螣蛇,直符,九天,九地,休門,生門,傷門,杜門,景門,死門,驚門,開門,×太白伏宮,,×焚入太白,,△星髄月転,,△朱雀入墓,,×日奇入霧;×華蓋地戸,◯乙奇得使,×白虎猖狂;×天牢華蓋,×白虎猖狂,×騰蛇相纏,,×龍入天牢,,
陰1局甲辰,壬,壬,乾,天心,開門,寅卯,戊,庚,丙,丁,己,乙癸,辛,壬,戊,庚,丙,丁,己,乙癸,辛,壬,天蓬,天任,天冲,天輔,天英,天芮,天柱,天心,九天,九地,朱雀,勾陳,六合,太陰,螣蛇,直符,休門,生門,傷門,杜門,景門,死門,驚門,開門,×伏吟,,×太白同宮,×六儀撃刑格,×月奇孛師,,〇奇入太陰,◯丁奇得使,×地戸蓬鬼,,△日奇伏吟;△華蓋蓬星;△華蓋蓬星;×天網四張,×乙奇入墓,×伏吟天庭,,×蛇入地羅,,伏吟
陰1局乙巳,壬,坤,乾,天心,開門,寅卯,丙,丁,己,乙癸,辛,壬,戊,庚,戊,庚,丙,丁,己,乙癸,辛,壬,天冲,天輔,天英,天芮,天柱,天心,天蓬,天任,朱雀,勾陳,六合,太陰,螣蛇,直符,九天,九地,傷門,杜門,景門,死門,驚門,開門,休門,生門,〇飛鳥跌穴,◯丙奇得使,△朱雀入没,◯丁奇得使;×丁奇入墓,×火孛地戸,,〇奇儀相佐;×螣蛇妖矯,×螣蛇妖矯;×六儀撃刑格,×入獄自刑,×六儀撃刑格,△格名小蛇;×幼女奸淫,×地網,×青龍折足,,×金華水流,×伏宮格,門迫
陰1局丙午,壬,震,乾,天心,開門,寅卯,乙癸,辛,壬,戊,庚,丙,丁,己,戊,庚,丙,丁,己,乙癸,辛,壬,天芮,天柱,天心,天蓬,天任,天冲,天輔,天英,太陰,螣蛇,直符,九天,九地,朱雀,勾陳,六合,景門,死門,驚門,開門,休門,生門,傷門,杜門,×利陰害陽;〇天乙会合,,×白虎出力,,×水蛇入火,×地網,〇青龍耀明,,×官符刑格,×刑格,〇日月併用;×華蓋孛師,◯丙奇得使,×朱雀入獄,◯丁奇昇殿,×地網高張,,反吟;門迫
陰1局丁未,壬,巽,乾,天心,開門,寅卯,己,乙癸,辛,壬,戊,庚,丙,丁,戊,庚,丙,丁,己,乙癸,辛,壬,天英,天芮,天柱,天心,天蓬,天任,天冲,天輔,六合,太陰,螣蛇,直符,九天,九地,朱雀,勾陳,死門,驚門,開門,休門,生門,傷門,杜門,景門,△犬遇青龍,,×日奇被刑;×太白入網,,×干合孛師,,△干合蛇刑,×地網;×六儀撃刑格,×貴人入獄,,△太白蓬星;×反吟大格,,△謀事成就,,〇五神互合,,反吟;門迫
陰1局戊申,壬,坎,乾,天心,開門,寅卯,壬,戊,庚,丙,丁,己,乙癸,辛,戊,庚,丙,丁,己,乙癸,辛,壬,天心,天蓬,天任,天冲,天輔,天英,天芮,天柱,直符,九天,九地,朱雀,勾陳,六合,太陰,螣蛇,傷門,杜門,景門,死門,驚門,開門,休門,生門,〇小蛇化龍,×地網,×値符飛宮,,×太白入熒,,〇星奇朱雀,,×火入勾陳,,△地戸蓬星;×地刑玄武,×六儀撃刑格,×青龍逃走;×網蓋天牢,◯雲遁;×青龍逃走,×凶蛇入獄,,門迫
陰1局己酉,壬,離,乾,天心,開門,寅卯,丁,己,乙癸,辛,壬,戊,庚,丙,戊,庚,丙,丁,己,乙癸,辛,壬,天輔,天英,天芮,天柱,天心,天蓬,天任,天冲,勾陳,六合,太陰,螣蛇,直符,九天,九地,朱雀,開門,休門,生門,傷門,杜門,景門,死門,驚門,〇青龍転光,◯玉女守門,×刑格返名,,〇奇儀順遂;〇華蓋孛師,◯乙奇昇殿,〇獄神得奇,,×凶蛇入獄,×地網,△青龍合霊;△青龍華蓋,,×白虎干格,,×火入天羅,×丙奇入墓,
陰1局庚戌,壬,艮,乾,天心,開門,寅卯,辛,壬,戊,庚,丙,丁,己,乙癸,戊,庚,丙,丁,己,乙癸,辛,壬,天柱,天心,天蓬,天任,天冲,天輔,天英,天芮,螣蛇,直符,九天,九地,朱雀,勾陳,六合,太陰,杜門,景門,死門,驚門,開門,休門,生門,傷門,×囚獄被傷,,×太白擒蛇,×飛宮格;×地網,〇青龍返首,×六儀撃刑格,△丁丁之格,,△太孛入刑,◯丙奇昇殿,〇人遁吉格;×朱雀投江,×朱雀投江,×遊魂入墓,,×日奇入地;×復見騰蛇,◯乙奇得使,門迫
陰1局辛亥,壬,兌,乾,天心,開門,寅卯,庚,丙,丁,己,乙癸,辛,壬,戊,戊,庚,丙,丁,己,乙癸,辛,壬,天任,天冲,天輔,天英,天芮,天柱,天心,天蓬,九地,朱雀,勾陳,六合,太陰,螣蛇,直符,九天,驚門,開門,休門,生門,傷門,杜門,景門,死門,×太白伏宮,,×焚入太白,,△星髄月転,,△朱雀入墓,,×日奇入霧;×華蓋地戸,◯乙奇得使,×白虎猖狂;×天牢華蓋,×白虎猖狂,×騰蛇相纏,×地網,×龍入天牢,,門迫
陰1局壬子,壬,壬,乾,天心,開門,寅卯,戊,庚,丙,丁,己,乙癸,辛,壬,戊,庚,丙,丁,己,乙癸,辛,壬,天蓬,天任,天冲,天輔,天英,天芮,天柱,天心,九天,九地,朱雀,勾陳,六合,太陰,螣蛇,直符,生門,傷門,杜門,景門,死門,驚門,開門,休門,×伏吟,,×太白同宮,×六儀撃刑格,×月奇孛師,,〇奇入太陰,◯丁奇得使,×地戸蓬鬼,,△日奇伏吟;△華蓋蓬星;△華蓋蓬星;×天網四張,×乙奇入墓,×伏吟天庭,,×蛇入地羅,×地網,伏吟;門迫
陰1局癸丑,壬,坤,乾,天心,開門,寅卯,丙,丁,己,乙癸,辛,壬,戊,庚,戊,庚,丙,丁,己,乙癸,辛,壬,天冲,天輔,天英,天芮,天柱,天心,天蓬,天任,朱雀,勾陳,六合,太陰,螣蛇,直符,九天,九地,休門,生門,傷門,杜門,景門,死門,驚門,開門,〇飛鳥跌穴,◯丙奇得使,△朱雀入没,◯丁奇得使;×丁奇入墓,×火孛地戸,,〇奇儀相佐;×螣蛇妖矯,×螣蛇妖矯;×六儀撃刑格,×入獄自刑,×六儀撃刑格,△格名小蛇;×幼女奸淫,×地網,×青龍折足,,×金華水流,×伏宮格,
陰1局甲寅,癸,坤,坤,天芮,死門,子丑,戊,庚,丙,丁,己,乙癸,辛,壬,戊,庚,丙,丁,己,乙癸,辛,壬,天蓬,天任,天冲,天輔,天英,天芮,天柱,天心,朱雀,勾陳,六合,太陰,螣蛇,直符,九天,九地,休門,生門,傷門,杜門,景門,死門,驚門,開門,×伏吟,,×太白同宮,×六儀撃刑格,×月奇孛師,,〇奇入太陰,◯丁奇得使,×地戸蓬鬼,,△日奇伏吟;△華蓋蓬星;△華蓋蓬星;×天網四張,×乙奇入墓,×伏吟天庭,,×蛇入地羅,,伏吟
陰1局乙卯,癸,坤,坤,天芮,死門,子丑,戊,庚,丙,丁,己,乙癸,辛,壬,戊,庚,丙,丁,己,乙癸,辛,壬,天蓬,天任,天冲,天輔,天英,天芮,天柱,天心,朱雀,勾陳,六合,太陰,螣蛇,直符,九天,九地,傷門,杜門,景門,死門,驚門,開門,休門,生門,×伏吟,,×太白同宮,×六儀撃刑格,×月奇孛師,,〇奇入太陰,◯丁奇得使;◯玉女守門,×地戸蓬鬼,,△日奇伏吟;△華蓋蓬星;△華蓋蓬星;×天網四張,◯雲遁;×天羅;×乙奇入墓,×伏吟天庭,,×蛇入地羅,,伏吟;門迫
陰1局丙辰,癸,震,坤,天芮,死門,子丑,丁,己,乙癸,辛,壬,戊,庚,丙,戊,庚,丙,丁,己,乙癸,辛,壬,天輔,天英,天芮,天柱,天心,天蓬,天任,天冲,太陰,螣蛇,直符,九天,九地,朱雀,勾陳,六合,杜門,景門,死門,驚門,開門,休門,生門,傷門,〇青龍転光,,×刑格返名,,〇奇儀順遂;〇華蓋孛師,◯乙奇昇殿;×天羅,〇獄神得奇,,×凶蛇入獄,,△青龍合霊;△青龍華蓋,,×白虎干格,,×火入天羅,×丙奇入墓,門迫
陰1局丁巳,癸,巽,坤,天芮,死門,子丑,丙,丁,己,乙癸,辛,壬,戊,庚,戊,庚,丙,丁,己,乙癸,辛,壬,天冲,天輔,天英,天芮,天柱,天心,天蓬,天任,六合,太陰,螣蛇,直符,九天,九地,朱雀,勾陳,休門,生門,傷門,杜門,景門,死門,驚門,開門,〇飛鳥跌穴,◯丙奇得使,△朱雀入没,◯丁奇得使;×丁奇入墓,×火孛地戸,,〇奇儀相佐;×螣蛇妖矯,×螣蛇妖矯;×天羅;×六儀撃刑格,×入獄自刑,×六儀撃刑格,△格名小蛇;×幼女奸淫,,×青龍折足,,×金華水流,,
陰1局戊午,癸,艮,坤,天芮,死門,子丑,己,乙癸,辛,壬,戊,庚,丙,丁,戊,庚,丙,丁,己,乙癸,辛,壬,天芮,天柱,天心,天蓬,天任,天冲,天輔,天英,直符,九天,九地,朱雀,勾陳,六合,太陰,螣蛇,死門,驚門,開門,休門,生門,傷門,杜門,景門,△犬遇青龍,,×日奇被刑;×太白入網,×飛宮格,×干合孛師,,△干合蛇刑,×六儀撃刑格,×貴人入獄,,△太白蓬星;×反吟大格,×伏宮格,△謀事成就,,〇五神互合,,門迫
陰1局己未,癸,離,坤,天芮,死門,子丑,庚,丙,丁,己,乙癸,辛,壬,戊,戊,庚,丙,丁,己,乙癸,辛,壬,天任,天冲,天輔,天英,天芮,天柱,天心,天蓬,勾陳,六合,太陰,螣蛇,直符,九天,九地,朱雀,生門,傷門,杜門,景門,死門,驚門,開門,休門,×太白伏宮,,×焚入太白,,△星髄月転,,△朱雀入墓,,×日奇入霧;×華蓋地戸,◯乙奇得使;×天羅,×白虎猖狂;×天牢華蓋,×白虎猖狂,×騰蛇相纏,,×龍入天牢,,門迫
陰1局庚申,癸,艮,坤,天芮,死門,子丑,己,乙癸,辛,壬,戊,庚,丙,丁,戊,庚,丙,丁,己,乙癸,辛,壬,天英,天芮,天柱,天心,天蓬,天任,天冲,天輔,螣蛇,直符,九天,九地,朱雀,勾陳,六合,太陰,景門,死門,驚門,開門,休門,生門,傷門,杜門,△犬遇青龍,,×日奇被刑;×太白入網,×飛宮格;×天羅,×干合孛師,,△干合蛇刑,×六儀撃刑格,×貴人入獄,,△太白蓬星;×反吟大格,×伏宮格,△謀事成就,,〇五神互合,,反吟;門迫
陰1局辛酉,癸,兌,坤,天芮,死門,子丑,壬,戊,庚,丙,丁,己,乙癸,辛,戊,庚,丙,丁,己,乙癸,辛,壬,天心,天蓬,天任,天冲,天輔,天英,天芮,天柱,九地,朱雀,勾陳,六合,太陰,螣蛇,直符,九天,開門,休門,生門,傷門,杜門,景門,死門,驚門,〇小蛇化龍,,×値符飛宮,,×太白入熒,,〇星奇朱雀,,×火入勾陳,,△地戸蓬星;×地刑玄武,×六儀撃刑格,×青龍逃走;×網蓋天牢,×青龍逃走;×天羅,×凶蛇入獄,,
陰1局壬戌,癸,乾,坤,天芮,死門,子丑,辛,壬,戊,庚,丙,丁,己,乙癸,戊,庚,丙,丁,己,乙癸,辛,壬,天柱,天心,天蓬,天任,天冲,天輔,天英,天芮,九天,九地,朱雀,勾陳,六合,太陰,螣蛇,直符,驚門,開門,休門,生門,傷門,杜門,景門,死門,×囚獄被傷,,×太白擒蛇,,〇青龍返首,×六儀撃刑格,△丁丁之格,,△太孛入刑,◯丙奇昇殿,〇人遁吉格;×朱雀投江,×朱雀投江,×遊魂入墓,,×日奇入地;×復見騰蛇,◯乙奇得使;×天羅,門迫
陰1局癸亥,癸,坤,坤,天芮,死門,子丑,戊,庚,丙,丁,己,乙癸,辛,壬,戊,庚,丙,丁,己,乙癸,辛,壬,天蓬,天任,天冲,天輔,天英,天芮,天柱,天心,朱雀,勾陳,六合,太陰,螣蛇,直符,九天,九地,休門,生門,傷門,杜門,景門,死門,驚門,開門,×伏吟,,×太白同宮,×六儀撃刑格,×月奇孛師,,〇奇入太陰,◯丁奇得使,×地戸蓬鬼,,△日奇伏吟;△華蓋蓬星;△華蓋蓬星;×天網四張,×天羅;×乙奇入墓,×伏吟天庭,,×蛇入地羅,,伏吟
陰2局甲子,戊,坤,坤,天芮,死門,戌亥,己,辛,乙,丙,庚,戊丁,壬,癸,己,辛,乙,丙,庚,戊丁,壬,癸,天蓬,天任,天冲,天輔,天英,天芮,天柱,天心,朱雀,勾陳,六合,太陰,螣蛇,直符,九天,九地,休門,生門,傷門,杜門,景門,死門,驚門,開門,×地戸蓬鬼,,×伏吟天庭,,△日奇伏吟,◯乙奇昇殿,×月奇孛師,,×太白同宮,,×伏吟;〇青龍耀明;〇青龍転光;〇奇入太陰,◯玉女守門,×蛇入地羅,,×天網四張,,伏吟
陰2局乙丑,戊,震,坤,天芮,死門,戌亥,丙,庚,戊丁,壬,癸,己,辛,乙,己,辛,乙,丙,庚,戊丁,壬,癸,天輔,天英,天芮,天柱,天心,天蓬,天任,天冲,太陰,螣蛇,直符,九天,九地,朱雀,勾陳,六合,死門,驚門,開門,休門,生門,傷門,杜門,景門,△太孛入刑,◯丙奇得使,×白虎干格,×六儀撃刑格,△青龍合霊;〇人遁吉格,×六儀撃刑格,×水蛇入火,×六儀撃刑格,×太白入網,,△犬遇青龍;△朱雀入墓,×六儀撃刑格,×凶蛇入獄,,△華蓋蓬星,◯乙奇得使,門迫
陰2局丙寅,戊,巽,坤,天芮,死門,戌亥,乙,丙,庚,戊丁,壬,癸,己,辛,己,辛,乙,丙,庚,戊丁,壬,癸,天冲,天輔,天英,天芮,天柱,天心,天蓬,天任,六合,太陰,螣蛇,直符,九天,九地,朱雀,勾陳,生門,傷門,杜門,景門,死門,驚門,開門,休門,×日奇入霧,,△謀事成就,,△太白蓬星,,〇青龍返首;△星髄月転,◯丁奇得使,×太白擒蛇,,〇天乙会合;×螣蛇妖矯,×螣蛇妖矯,×地網高張,,×天牢華蓋,,門迫
陰2局丁卯,戊,坤,坤,天芮,死門,戌亥,己,辛,乙,丙,庚,戊丁,壬,癸,己,辛,乙,丙,庚,戊丁,壬,癸,天蓬,天任,天冲,天輔,天英,天芮,天柱,天心,朱雀,勾陳,六合,太陰,螣蛇,直符,九天,九地,景門,死門,驚門,開門,休門,生門,傷門,杜門,×地戸蓬鬼,,×伏吟天庭,,△日奇伏吟,◯乙奇昇殿,×月奇孛師,,×太白同宮,,×伏吟;〇青龍耀明;〇青龍転光;〇奇入太陰,,×蛇入地羅,,×天網四張,,伏吟;反吟;門迫
陰2局戊辰,戊,坤,坤,天芮,死門,戌亥,己,辛,乙,丙,庚,戊丁,壬,癸,己,辛,乙,丙,庚,戊丁,壬,癸,天蓬,天任,天冲,天輔,天英,天芮,天柱,天心,朱雀,勾陳,六合,太陰,螣蛇,直符,九天,九地,開門,休門,生門,傷門,杜門,景門,死門,驚門,×地戸蓬鬼,,×伏吟天庭,,△日奇伏吟,◯乙奇昇殿,×月奇孛師,,×太白同宮,,×伏吟;〇青龍耀明;〇青龍転光;〇奇入太陰,,×蛇入地羅,,×天網四張,,伏吟
陰2局己巳,戊,坎,坤,天芮,死門,戌亥,戊丁,壬,癸,己,辛,乙,丙,庚,己,辛,乙,丙,庚,戊丁,壬,癸,天芮,天柱,天心,天蓬,天任,天冲,天輔,天英,直符,九天,九地,朱雀,勾陳,六合,太陰,螣蛇,驚門,開門,休門,生門,傷門,杜門,景門,死門,×貴人入獄;×火入勾陳,,×騰蛇相纏,,△華蓋蓬星,,×火孛地戸,,×白虎出力,×六儀撃刑格,×利陰害陽;〇奇儀相佐,×乙奇入墓,×火入天羅,,×反吟大格,,門迫
陰2局庚午,戊,離,坤,天芮,死門,戌亥,辛,乙,丙,庚,戊丁,壬,癸,己,己,辛,乙,丙,庚,戊丁,壬,癸,天任,天冲,天輔,天英,天芮,天柱,天心,天蓬,勾陳,六合,太陰,螣蛇,直符,九天,九地,朱雀,休門,生門,傷門,杜門,景門,死門,驚門,開門,×入獄自刑,,×青龍逃走,◯雲遁;×青龍逃走,〇日月併用,,×太白入熒,,×値符飛宮;△朱雀入没,×飛宮格,〇小蛇化龍;△干合蛇刑,,×復見騰蛇,,×地刑玄武,,
陰2局辛未,戊,艮,坤,天芮,死門,戌亥,庚,戊丁,壬,癸,己,辛,乙,丙,己,辛,乙,丙,庚,戊丁,壬,癸,天英,天芮,天柱,天心,天蓬,天任,天冲,天輔,螣蛇,直符,九天,九地,朱雀,勾陳,六合,太陰,傷門,杜門,景門,死門,驚門,開門,休門,生門,×官符刑格,×刑格,×青龍折足;×朱雀入獄,◯丁奇得使;×丁奇入墓,△格名小蛇,,〇華蓋孛師,×六儀撃刑格,×刑格返名,,×囚獄被傷;〇獄神得奇,,×日奇入地,,×華蓋孛師,×丙奇入墓,反吟;門迫
陰2局壬申,戊,兌,坤,天芮,死門,戌亥,癸,己,辛,乙,丙,庚,戊丁,壬,己,辛,乙,丙,庚,戊丁,壬,癸,天心,天蓬,天任,天冲,天輔,天英,天芮,天柱,九地,朱雀,勾陳,六合,太陰,螣蛇,直符,九天,杜門,景門,死門,驚門,開門,休門,生門,傷門,×華蓋地戸,,×遊魂入墓,,×白虎猖狂,×白虎猖狂,〇奇儀順遂,,×焚入太白,◯丙奇昇殿,×太白伏宮;△丁丁之格,×伏宮格,×龍入天牢;〇五神互合,◯丁奇昇殿,×幼女奸淫,,門迫
陰2局癸酉,戊,壬,坤,天芮,死門,戌亥,壬,癸,己,辛,乙,丙,庚,戊丁,己,辛,乙,丙,庚,戊丁,壬,癸,天柱,天心,天蓬,天任,天冲,天輔,天英,天芮,九天,九地,朱雀,勾陳,六合,太陰,螣蛇,直符,休門,生門,傷門,杜門,景門,死門,驚門,開門,×凶蛇入獄,,×網蓋天牢,,△地戸蓬星,,×干合孛師,,×日奇被刑,◯乙奇得使,〇飛鳥跌穴;〇星奇朱雀,◯丙奇得使,×金華水流,,△青龍華蓋;×朱雀投江,×朱雀投江,
陰2局甲戌,己,坎,坎,天蓬,休門,申酉,己,辛,乙,丙,庚,戊丁,壬,癸,己,辛,乙,丙,庚,戊丁,壬,癸,天蓬,天任,天冲,天輔,天英,天芮,天柱,天心,直符,九天,九地,朱雀,勾陳,六合,太陰,螣蛇,休門,生門,傷門,杜門,景門,死門,驚門,開門,×地戸蓬鬼,,×伏吟天庭,,△日奇伏吟,◯乙奇昇殿,×月奇孛師,,×太白同宮,,×伏吟;〇青龍耀明;〇青龍転光;〇奇入太陰,,×蛇入地羅,,×天網四張,,伏吟
陰2局乙亥,己,震,坎,天蓬,休門,申酉,壬,癸,己,辛,乙,丙,庚,戊丁,己,辛,乙,丙,庚,戊丁,壬,癸,天柱,天心,天蓬,天任,天冲,天輔,天英,天芮,太陰,螣蛇,直符,九天,九地,朱雀,勾陳,六合,景門,死門,驚門,開門,休門,生門,傷門,杜門,×凶蛇入獄,,×網蓋天牢,,△地戸蓬星,,×干合孛師,,×日奇被刑,◯乙奇得使,〇飛鳥跌穴;〇星奇朱雀,◯天遁;◯丙奇得使,×金華水流,,△青龍華蓋;×朱雀投江,×朱雀投江,反吟;門迫
陰2局丙子,己,巽,坎,天蓬,休門,申酉,戊丁,壬,癸,己,辛,乙,丙,庚,己,辛,乙,丙,庚,戊丁,壬,癸,天芮,天柱,天心,天蓬,天任,天冲,天輔,天英,六合,太陰,螣蛇,直符,九天,九地,朱雀,勾陳,開門,休門,生門,傷門,杜門,景門,死門,驚門,×貴人入獄;×火入勾陳,,×騰蛇相纏,,△華蓋蓬星,,×火孛地戸,,×白虎出力,×六儀撃刑格,×利陰害陽;〇奇儀相佐,×乙奇入墓,×火入天羅,,×反吟大格,,
陰2局丁丑,己,坤,坎,天蓬,休門,申酉,丙,庚,戊丁,壬,癸,己,辛,乙,己,辛,乙,丙,庚,戊丁,壬,癸,天輔,天英,天芮,天柱,天心,天蓬,天任,天冲,朱雀,勾陳,六合,太陰,螣蛇,直符,九天,九地,傷門,杜門,景門,死門,驚門,開門,休門,生門,△太孛入刑,◯丙奇得使,×白虎干格,×六儀撃刑格,△青龍合霊;〇人遁吉格,×六儀撃刑格,×水蛇入火,×六儀撃刑格,×太白入網,,△犬遇青龍;△朱雀入墓,×六儀撃刑格,×凶蛇入獄,,△華蓋蓬星,◯乙奇得使,門迫
陰2局戊寅,己,坤,坎,天蓬,休門,申酉,丙,庚,戊丁,壬,癸,己,辛,乙,己,辛,乙,丙,庚,戊丁,壬,癸,天輔,天英,天芮,天柱,天心,天蓬,天任,天冲,朱雀,勾陳,六合,太陰,螣蛇,直符,九天,九地,生門,傷門,杜門,景門,死門,驚門,開門,休門,△太孛入刑,◯丙奇得使,×白虎干格,×六儀撃刑格,△青龍合霊;〇人遁吉格,×六儀撃刑格,×水蛇入火,×六儀撃刑格,×太白入網,,△犬遇青龍;△朱雀入墓,×六儀撃刑格,×凶蛇入獄,,△華蓋蓬星,◯乙奇得使,門迫
陰2局己卯,己,坎,坎,天蓬,休門,申酉,己,辛,乙,丙,庚,戊丁,壬,癸,己,辛,乙,丙,庚,戊丁,壬,癸,天蓬,天任,天冲,天輔,天英,天芮,天柱,天心,直符,九天,九地,朱雀,勾陳,六合,太陰,螣蛇,杜門,景門,死門,驚門,開門,休門,生門,傷門,×地戸蓬鬼,,×伏吟天庭,,△日奇伏吟,◯乙奇昇殿,×月奇孛師,,×太白同宮,,×伏吟;〇青龍耀明;〇青龍転光;〇奇入太陰,◯玉女守門,×蛇入地羅,,×天網四張,,伏吟;門迫
陰2局庚辰,己,離,坎,天蓬,休門,申酉,庚,戊丁,壬,癸,己,辛,乙,丙,己,辛,乙,丙,庚,戊丁,壬,癸,天英,天芮,天柱,天心,天蓬,天任,天冲,天輔,勾陳,六合,太陰,螣蛇,直符,九天,九地,朱雀,死門,驚門,開門,休門,生門,傷門,杜門,景門,×官符刑格,×伏宮格;×刑格,×青龍折足;×朱雀入獄,◯丁奇得使;×丁奇入墓,△格名小蛇,,〇華蓋孛師,×六儀撃刑格,×刑格返名,×飛宮格,×囚獄被傷;〇獄神得奇,,×日奇入地,◯鬼遁,×華蓋孛師,×丙奇入墓,反吟;門迫
陰2局辛巳,己,艮,坎,天蓬,休門,申酉,癸,己,辛,乙,丙,庚,戊丁,壬,己,辛,乙,丙,庚,戊丁,壬,癸,天心,天蓬,天任,天冲,天輔,天英,天芮,天柱,螣蛇,直符,九天,九地,朱雀,勾陳,六合,太陰,驚門,開門,休門,生門,傷門,杜門,景門,死門,×華蓋地戸,,×遊魂入墓,,×白虎猖狂,×白虎猖狂,〇奇儀順遂,◯風遁,×焚入太白,◯丙奇昇殿,×太白伏宮;△丁丁之格,,×龍入天牢;〇五神互合,◯丁奇昇殿,×幼女奸淫,,門迫
陰2局壬午,己,兌,坎,天蓬,休門,申酉,乙,丙,庚,戊丁,壬,癸,己,辛,己,辛,乙,丙,庚,戊丁,壬,癸,天冲,天輔,天英,天芮,天柱,天心,天蓬,天任,九地,朱雀,勾陳,六合,太陰,螣蛇,直符,九天,杜門,景門,死門,驚門,開門,休門,生門,傷門,×日奇入霧,◯鬼遁,△謀事成就,,△太白蓬星,,〇青龍返首;△星髄月転,◯丁奇得使,×太白擒蛇,,〇天乙会合;×螣蛇妖矯,×螣蛇妖矯,×地網高張,,×天牢華蓋,,門迫
陰2局癸未,己,壬,坎,天蓬,休門,申酉,辛,乙,丙,庚,戊丁,壬,癸,己,己,辛,乙,丙,庚,戊丁,壬,癸,天任,天冲,天輔,天英,天芮,天柱,天心,天蓬,九天,九地,朱雀,勾陳,六合,太陰,螣蛇,直符,休門,生門,傷門,杜門,景門,死門,驚門,開門,×入獄自刑,,×青龍逃走,◯雲遁;×青龍逃走,〇日月併用,,×太白入熒,,×値符飛宮;△朱雀入没,,〇小蛇化龍;△干合蛇刑,,×復見騰蛇,,×地刑玄武,,
陰2局甲申,庚,離,離,天英,景門,午未,己,辛,乙,丙,庚,戊丁,壬,癸,己,辛,乙,丙,庚,戊丁,壬,癸,天蓬,天任,天冲,天輔,天英,天芮,天柱,天心,勾陳,六合,太陰,螣蛇,直符,九天,九地,朱雀,休門,生門,傷門,杜門,景門,死門,驚門,開門,×地戸蓬鬼,,×伏吟天庭,,△日奇伏吟,◯乙奇昇殿,×月奇孛師,,×太白同宮,×伏宮格;×飛宮格,×伏吟;〇青龍耀明;〇青龍転光;〇奇入太陰,,×蛇入地羅,,×天網四張,,伏吟
陰2局乙酉,庚,震,離,天英,景門,午未,乙,丙,庚,戊丁,壬,癸,己,辛,己,辛,乙,丙,庚,戊丁,壬,癸,天冲,天輔,天英,天芮,天柱,天心,天蓬,天任,太陰,螣蛇,直符,九天,九地,朱雀,勾陳,六合,杜門,景門,死門,驚門,開門,休門,生門,傷門,×日奇入霧,,△謀事成就,,△太白蓬星,×時格,〇青龍返首;△星髄月転,◯丁奇得使,×太白擒蛇,,〇天乙会合;×螣蛇妖矯,×螣蛇妖矯,×地網高張,,×天牢華蓋,,門迫
陰2局丙戌,庚,巽,離,天英,景門,午未,辛,乙,丙,庚,戊丁,壬,癸,己,己,辛,乙,丙,庚,戊丁,壬,癸,天任,天冲,天輔,天英,天芮,天柱,天心,天蓬,六合,太陰,螣蛇,直符,九天,九地,朱雀,勾陳,驚門,開門,休門,生門,傷門,杜門,景門,死門,×入獄自刑,,×青龍逃走,◯雲遁;×青龍逃走,〇日月併用,,×太白入熒,×時格,×値符飛宮;△朱雀入没,,〇小蛇化龍;△干合蛇刑,,×復見騰蛇,,×地刑玄武,,門迫
陰2局丁亥,庚,坤,離,天英,景門,午未,癸,己,辛,乙,丙,庚,戊丁,壬,己,辛,乙,丙,庚,戊丁,壬,癸,天心,天蓬,天任,天冲,天輔,天英,天芮,天柱,朱雀,勾陳,六合,太陰,螣蛇,直符,九天,九地,死門,驚門,開門,休門,生門,傷門,杜門,景門,×華蓋地戸,,×遊魂入墓,,×白虎猖狂,×白虎猖狂,〇奇儀順遂,◯風遁,×焚入太白,◯丙奇昇殿,×太白伏宮;△丁丁之格,×時格,×龍入天牢;〇五神互合,◯丁奇昇殿,×幼女奸淫,,門迫
陰2局戊子,庚,坤,離,天英,景門,午未,癸,己,辛,乙,丙,庚,戊丁,壬,己,辛,乙,丙,庚,戊丁,壬,癸,天心,天蓬,天任,天冲,天輔,天英,天芮,天柱,朱雀,勾陳,六合,太陰,螣蛇,直符,九天,九地,開門,休門,生門,傷門,杜門,景門,死門,驚門,×華蓋地戸,,×遊魂入墓,,×白虎猖狂,×白虎猖狂,〇奇儀順遂,,×焚入太白,◯丙奇昇殿,×太白伏宮;△丁丁之格,×時格,×龍入天牢;〇五神互合,◯丁奇昇殿,×幼女奸淫,,
陰2局己丑,庚,坎,離,天英,景門,午未,庚,戊丁,壬,癸,己,辛,乙,丙,己,辛,乙,丙,庚,戊丁,壬,癸,天英,天芮,天柱,天心,天蓬,天任,天冲,天輔,直符,九天,九地,朱雀,勾陳,六合,太陰,螣蛇,生門,傷門,杜門,景門,死門,驚門,開門,休門,×官符刑格,×刑格;×時格,×青龍折足;×朱雀入獄,◯丁奇得使;×丁奇入墓,△格名小蛇,,〇華蓋孛師,×六儀撃刑格,×刑格返名,,×囚獄被傷;〇獄神得奇,,×日奇入地,,×華蓋孛師,×丙奇入墓,反吟;門迫
陰2局庚寅,庚,離,離,天英,景門,午未,己,辛,乙,丙,庚,戊丁,壬,癸,己,辛,乙,丙,庚,戊丁,壬,癸,天蓬,天任,天冲,天輔,天英,天芮,天柱,天心,勾陳,六合,太陰,螣蛇,直符,九天,九地,朱雀,傷門,杜門,景門,死門,驚門,開門,休門,生門,×地戸蓬鬼,,×伏吟天庭,,△日奇伏吟,◯乙奇昇殿,×月奇孛師,,×太白同宮,×伏宮格;×飛宮格;×時格,×伏吟;〇青龍耀明;〇青龍転光;〇奇入太陰,,×蛇入地羅,,×天網四張,,伏吟;門迫
陰2局辛卯,庚,艮,離,天英,景門,午未,丙,庚,戊丁,壬,癸,己,辛,乙,己,辛,乙,丙,庚,戊丁,壬,癸,天輔,天英,天芮,天柱,天心,天蓬,天任,天冲,螣蛇,直符,九天,九地,朱雀,勾陳,六合,太陰,開門,休門,生門,傷門,杜門,景門,死門,驚門,△太孛入刑,◯丙奇得使,×白虎干格,×時格;×六儀撃刑格,△青龍合霊;〇人遁吉格,×六儀撃刑格,×水蛇入火,×六儀撃刑格,×太白入網,,△犬遇青龍;△朱雀入墓,×六儀撃刑格,×凶蛇入獄,,△華蓋蓬星,◯乙奇得使,
陰2局壬辰,庚,兌,離,天英,景門,午未,壬,癸,己,辛,乙,丙,庚,戊丁,己,辛,乙,丙,庚,戊丁,壬,癸,天柱,天心,天蓬,天任,天冲,天輔,天英,天芮,九地,朱雀,勾陳,六合,太陰,螣蛇,直符,九天,景門,死門,驚門,開門,休門,生門,傷門,杜門,×凶蛇入獄,,×網蓋天牢,,△地戸蓬星,,×干合孛師,,×日奇被刑,◯乙奇得使,〇飛鳥跌穴;〇星奇朱雀,◯天遁;◯丙奇得使,×金華水流,×時格,△青龍華蓋;×朱雀投江,×朱雀投江,反吟;門迫
陰2局癸巳,庚,壬,離,天英,景門,午未,戊丁,壬,癸,己,辛,乙,丙,庚,己,辛,乙,丙,庚,戊丁,壬,癸,天芮,天柱,天心,天蓬,天任,天冲,天輔,天英,九天,九地,朱雀,勾陳,六合,太陰,螣蛇,直符,休門,生門,傷門,杜門,景門,死門,驚門,開門,×貴人入獄;×火入勾陳,,×騰蛇相纏,,△華蓋蓬星,,×火孛地戸,,×白虎出力,×六儀撃刑格,×利陰害陽;〇奇儀相佐,×乙奇入墓,×火入天羅,,×反吟大格,×時格,
陰2局甲午,辛,艮,艮,天任,生門,辰巳,己,辛,乙,丙,庚,戊丁,壬,癸,己,辛,乙,丙,庚,戊丁,壬,癸,天蓬,天任,天冲,天輔,天英,天芮,天柱,天心,螣蛇,直符,九天,九地,朱雀,勾陳,六合,太陰,休門,生門,傷門,杜門,景門,死門,驚門,開門,×地戸蓬鬼,,×伏吟天庭,,△日奇伏吟,◯乙奇昇殿,×月奇孛師,,×太白同宮,,×伏吟;〇青龍耀明;〇青龍転光;〇奇入太陰,,×蛇入地羅,,×天網四張,,伏吟
陰2局乙未,辛,震,艮,天任,生門,辰巳,癸,己,辛,乙,丙,庚,戊丁,壬,己,辛,乙,丙,庚,戊丁,壬,癸,天心,天蓬,天任,天冲,天輔,天英,天芮,天柱,太陰,螣蛇,直符,九天,九地,朱雀,勾陳,六合,杜門,景門,死門,驚門,開門,休門,生門,傷門,×華蓋地戸,,×遊魂入墓,,×白虎猖狂,×白虎猖狂,〇奇儀順遂,,×焚入太白,◯丙奇昇殿,×太白伏宮;△丁丁之格,,×龍入天牢;〇五神互合,◯丁奇昇殿;◯玉女守門,×幼女奸淫,,門迫
陰2局丙申,辛,巽,艮,天任,生門,辰巳,壬,癸,己,辛,乙,丙,庚,戊丁,己,辛,乙,丙,庚,戊丁,壬,癸,天柱,天心,天蓬,天任,天冲,天輔,天英,天芮,六合,太陰,螣蛇,直符,九天,九地,朱雀,勾陳,傷門,杜門,景門,死門,驚門,開門,休門,生門,×凶蛇入獄,,×網蓋天牢,,△地戸蓬星,,×干合孛師,,×日奇被刑,◯乙奇得使,〇飛鳥跌穴;〇星奇朱雀,◯丙奇得使,×金華水流,,△青龍華蓋;×朱雀投江,◯玉女守門;×朱雀投江,門迫
陰2局丁酉,辛,坤,艮,天任,生門,辰巳,庚,戊丁,壬,癸,己,辛,乙,丙,己,辛,乙,丙,庚,戊丁,壬,癸,天英,天芮,天柱,天心,天蓬,天任,天冲,天輔,朱雀,勾陳,六合,太陰,螣蛇,直符,九天,九地,景門,死門,驚門,開門,休門,生門,傷門,杜門,×官符刑格,×刑格,×青龍折足;×朱雀入獄,◯丁奇得使;×丁奇入墓,△格名小蛇,,〇華蓋孛師,×六儀撃刑格,×刑格返名,,×囚獄被傷;〇獄神得奇,,×日奇入地,,×華蓋孛師,×丙奇入墓,反吟;門迫
陰2局戊戌,辛,坤,艮,天任,生門,辰巳,庚,戊丁,壬,癸,己,辛,乙,丙,己,辛,乙,丙,庚,戊丁,壬,癸,天英,天芮,天柱,天心,天蓬,天任,天冲,天輔,朱雀,勾陳,六合,太陰,螣蛇,直符,九天,九地,驚門,開門,休門,生門,傷門,杜門,景門,死門,×官符刑格,×刑格,×青龍折足;×朱雀入獄,◯丁奇得使;×丁奇入墓,△格名小蛇,,〇華蓋孛師,×六儀撃刑格,×刑格返名,,×囚獄被傷;〇獄神得奇,,×日奇入地,,×華蓋孛師,×丙奇入墓,反吟;門迫
陰2局己亥,辛,坎,艮,天任,生門,辰巳,辛,乙,丙,庚,戊丁,壬,癸,己,己,辛,乙,丙,庚,戊丁,壬,癸,天任,天冲,天輔,天英,天芮,天柱,天心,天蓬,直符,九天,九地,朱雀,勾陳,六合,太陰,螣蛇,開門,休門,生門,傷門,杜門,景門,死門,驚門,×入獄自刑,,×青龍逃走,◯雲遁;◯虎遁;×青龍逃走,〇日月併用,,×太白入熒,,×値符飛宮;△朱雀入没,,〇小蛇化龍;△干合蛇刑,,×復見騰蛇,,×地刑玄武,,
陰2局庚子,辛,離,艮,天任,生門,辰巳,戊丁,壬,癸,己,辛,乙,丙,庚,己,辛,乙,丙,庚,戊丁,壬,癸,天芮,天柱,天心,天蓬,天任,天冲,天輔,天英,勾陳,六合,太陰,螣蛇,直符,九天,九地,朱雀,景門,死門,驚門,開門,休門,生門,傷門,杜門,×貴人入獄;×火入勾陳,,×騰蛇相纏,,△華蓋蓬星,,×火孛地戸,,×白虎出力,×飛宮格;×六儀撃刑格,×利陰害陽;〇奇儀相佐,×乙奇入墓,×火入天羅,,×反吟大格,,反吟;門迫
陰2局辛丑,辛,艮,艮,天任,生門,辰巳,己,辛,乙,丙,庚,戊丁,壬,癸,己,辛,乙,丙,庚,戊丁,壬,癸,天蓬,天任,天冲,天輔,天英,天芮,天柱,天心,螣蛇,直符,九天,九地,朱雀,勾陳,六合,太陰,生門,傷門,杜門,景門,死門,驚門,開門,休門,×地戸蓬鬼,,×伏吟天庭,,△日奇伏吟,◯乙奇昇殿,×月奇孛師,,×太白同宮,,×伏吟;〇青龍耀明;〇青龍転光;〇奇入太陰,,×蛇入地羅,,×天網四張,,伏吟;門迫
陰2局壬寅,辛,兌,艮,天任,生門,辰巳,丙,庚,戊丁,壬,癸,己,辛,乙,己,辛,乙,丙,庚,戊丁,壬,癸,天輔,天英,天芮,天柱,天心,天蓬,天任,天冲,九地,朱雀,勾陳,六合,太陰,螣蛇,直符,九天,死門,驚門,開門,休門,生門,傷門,杜門,景門,△太孛入刑,◯丙奇得使,×白虎干格,×伏宮格;×六儀撃刑格,△青龍合霊;〇人遁吉格,×六儀撃刑格,×水蛇入火,×六儀撃刑格,×太白入網,,△犬遇青龍;△朱雀入墓,×六儀撃刑格,×凶蛇入獄,,△華蓋蓬星,◯乙奇得使,門迫
陰2局癸卯,辛,壬,艮,天任,生門,辰巳,乙,丙,庚,戊丁,壬,癸,己,辛,己,辛,乙,丙,庚,戊丁,壬,癸,天冲,天輔,天英,天芮,天柱,天心,天蓬,天任,九天,九地,朱雀,勾陳,六合,太陰,螣蛇,直符,休門,生門,傷門,杜門,景門,死門,驚門,開門,×日奇入霧,◯龍遁,△謀事成就,,△太白蓬星,,〇青龍返首;△星髄月転,◯丁奇得使,×太白擒蛇,,〇天乙会合;×螣蛇妖矯,×螣蛇妖矯,×地網高張,,×天牢華蓋,,
陰2局甲辰,壬,兌,兌,天柱,驚門,寅卯,己,辛,乙,丙,庚,戊丁,壬,癸,己,辛,乙,丙,庚,戊丁,壬,癸,天蓬,天任,天冲,天輔,天英,天芮,天柱,天心,九地,朱雀,勾陳,六合,太陰,螣蛇,直符,九天,休門,生門,傷門,杜門,景門,死門,驚門,開門,×地戸蓬鬼,,×伏吟天庭,,△日奇伏吟,◯乙奇昇殿,×月奇孛師,,×太白同宮,,×伏吟;〇青龍耀明;〇青龍転光;〇奇入太陰,,×蛇入地羅,,×天網四張,,伏吟
陰2局乙巳,壬,震,兌,天柱,驚門,寅卯,庚,戊丁,壬,癸,己,辛,乙,丙,己,辛,乙,丙,庚,戊丁,壬,癸,天英,天芮,天柱,天心,天蓬,天任,天冲,天輔,太陰,螣蛇,直符,九天,九地,朱雀,勾陳,六合,開門,休門,生門,傷門,杜門,景門,死門,驚門,×官符刑格,×刑格,×青龍折足;×朱雀入獄,◯丁奇得使;×丁奇入墓,△格名小蛇,×地網,〇華蓋孛師,×六儀撃刑格,×刑格返名,,×囚獄被傷;〇獄神得奇,,×日奇入地,,×華蓋孛師,×丙奇入墓,反吟
陰2局丙午,壬,巽,兌,天柱,驚門,寅卯,丙,庚,戊丁,壬,癸,己,辛,乙,己,辛,乙,丙,庚,戊丁,壬,癸,天輔,天英,天芮,天柱,天心,天蓬,天任,天冲,六合,太陰,螣蛇,直符,九天,九地,朱雀,勾陳,生門,傷門,杜門,景門,死門,驚門,開門,休門,△太孛入刑,◯丙奇得使,×白虎干格,×六儀撃刑格,△青龍合霊;〇人遁吉格,×六儀撃刑格,×水蛇入火,×地網;×六儀撃刑格,×太白入網,,△犬遇青龍;△朱雀入墓,×六儀撃刑格,×凶蛇入獄,,△華蓋蓬星,◯乙奇得使,門迫
陰2局丁未,壬,坤,兌,天柱,驚門,寅卯,辛,乙,丙,庚,戊丁,壬,癸,己,己,辛,乙,丙,庚,戊丁,壬,癸,天任,天冲,天輔,天英,天芮,天柱,天心,天蓬,朱雀,勾陳,六合,太陰,螣蛇,直符,九天,九地,杜門,景門,死門,驚門,開門,休門,生門,傷門,×入獄自刑,,×青龍逃走,×青龍逃走,〇日月併用,,×太白入熒,,×値符飛宮;△朱雀入没,,〇小蛇化龍;△干合蛇刑,×地網,×復見騰蛇,,×地刑玄武,,門迫
陰2局戊申,壬,坤,兌,天柱,驚門,寅卯,辛,乙,丙,庚,戊丁,壬,癸,己,己,辛,乙,丙,庚,戊丁,壬,癸,天任,天冲,天輔,天英,天芮,天柱,天心,天蓬,朱雀,勾陳,六合,太陰,螣蛇,直符,九天,九地,景門,死門,驚門,開門,休門,生門,傷門,杜門,×入獄自刑,,×青龍逃走,×青龍逃走,〇日月併用,,×太白入熒,,×値符飛宮;△朱雀入没,,〇小蛇化龍;△干合蛇刑,×地網,×復見騰蛇,,×地刑玄武,,反吟;門迫
陰2局己酉,壬,坎,兌,天柱,驚門,寅卯,壬,癸,己,辛,乙,丙,庚,戊丁,己,辛,乙,丙,庚,戊丁,壬,癸,天柱,天心,天蓬,天任,天冲,天輔,天英,天芮,直符,九天,九地,朱雀,勾陳,六合,太陰,螣蛇,生門,傷門,杜門,景門,死門,驚門,開門,休門,×凶蛇入獄,×地網,×網蓋天牢,,△地戸蓬星,,×干合孛師,,×日奇被刑,◯乙奇得使,〇飛鳥跌穴;〇星奇朱雀,◯丙奇得使,×金華水流,×伏宮格,△青龍華蓋;×朱雀投江,×朱雀投江,門迫
陰2局庚戌,壬,離,兌,天柱,驚門,寅卯,乙,丙,庚,戊丁,壬,癸,己,辛,己,辛,乙,丙,庚,戊丁,壬,癸,天冲,天輔,天英,天芮,天柱,天心,天蓬,天任,勾陳,六合,太陰,螣蛇,直符,九天,九地,朱雀,驚門,開門,休門,生門,傷門,杜門,景門,死門,×日奇入霧,,△謀事成就,,△太白蓬星,,〇青龍返首;△星髄月転,◯丁奇得使,×太白擒蛇,×飛宮格;×地網,〇天乙会合;×螣蛇妖矯,×螣蛇妖矯,×地網高張,,×天牢華蓋,,門迫
陰2局辛亥,壬,艮,兌,天柱,驚門,寅卯,戊丁,壬,癸,己,辛,乙,丙,庚,己,辛,乙,丙,庚,戊丁,壬,癸,天芮,天柱,天心,天蓬,天任,天冲,天輔,天英,螣蛇,直符,九天,九地,朱雀,勾陳,六合,太陰,傷門,杜門,景門,死門,驚門,開門,休門,生門,×貴人入獄;×火入勾陳,,×騰蛇相纏,×地網,△華蓋蓬星,,×火孛地戸,,×白虎出力,×六儀撃刑格,×利陰害陽;〇奇儀相佐,◯雲遁;×乙奇入墓,×火入天羅,,×反吟大格,,門迫
陰2局壬子,壬,兌,兌,天柱,驚門,寅卯,己,辛,乙,丙,庚,戊丁,壬,癸,己,辛,乙,丙,庚,戊丁,壬,癸,天蓬,天任,天冲,天輔,天英,天芮,天柱,天心,九地,朱雀,勾陳,六合,太陰,螣蛇,直符,九天,死門,驚門,開門,休門,生門,傷門,杜門,景門,×地戸蓬鬼,,×伏吟天庭,,△日奇伏吟,◯乙奇昇殿,×月奇孛師,,×太白同宮,,×伏吟;〇青龍耀明;〇青龍転光;〇奇入太陰,,×蛇入地羅,×地網,×天網四張,,伏吟;門迫
陰2局癸丑,壬,壬,兌,天柱,驚門,寅卯,癸,己,辛,乙,丙,庚,戊丁,壬,己,辛,乙,丙,庚,戊丁,壬,癸,天心,天蓬,天任,天冲,天輔,天英,天芮,天柱,九天,九地,朱雀,勾陳,六合,太陰,螣蛇,直符,休門,生門,傷門,杜門,景門,死門,驚門,開門,×華蓋地戸,,×遊魂入墓,,×白虎猖狂,×白虎猖狂,〇奇儀順遂,,×焚入太白,◯丙奇昇殿,×太白伏宮;△丁丁之格,,×龍入天牢;〇五神互合,◯丁奇昇殿;◯玉女守門,×幼女奸淫,×地網,
陰2局甲寅,癸,壬,乾,天心,開門,子丑,己,辛,乙,丙,庚,戊丁,壬,癸,己,辛,乙,丙,庚,戊丁,壬,癸,天蓬,天任,天冲,天輔,天英,天芮,天柱,天心,九天,九地,朱雀,勾陳,六合,太陰,螣蛇,直符,休門,生門,傷門,杜門,景門,死門,驚門,開門,×地戸蓬鬼,,×伏吟天庭,,△日奇伏吟,◯乙奇昇殿,×月奇孛師,,×太白同宮,,×伏吟;〇青龍耀明;〇青龍転光;〇奇入太陰,,×蛇入地羅,,×天網四張,,伏吟
陰2局乙卯,癸,震,乾,天心,開門,子丑,戊丁,壬,癸,己,辛,乙,丙,庚,己,辛,乙,丙,庚,戊丁,壬,癸,天芮,天柱,天心,天蓬,天任,天冲,天輔,天英,太陰,螣蛇,直符,九天,九地,朱雀,勾陳,六合,傷門,杜門,景門,死門,驚門,開門,休門,生門,×貴人入獄;×火入勾陳,,×騰蛇相纏,,△華蓋蓬星,×天羅,×火孛地戸,,×白虎出力,×六儀撃刑格,×利陰害陽;〇奇儀相佐,◯雲遁;×乙奇入墓,×火入天羅,,×反吟大格,×伏宮格,門迫
陰2局丙辰,癸,巽,乾,天心,開門,子丑,庚,戊丁,壬,癸,己,辛,乙,丙,己,辛,乙,丙,庚,戊丁,壬,癸,天英,天芮,天柱,天心,天蓬,天任,天冲,天輔,六合,太陰,螣蛇,直符,九天,九地,朱雀,勾陳,景門,死門,驚門,開門,休門,生門,傷門,杜門,×官符刑格,×刑格,×青龍折足;×朱雀入獄,◯丁奇得使;×丁奇入墓,△格名小蛇,,〇華蓋孛師,×天羅;×六儀撃刑格,×刑格返名,,×囚獄被傷;〇獄神得奇,,×日奇入地,,×華蓋孛師,×丙奇入墓,反吟;門迫
陰2局丁巳,癸,坤,乾,天心,開門,子丑,乙,丙,庚,戊丁,壬,癸,己,辛,己,辛,乙,丙,庚,戊丁,壬,癸,天冲,天輔,天英,天芮,天柱,天心,天蓬,天任,朱雀,勾陳,六合,太陰,螣蛇,直符,九天,九地,死門,驚門,開門,休門,生門,傷門,杜門,景門,×日奇入霧,,△謀事成就,,△太白蓬星,,〇青龍返首;△星髄月転,◯人遁;◯丁奇得使,×太白擒蛇,,〇天乙会合;×螣蛇妖矯,×螣蛇妖矯;×天羅,×地網高張,,×天牢華蓋,,門迫
陰2局戊午,癸,坤,乾,天心,開門,子丑,乙,丙,庚,戊丁,壬,癸,己,辛,己,辛,乙,丙,庚,戊丁,壬,癸,天冲,天輔,天英,天芮,天柱,天心,天蓬,天任,朱雀,勾陳,六合,太陰,螣蛇,直符,九天,九地,傷門,杜門,景門,死門,驚門,開門,休門,生門,×日奇入霧,,△謀事成就,,△太白蓬星,,〇青龍返首;△星髄月転,◯丁奇得使,×太白擒蛇,,〇天乙会合;×螣蛇妖矯,×螣蛇妖矯;×天羅,×地網高張,,×天牢華蓋,,門迫
陰2局己未,癸,坎,乾,天心,開門,子丑,癸,己,辛,乙,丙,庚,戊丁,壬,己,辛,乙,丙,庚,戊丁,壬,癸,天心,天蓬,天任,天冲,天輔,天英,天芮,天柱,直符,九天,九地,朱雀,勾陳,六合,太陰,螣蛇,開門,休門,生門,傷門,杜門,景門,死門,驚門,×華蓋地戸,×天羅,×遊魂入墓,,×白虎猖狂,×白虎猖狂,〇奇儀順遂,,×焚入太白,◯丙奇昇殿,×太白伏宮;△丁丁之格,,×龍入天牢;〇五神互合,◯丁奇昇殿,×幼女奸淫,,
陰2局庚申,癸,離,乾,天心,開門,子丑,丙,庚,戊丁,壬,癸,己,辛,乙,己,辛,乙,丙,庚,戊丁,壬,癸,天輔,天英,天芮,天柱,天心,天蓬,天任,天冲,勾陳,六合,太陰,螣蛇,直符,九天,九地,朱雀,杜門,景門,死門,驚門,開門,休門,生門,傷門,△太孛入刑,◯丙奇得使,×白虎干格,×六儀撃刑格,△青龍合霊;〇人遁吉格,×六儀撃刑格,×水蛇入火,×六儀撃刑格,×太白入網,×飛宮格;×天羅,△犬遇青龍;△朱雀入墓,×六儀撃刑格,×凶蛇入獄,,△華蓋蓬星,◯乙奇得使,門迫
陰2局辛酉,癸,艮,乾,天心,開門,子丑,壬,癸,己,辛,乙,丙,庚,戊丁,己,辛,乙,丙,庚,戊丁,壬,癸,天柱,天心,天蓬,天任,天冲,天輔,天英,天芮,螣蛇,直符,九天,九地,朱雀,勾陳,六合,太陰,驚門,開門,休門,生門,傷門,杜門,景門,死門,×凶蛇入獄,,×網蓋天牢,×天羅,△地戸蓬星,,×干合孛師,,×日奇被刑,◯乙奇得使,〇飛鳥跌穴;〇星奇朱雀,◯丙奇得使,×金華水流,,△青龍華蓋;×朱雀投江,×朱雀投江,門迫
陰2局壬戌,癸,兌,乾,天心,開門,子丑,辛,乙,丙,庚,戊丁,壬,癸,己,己,辛,乙,丙,庚,戊丁,壬,癸,天任,天冲,天輔,天英,天芮,天柱,天心,天蓬,九地,朱雀,勾陳,六合,太陰,螣蛇,直符,九天,生門,傷門,杜門,景門,死門,驚門,開門,休門,×入獄自刑,,×青龍逃走,×青龍逃走,〇日月併用,,×太白入熒,,×値符飛宮;△朱雀入没,,〇小蛇化龍;△干合蛇刑,,×復見騰蛇,×天羅,×地刑玄武,,門迫
陰2局癸亥,癸,壬,乾,天心,開門,子丑,己,辛,乙,丙,庚,戊丁,壬,癸,己,辛,乙,丙,庚,戊丁,壬,癸,天蓬,天任,天冲,天輔,天英,天芮,天柱,天心,九天,九地,朱雀,勾陳,六合,太陰,螣蛇,直符,休門,生門,傷門,杜門,景門,死門,驚門,開門,×地戸蓬鬼,,×伏吟天庭,,△日奇伏吟,◯乙奇昇殿,×月奇孛師,,×太白同宮,,×伏吟;〇青龍耀明;〇青龍転光;〇奇入太陰,,×蛇入地羅,,×天網四張,×天羅,伏吟
陰3局甲子,戊,震,震,天冲,傷門,戌亥,庚,壬,戊,乙,辛,己丙,癸,丁,庚,壬,戊,乙,辛,己丙,癸,丁,天蓬,天任,天冲,天輔,天英,天芮,天柱,天心,太陰,螣蛇,直符,九天,九地,朱雀,勾陳,六合,休門,生門,傷門,杜門,景門,死門,驚門,開門,×太白同宮,,×蛇入地羅,,×伏吟,×六儀撃刑格,△日奇伏吟,,×伏吟天庭,×六儀撃刑格,×地戸蓬鬼;×火孛地戸;△太孛入刑;×月奇孛師,◯丙奇得使;×六儀撃刑格,×天網四張,,〇奇入太陰,,伏吟
陰3局乙丑,戊,巽,震,天冲,傷門,戌亥,丁,庚,壬,戊,乙,辛,己丙,癸,庚,壬,戊,乙,辛,己丙,癸,丁,天任,天冲,天輔,天英,天芮,天柱,天心,天蓬,六合,太陰,螣蛇,直符,九天,九地,朱雀,勾陳,死門,驚門,開門,休門,生門,傷門,杜門,景門,△朱雀入没,,×金華水流,×六儀撃刑格,〇小蛇化龍,,△青龍合霊,,×青龍逃走,◯雲遁;◯乙奇得使;×青龍逃走,×入獄自刑;×干合孛師,,×地刑玄武;×華蓋孛師,,×螣蛇妖矯,×螣蛇妖矯,門迫
陰3局丙寅,戊,坤,震,天冲,傷門,戌亥,己丙,癸,丁,庚,壬,戊,乙,辛,庚,壬,戊,乙,辛,己丙,癸,丁,天芮,天柱,天心,天蓬,天任,天冲,天輔,天英,朱雀,勾陳,六合,太陰,螣蛇,直符,九天,九地,傷門,杜門,景門,死門,驚門,開門,休門,生門,×刑格返名;×焚入太白,◯丙奇得使,×復見騰蛇,,〇青龍転光,,△太白蓬星,,×騰蛇相纏,,×貴人入獄;〇青龍返首,,△華蓋蓬星,,〇獄神得奇,,門迫
陰3局丁卯,戊,壬,震,天冲,傷門,戌亥,乙,辛,己丙,癸,丁,庚,壬,戊,庚,壬,戊,乙,辛,己丙,癸,丁,天輔,天英,天芮,天柱,天心,天蓬,天任,天冲,九天,九地,朱雀,勾陳,六合,太陰,螣蛇,直符,驚門,開門,休門,生門,傷門,杜門,景門,死門,×日奇被刑,,×凶蛇入獄,,△犬遇青龍;〇飛鳥跌穴,,△華蓋蓬星,×六儀撃刑格,×朱雀入獄,◯玉女守門,×官符刑格;×太白入熒,×刑格,×幼女奸淫,,〇青龍耀明,,門迫
陰3局戊辰,戊,震,震,天冲,傷門,戌亥,庚,壬,戊,乙,辛,己丙,癸,丁,庚,壬,戊,乙,辛,己丙,癸,丁,天蓬,天任,天冲,天輔,天英,天芮,天柱,天心,太陰,螣蛇,直符,九天,九地,朱雀,勾陳,六合,生門,傷門,杜門,景門,死門,驚門,開門,休門,×太白同宮,,×蛇入地羅,,×伏吟,×六儀撃刑格,△日奇伏吟,,×伏吟天庭,×六儀撃刑格,×地戸蓬鬼;×火孛地戸;△太孛入刑;×月奇孛師,◯丙奇得使;×六儀撃刑格,×天網四張,,〇奇入太陰,,伏吟;門迫
陰3局己巳,戊,坤,震,天冲,傷門,戌亥,己丙,癸,丁,庚,壬,戊,乙,辛,庚,壬,戊,乙,辛,己丙,癸,丁,天芮,天柱,天心,天蓬,天任,天冲,天輔,天英,朱雀,勾陳,六合,太陰,螣蛇,直符,九天,九地,景門,死門,驚門,開門,休門,生門,傷門,杜門,×刑格返名;×焚入太白,◯丙奇得使,×復見騰蛇,,〇青龍転光,,△太白蓬星,,×騰蛇相纏,,×貴人入獄;〇青龍返首,,△華蓋蓬星,,〇獄神得奇,,反吟;門迫
陰3局庚午,戊,坎,震,天冲,傷門,戌亥,戊,乙,辛,己丙,癸,丁,庚,壬,庚,壬,戊,乙,辛,己丙,癸,丁,天冲,天輔,天英,天芮,天柱,天心,天蓬,天任,直符,九天,九地,朱雀,勾陳,六合,太陰,螣蛇,杜門,景門,死門,驚門,開門,休門,生門,傷門,×値符飛宮,×飛宮格,×日奇入地,,×囚獄被傷,,△地戸蓬星;〇日月併用,,×網蓋天牢,,×火入勾陳;△星髄月転,,×反吟大格,,△干合蛇刑,,門迫
陰3局辛未,戊,離,震,天冲,傷門,戌亥,癸,丁,庚,壬,戊,乙,辛,己丙,庚,壬,戊,乙,辛,己丙,癸,丁,天柱,天心,天蓬,天任,天冲,天輔,天英,天芮,勾陳,六合,太陰,螣蛇,直符,九天,九地,朱雀,死門,驚門,開門,休門,生門,傷門,杜門,景門,×太白入網,,〇五神互合,◯丁奇得使;×丁奇入墓,×太白伏宮,×伏宮格,△格名小蛇,×六儀撃刑格,×青龍折足,,×日奇入霧;〇奇儀順遂,×乙奇入墓,×天牢華蓋,,△朱雀入墓;〇星奇朱雀,×丙奇入墓,門迫
陰3局壬申,戊,艮,震,天冲,傷門,戌亥,壬,戊,乙,辛,己丙,癸,丁,庚,庚,壬,戊,乙,辛,己丙,癸,丁,天任,天冲,天輔,天英,天芮,天柱,天心,天蓬,螣蛇,直符,九天,九地,朱雀,勾陳,六合,太陰,開門,休門,生門,傷門,杜門,景門,死門,驚門,×太白擒蛇,,×龍入天牢,,×利陰害陽,◯乙奇昇殿,×白虎猖狂,×白虎猖狂,×遊魂入墓;△謀事成就,◯丙奇昇殿,×華蓋地戸;〇華蓋孛師,,×朱雀投江,◯丁奇昇殿;×朱雀投江,△丁丁之格,,
陰3局癸酉,戊,兌,震,天冲,傷門,戌亥,辛,己丙,癸,丁,庚,壬,戊,乙,庚,壬,戊,乙,辛,己丙,癸,丁,天英,天芮,天柱,天心,天蓬,天任,天冲,天輔,九地,朱雀,勾陳,六合,太陰,螣蛇,直符,九天,休門,生門,傷門,杜門,景門,死門,驚門,開門,×白虎出力,,×地網高張;×火入天羅,,〇天乙会合,,〇人遁吉格,◯丁奇得使,×白虎干格,,×凶蛇入獄;×水蛇入火,,△青龍華蓋,,〇奇儀相佐,◯乙奇得使,反吟
陰3局甲戌,己,坤,坤,天芮,死門,申酉,庚,壬,戊,乙,辛,己丙,癸,丁,庚,壬,戊,乙,辛,己丙,癸,丁,天蓬,天任,天冲,天輔,天英,天芮,天柱,天心,朱雀,勾陳,六合,太陰,螣蛇,直符,九天,九地,休門,生門,傷門,杜門,景門,死門,驚門,開門,×太白同宮,,×蛇入地羅,,×伏吟,×六儀撃刑格,△日奇伏吟,,×伏吟天庭,×六儀撃刑格,×地戸蓬鬼;×火孛地戸;△太孛入刑;×月奇孛師,◯丙奇得使;×六儀撃刑格,×天網四張,,〇奇入太陰,,伏吟
陰3局乙亥,己,巽,坤,天芮,死門,申酉,戊,乙,辛,己丙,癸,丁,庚,壬,庚,壬,戊,乙,辛,己丙,癸,丁,天冲,天輔,天英,天芮,天柱,天心,天蓬,天任,六合,太陰,螣蛇,直符,九天,九地,朱雀,勾陳,死門,驚門,開門,休門,生門,傷門,杜門,景門,×値符飛宮,,×日奇入地,,×囚獄被傷,,△地戸蓬星;〇日月併用,,×網蓋天牢,,×火入勾陳;△星髄月転,,×反吟大格,,△干合蛇刑,,門迫
陰3局丙子,己,坤,坤,天芮,死門,申酉,庚,壬,戊,乙,辛,己丙,癸,丁,庚,壬,戊,乙,辛,己丙,癸,丁,天蓬,天任,天冲,天輔,天英,天芮,天柱,天心,朱雀,勾陳,六合,太陰,螣蛇,直符,九天,九地,生門,傷門,杜門,景門,死門,驚門,開門,休門,×太白同宮,,×蛇入地羅,,×伏吟,×六儀撃刑格,△日奇伏吟,,×伏吟天庭,×六儀撃刑格,×地戸蓬鬼;×火孛地戸;△太孛入刑;×月奇孛師,◯丙奇得使;×六儀撃刑格,×天網四張,,〇奇入太陰,,伏吟;門迫
陰3局丁丑,己,壬,坤,天芮,死門,申酉,癸,丁,庚,壬,戊,乙,辛,己丙,庚,壬,戊,乙,辛,己丙,癸,丁,天柱,天心,天蓬,天任,天冲,天輔,天英,天芮,九天,九地,朱雀,勾陳,六合,太陰,螣蛇,直符,景門,死門,驚門,開門,休門,生門,傷門,杜門,×太白入網,,〇五神互合,◯丁奇得使;◯玉女守門;×丁奇入墓,×太白伏宮,,△格名小蛇,×六儀撃刑格,×青龍折足,,×日奇入霧;〇奇儀順遂,×乙奇入墓,×天牢華蓋,,△朱雀入墓;〇星奇朱雀,×丙奇入墓,反吟;門迫
陰3局戊寅,己,震,坤,天芮,死門,申酉,乙,辛,己丙,癸,丁,庚,壬,戊,庚,壬,戊,乙,辛,己丙,癸,丁,天輔,天英,天芮,天柱,天心,天蓬,天任,天冲,太陰,螣蛇,直符,九天,九地,朱雀,勾陳,六合,開門,休門,生門,傷門,杜門,景門,死門,驚門,×日奇被刑,,×凶蛇入獄,,△犬遇青龍;〇飛鳥跌穴,,△華蓋蓬星,×六儀撃刑格,×朱雀入獄,,×官符刑格;×太白入熒,×伏宮格;×刑格,×幼女奸淫,,〇青龍耀明,,
陰3局己卯,己,坤,坤,天芮,死門,申酉,庚,壬,戊,乙,辛,己丙,癸,丁,庚,壬,戊,乙,辛,己丙,癸,丁,天蓬,天任,天冲,天輔,天英,天芮,天柱,天心,朱雀,勾陳,六合,太陰,螣蛇,直符,九天,九地,驚門,開門,休門,生門,傷門,杜門,景門,死門,×太白同宮,,×蛇入地羅,,×伏吟,×六儀撃刑格,△日奇伏吟,◯風遁,×伏吟天庭,×六儀撃刑格,×地戸蓬鬼;×火孛地戸;△太孛入刑;×月奇孛師,◯丙奇得使;×六儀撃刑格,×天網四張,,〇奇入太陰,◯玉女守門,伏吟;門迫
陰3局庚辰,己,坎,坤,天芮,死門,申酉,己丙,癸,丁,庚,壬,戊,乙,辛,庚,壬,戊,乙,辛,己丙,癸,丁,天芮,天柱,天心,天蓬,天任,天冲,天輔,天英,直符,九天,九地,朱雀,勾陳,六合,太陰,螣蛇,休門,生門,傷門,杜門,景門,死門,驚門,開門,×刑格返名;×焚入太白,◯丙奇得使;×飛宮格,×復見騰蛇,,〇青龍転光,,△太白蓬星,,×騰蛇相纏,,×貴人入獄;〇青龍返首,,△華蓋蓬星,,〇獄神得奇,,
陰3局辛巳,己,離,坤,天芮,死門,申酉,壬,戊,乙,辛,己丙,癸,丁,庚,庚,壬,戊,乙,辛,己丙,癸,丁,天任,天冲,天輔,天英,天芮,天柱,天心,天蓬,勾陳,六合,太陰,螣蛇,直符,九天,九地,朱雀,傷門,杜門,景門,死門,驚門,開門,休門,生門,×太白擒蛇,,×龍入天牢,,×利陰害陽,◯乙奇昇殿,×白虎猖狂,×白虎猖狂,×遊魂入墓;△謀事成就,◯丙奇昇殿,×華蓋地戸;〇華蓋孛師,,×朱雀投江,◯丁奇昇殿;×朱雀投江,△丁丁之格,,門迫
陰3局壬午,己,艮,坤,天芮,死門,申酉,辛,己丙,癸,丁,庚,壬,戊,乙,庚,壬,戊,乙,辛,己丙,癸,丁,天英,天芮,天柱,天心,天蓬,天任,天冲,天輔,螣蛇,直符,九天,九地,朱雀,勾陳,六合,太陰,杜門,景門,死門,驚門,開門,休門,生門,傷門,×白虎出力,,×地網高張;×火入天羅,,〇天乙会合,,〇人遁吉格,◯丁奇得使,×白虎干格,,×凶蛇入獄;×水蛇入火,,△青龍華蓋,,〇奇儀相佐,◯乙奇得使,反吟;門迫
陰3局癸未,己,兌,坤,天芮,死門,申酉,丁,庚,壬,戊,乙,辛,己丙,癸,庚,壬,戊,乙,辛,己丙,癸,丁,天心,天蓬,天任,天冲,天輔,天英,天芮,天柱,九地,朱雀,勾陳,六合,太陰,螣蛇,直符,九天,休門,生門,傷門,杜門,景門,死門,驚門,開門,△朱雀入没,,×金華水流,×六儀撃刑格,〇小蛇化龍,,△青龍合霊,,×青龍逃走,◯乙奇得使;×青龍逃走,×入獄自刑;×干合孛師,,×地刑玄武;×華蓋孛師,,×螣蛇妖矯,×螣蛇妖矯,
陰3局甲申,庚,坎,坎,天蓬,休門,午未,庚,壬,戊,乙,辛,己丙,癸,丁,庚,壬,戊,乙,辛,己丙,癸,丁,天蓬,天任,天冲,天輔,天英,天芮,天柱,天心,直符,九天,九地,朱雀,勾陳,六合,太陰,螣蛇,休門,生門,傷門,杜門,景門,死門,驚門,開門,×太白同宮,×伏宮格;×飛宮格,×蛇入地羅,,×伏吟,×六儀撃刑格,△日奇伏吟,,×伏吟天庭,×六儀撃刑格,×地戸蓬鬼;×火孛地戸;△太孛入刑;×月奇孛師,◯丙奇得使;×六儀撃刑格,×天網四張,,〇奇入太陰,,伏吟
陰3局乙酉,庚,巽,坎,天蓬,休門,午未,己丙,癸,丁,庚,壬,戊,乙,辛,庚,壬,戊,乙,辛,己丙,癸,丁,天芮,天柱,天心,天蓬,天任,天冲,天輔,天英,六合,太陰,螣蛇,直符,九天,九地,朱雀,勾陳,景門,死門,驚門,開門,休門,生門,傷門,杜門,×刑格返名;×焚入太白,◯丙奇得使,×復見騰蛇,,〇青龍転光,,△太白蓬星,×時格,×騰蛇相纏,,×貴人入獄;〇青龍返首,,△華蓋蓬星,,〇獄神得奇,,反吟;門迫
陰3局丙戌,庚,坤,坎,天蓬,休門,午未,乙,辛,己丙,癸,丁,庚,壬,戊,庚,壬,戊,乙,辛,己丙,癸,丁,天輔,天英,天芮,天柱,天心,天蓬,天任,天冲,朱雀,勾陳,六合,太陰,螣蛇,直符,九天,九地,開門,休門,生門,傷門,杜門,景門,死門,驚門,×日奇被刑,,×凶蛇入獄,,△犬遇青龍;〇飛鳥跌穴,,△華蓋蓬星,×六儀撃刑格,×朱雀入獄,,×官符刑格;×太白入熒,×刑格;×時格,×幼女奸淫,,〇青龍耀明,,
陰3局丁亥,庚,壬,坎,天蓬,休門,午未,壬,戊,乙,辛,己丙,癸,丁,庚,庚,壬,戊,乙,辛,己丙,癸,丁,天任,天冲,天輔,天英,天芮,天柱,天心,天蓬,九天,九地,朱雀,勾陳,六合,太陰,螣蛇,直符,傷門,杜門,景門,死門,驚門,開門,休門,生門,×太白擒蛇,,×龍入天牢,,×利陰害陽,◯乙奇昇殿,×白虎猖狂,×白虎猖狂,×遊魂入墓;△謀事成就,◯丙奇昇殿,×華蓋地戸;〇華蓋孛師,,×朱雀投江,◯丁奇昇殿;◯玉女守門;×朱雀投江,△丁丁之格,×時格,門迫
陰3局戊子,庚,震,坎,天蓬,休門,午未,癸,丁,庚,壬,戊,乙,辛,己丙,庚,壬,戊,乙,辛,己丙,癸,丁,天柱,天心,天蓬,天任,天冲,天輔,天英,天芮,太陰,螣蛇,直符,九天,九地,朱雀,勾陳,六合,生門,傷門,杜門,景門,死門,驚門,開門,休門,×太白入網,,〇五神互合,◯丁奇得使;×丁奇入墓,×太白伏宮,×時格,△格名小蛇,×六儀撃刑格,×青龍折足,,×日奇入霧;〇奇儀順遂,×乙奇入墓,×天牢華蓋,,△朱雀入墓;〇星奇朱雀,×丙奇入墓,門迫
陰3局己丑,庚,坤,坎,天蓬,休門,午未,乙,辛,己丙,癸,丁,庚,壬,戊,庚,壬,戊,乙,辛,己丙,癸,丁,天輔,天英,天芮,天柱,天心,天蓬,天任,天冲,朱雀,勾陳,六合,太陰,螣蛇,直符,九天,九地,杜門,景門,死門,驚門,開門,休門,生門,傷門,×日奇被刑,,×凶蛇入獄,,△犬遇青龍;〇飛鳥跌穴,,△華蓋蓬星,×六儀撃刑格,×朱雀入獄,,×官符刑格;×太白入熒,×刑格;×時格,×幼女奸淫,,〇青龍耀明,,門迫
陰3局庚寅,庚,坎,坎,天蓬,休門,午未,庚,壬,戊,乙,辛,己丙,癸,丁,庚,壬,戊,乙,辛,己丙,癸,丁,天蓬,天任,天冲,天輔,天英,天芮,天柱,天心,直符,九天,九地,朱雀,勾陳,六合,太陰,螣蛇,死門,驚門,開門,休門,生門,傷門,杜門,景門,×太白同宮,×伏宮格;×飛宮格;×時格,×蛇入地羅,,×伏吟,×六儀撃刑格,△日奇伏吟,◯風遁,×伏吟天庭,×六儀撃刑格,×地戸蓬鬼;×火孛地戸;△太孛入刑;×月奇孛師,◯丙奇得使;×六儀撃刑格,×天網四張,,〇奇入太陰,,伏吟;門迫
陰3局辛卯,庚,離,坎,天蓬,休門,午未,辛,己丙,癸,丁,庚,壬,戊,乙,庚,壬,戊,乙,辛,己丙,癸,丁,天英,天芮,天柱,天心,天蓬,天任,天冲,天輔,勾陳,六合,太陰,螣蛇,直符,九天,九地,朱雀,驚門,開門,休門,生門,傷門,杜門,景門,死門,×白虎出力,,×地網高張;×火入天羅,,〇天乙会合,,〇人遁吉格,◯丁奇得使,×白虎干格,×時格,×凶蛇入獄;×水蛇入火,,△青龍華蓋,,〇奇儀相佐,◯乙奇得使,反吟;門迫
陰3局壬辰,庚,艮,坎,天蓬,休門,午未,丁,庚,壬,戊,乙,辛,己丙,癸,庚,壬,戊,乙,辛,己丙,癸,丁,天心,天蓬,天任,天冲,天輔,天英,天芮,天柱,螣蛇,直符,九天,九地,朱雀,勾陳,六合,太陰,杜門,景門,死門,驚門,開門,休門,生門,傷門,△朱雀入没,,×金華水流,×時格;×六儀撃刑格,〇小蛇化龍,,△青龍合霊,,×青龍逃走,◯雲遁;◯乙奇得使;×青龍逃走,×入獄自刑;×干合孛師,,×地刑玄武;×華蓋孛師,,×螣蛇妖矯,×螣蛇妖矯,門迫
陰3局癸巳,庚,兌,坎,天蓬,休門,午未,戊,乙,辛,己丙,癸,丁,庚,壬,庚,壬,戊,乙,辛,己丙,癸,丁,天冲,天輔,天英,天芮,天柱,天心,天蓬,天任,九地,朱雀,勾陳,六合,太陰,螣蛇,直符,九天,休門,生門,傷門,杜門,景門,死門,驚門,開門,×値符飛宮,,×日奇入地,,×囚獄被傷,,△地戸蓬星;〇日月併用,,×網蓋天牢,,×火入勾陳;△星髄月転,,×反吟大格,×時格,△干合蛇刑,,
陰3局甲午,辛,離,離,天英,景門,辰巳,庚,壬,戊,乙,辛,己丙,癸,丁,庚,壬,戊,乙,辛,己丙,癸,丁,天蓬,天任,天冲,天輔,天英,天芮,天柱,天心,勾陳,六合,太陰,螣蛇,直符,九天,九地,朱雀,休門,生門,傷門,杜門,景門,死門,驚門,開門,×太白同宮,,×蛇入地羅,,×伏吟,×六儀撃刑格,△日奇伏吟,,×伏吟天庭,×六儀撃刑格,×地戸蓬鬼;×火孛地戸;△太孛入刑;×月奇孛師,◯丙奇得使;×六儀撃刑格,×天網四張,,〇奇入太陰,,伏吟
陰3局乙未,辛,巽,離,天英,景門,辰巳,壬,戊,乙,辛,己丙,癸,丁,庚,庚,壬,戊,乙,辛,己丙,癸,丁,天任,天冲,天輔,天英,天芮,天柱,天心,天蓬,六合,太陰,螣蛇,直符,九天,九地,朱雀,勾陳,杜門,景門,死門,驚門,開門,休門,生門,傷門,×太白擒蛇,,×龍入天牢,,×利陰害陽,◯乙奇昇殿,×白虎猖狂,×白虎猖狂,×遊魂入墓;△謀事成就,◯丙奇昇殿,×華蓋地戸;〇華蓋孛師,,×朱雀投江,◯丁奇昇殿;×朱雀投江,△丁丁之格,,門迫
陰3局丙申,辛,坤,離,天英,景門,辰巳,丁,庚,壬,戊,乙,辛,己丙,癸,庚,壬,戊,乙,辛,己丙,癸,丁,天心,天蓬,天任,天冲,天輔,天英,天芮,天柱,朱雀,勾陳,六合,太陰,螣蛇,直符,九天,九地,驚門,開門,休門,生門,傷門,杜門,景門,死門,△朱雀入没,,×金華水流,×六儀撃刑格,〇小蛇化龍,,△青龍合霊,,×青龍逃走,◯乙奇得使;×青龍逃走,×入獄自刑;×干合孛師,,×地刑玄武;×華蓋孛師,,×螣蛇妖矯,×螣蛇妖矯,門迫
陰3局丁酉,辛,壬,離,天英,景門,辰巳,己丙,癸,丁,庚,壬,戊,乙,辛,庚,壬,戊,乙,辛,己丙,癸,丁,天芮,天柱,天心,天蓬,天任,天冲,天輔,天英,九天,九地,朱雀,勾陳,六合,太陰,螣蛇,直符,死門,驚門,開門,休門,生門,傷門,杜門,景門,×刑格返名;×焚入太白,◯丙奇得使,×復見騰蛇,,〇青龍転光,,△太白蓬星,,×騰蛇相纏,,×貴人入獄;〇青龍返首,,△華蓋蓬星,,〇獄神得奇,,門迫
陰3局戊戌,辛,震,離,天英,景門,辰巳,戊,乙,辛,己丙,癸,丁,庚,壬,庚,壬,戊,乙,辛,己丙,癸,丁,天冲,天輔,天英,天芮,天柱,天心,天蓬,天任,太陰,螣蛇,直符,九天,九地,朱雀,勾陳,六合,開門,休門,生門,傷門,杜門,景門,死門,驚門,×値符飛宮,,×日奇入地,,×囚獄被傷,,△地戸蓬星;〇日月併用,,×網蓋天牢,,×火入勾陳;△星髄月転,◯玉女守門,×反吟大格,,△干合蛇刑,,
陰3局己亥,辛,坤,離,天英,景門,辰巳,丁,庚,壬,戊,乙,辛,己丙,癸,庚,壬,戊,乙,辛,己丙,癸,丁,天心,天蓬,天任,天冲,天輔,天英,天芮,天柱,朱雀,勾陳,六合,太陰,螣蛇,直符,九天,九地,生門,傷門,杜門,景門,死門,驚門,開門,休門,△朱雀入没,,×金華水流,×六儀撃刑格,〇小蛇化龍,,△青龍合霊,,×青龍逃走,◯乙奇得使;×青龍逃走,×入獄自刑;×干合孛師,,×地刑玄武;×華蓋孛師,,×螣蛇妖矯,×螣蛇妖矯,門迫
陰3局庚子,辛,坎,離,天英,景門,辰巳,辛,己丙,癸,丁,庚,壬,戊,乙,庚,壬,戊,乙,辛,己丙,癸,丁,天英,天芮,天柱,天心,天蓬,天任,天冲,天輔,直符,九天,九地,朱雀,勾陳,六合,太陰,螣蛇,傷門,杜門,景門,死門,驚門,開門,休門,生門,×白虎出力,×飛宮格,×地網高張;×火入天羅,,〇天乙会合,,〇人遁吉格,◯丁奇得使,×白虎干格,×伏宮格,×凶蛇入獄;×水蛇入火,,△青龍華蓋,,〇奇儀相佐,◯乙奇得使,反吟;門迫
陰3局辛丑,辛,離,離,天英,景門,辰巳,庚,壬,戊,乙,辛,己丙,癸,丁,庚,壬,戊,乙,辛,己丙,癸,丁,天蓬,天任,天冲,天輔,天英,天芮,天柱,天心,勾陳,六合,太陰,螣蛇,直符,九天,九地,朱雀,開門,休門,生門,傷門,杜門,景門,死門,驚門,×太白同宮,,×蛇入地羅,,×伏吟,×六儀撃刑格,△日奇伏吟,,×伏吟天庭,×六儀撃刑格,×地戸蓬鬼;×火孛地戸;△太孛入刑;×月奇孛師,◯丙奇得使;×六儀撃刑格,×天網四張,,〇奇入太陰,,伏吟
陰3局壬寅,辛,艮,離,天英,景門,辰巳,乙,辛,己丙,癸,丁,庚,壬,戊,庚,壬,戊,乙,辛,己丙,癸,丁,天輔,天英,天芮,天柱,天心,天蓬,天任,天冲,螣蛇,直符,九天,九地,朱雀,勾陳,六合,太陰,景門,死門,驚門,開門,休門,生門,傷門,杜門,×日奇被刑,,×凶蛇入獄,,△犬遇青龍;〇飛鳥跌穴,,△華蓋蓬星,×六儀撃刑格,×朱雀入獄,,×官符刑格;×太白入熒,×刑格,×幼女奸淫,,〇青龍耀明,,反吟;門迫
陰3局癸卯,辛,兌,離,天英,景門,辰巳,癸,丁,庚,壬,戊,乙,辛,己丙,庚,壬,戊,乙,辛,己丙,癸,丁,天柱,天心,天蓬,天任,天冲,天輔,天英,天芮,九地,朱雀,勾陳,六合,太陰,螣蛇,直符,九天,休門,生門,傷門,杜門,景門,死門,驚門,開門,×太白入網,,〇五神互合,◯丁奇得使;×丁奇入墓,×太白伏宮,,△格名小蛇,×六儀撃刑格,×青龍折足,,×日奇入霧;〇奇儀順遂,×乙奇入墓,×天牢華蓋,,△朱雀入墓;〇星奇朱雀,×丙奇入墓,
陰3局甲辰,壬,艮,艮,天任,生門,寅卯,庚,壬,戊,乙,辛,己丙,癸,丁,庚,壬,戊,乙,辛,己丙,癸,丁,天蓬,天任,天冲,天輔,天英,天芮,天柱,天心,螣蛇,直符,九天,九地,朱雀,勾陳,六合,太陰,休門,生門,傷門,杜門,景門,死門,驚門,開門,×太白同宮,,×蛇入地羅,,×伏吟,×六儀撃刑格,△日奇伏吟,◯鬼遁,×伏吟天庭,×六儀撃刑格,×地戸蓬鬼;×火孛地戸;△太孛入刑;×月奇孛師,◯丙奇得使;×六儀撃刑格,×天網四張,,〇奇入太陰,,伏吟
陰3局乙巳,壬,巽,艮,天任,生門,寅卯,癸,丁,庚,壬,戊,乙,辛,己丙,庚,壬,戊,乙,辛,己丙,癸,丁,天柱,天心,天蓬,天任,天冲,天輔,天英,天芮,六合,太陰,螣蛇,直符,九天,九地,朱雀,勾陳,杜門,景門,死門,驚門,開門,休門,生門,傷門,×太白入網,,〇五神互合,◯丁奇得使;×丁奇入墓,×太白伏宮,,△格名小蛇,×地網;×六儀撃刑格,×青龍折足,,×日奇入霧;〇奇儀順遂,×乙奇入墓,×天牢華蓋,,△朱雀入墓;〇星奇朱雀,×丙奇入墓,門迫
陰3局丙午,壬,坤,艮,天任,生門,寅卯,辛,己丙,癸,丁,庚,壬,戊,乙,庚,壬,戊,乙,辛,己丙,癸,丁,天英,天芮,天柱,天心,天蓬,天任,天冲,天輔,朱雀,勾陳,六合,太陰,螣蛇,直符,九天,九地,傷門,杜門,景門,死門,驚門,開門,休門,生門,×白虎出力,,×地網高張;×火入天羅,,〇天乙会合,,〇人遁吉格,◯丁奇得使,×白虎干格,,×凶蛇入獄;×水蛇入火,×地網,△青龍華蓋,,〇奇儀相佐,◯乙奇得使,反吟;門迫
陰3局丁未,壬,壬,艮,天任,生門,寅卯,戊,乙,辛,己丙,癸,丁,庚,壬,庚,壬,戊,乙,辛,己丙,癸,丁,天冲,天輔,天英,天芮,天柱,天心,天蓬,天任,九天,九地,朱雀,勾陳,六合,太陰,螣蛇,直符,景門,死門,驚門,開門,休門,生門,傷門,杜門,×値符飛宮,,×日奇入地,,×囚獄被傷,,△地戸蓬星;〇日月併用,,×網蓋天牢,,×火入勾陳;△星髄月転,◯玉女守門,×反吟大格,,△干合蛇刑,×地網,反吟;門迫
陰3局戊申,壬,震,艮,天任,生門,寅卯,丁,庚,壬,戊,乙,辛,己丙,癸,庚,壬,戊,乙,辛,己丙,癸,丁,天心,天蓬,天任,天冲,天輔,天英,天芮,天柱,太陰,螣蛇,直符,九天,九地,朱雀,勾陳,六合,驚門,開門,休門,生門,傷門,杜門,景門,死門,△朱雀入没,,×金華水流,×伏宮格;×六儀撃刑格,〇小蛇化龍,×地網,△青龍合霊,,×青龍逃走,◯乙奇得使;×青龍逃走,×入獄自刑;×干合孛師,,×地刑玄武;×華蓋孛師,,×螣蛇妖矯,×螣蛇妖矯,門迫
陰3局己酉,壬,坤,艮,天任,生門,寅卯,辛,己丙,癸,丁,庚,壬,戊,乙,庚,壬,戊,乙,辛,己丙,癸,丁,天英,天芮,天柱,天心,天蓬,天任,天冲,天輔,朱雀,勾陳,六合,太陰,螣蛇,直符,九天,九地,開門,休門,生門,傷門,杜門,景門,死門,驚門,×白虎出力,,×地網高張;×火入天羅,,〇天乙会合,,〇人遁吉格,◯丁奇得使,×白虎干格,,×凶蛇入獄;×水蛇入火,×地網,△青龍華蓋,,〇奇儀相佐,◯乙奇得使,反吟
陰3局庚戌,壬,坎,艮,天任,生門,寅卯,壬,戊,乙,辛,己丙,癸,丁,庚,庚,壬,戊,乙,辛,己丙,癸,丁,天任,天冲,天輔,天英,天芮,天柱,天心,天蓬,直符,九天,九地,朱雀,勾陳,六合,太陰,螣蛇,景門,死門,驚門,開門,休門,生門,傷門,杜門,×太白擒蛇,×飛宮格;×地網,×龍入天牢,,×利陰害陽,◯乙奇昇殿,×白虎猖狂,×白虎猖狂,×遊魂入墓;△謀事成就,◯丙奇昇殿,×華蓋地戸;〇華蓋孛師,,×朱雀投江,◯丁奇昇殿;×朱雀投江,△丁丁之格,,反吟;門迫
陰3局辛亥,壬,離,艮,天任,生門,寅卯,己丙,癸,丁,庚,壬,戊,乙,辛,庚,壬,戊,乙,辛,己丙,癸,丁,天芮,天柱,天心,天蓬,天任,天冲,天輔,天英,勾陳,六合,太陰,螣蛇,直符,九天,九地,朱雀,生門,傷門,杜門,景門,死門,驚門,開門,休門,×刑格返名;×焚入太白,◯丙奇得使,×復見騰蛇,,〇青龍転光,,△太白蓬星,,×騰蛇相纏,×地網,×貴人入獄;〇青龍返首,,△華蓋蓬星,◯鬼遁,〇獄神得奇,,門迫
陰3局壬子,壬,艮,艮,天任,生門,寅卯,庚,壬,戊,乙,辛,己丙,癸,丁,庚,壬,戊,乙,辛,己丙,癸,丁,天蓬,天任,天冲,天輔,天英,天芮,天柱,天心,螣蛇,直符,九天,九地,朱雀,勾陳,六合,太陰,死門,驚門,開門,休門,生門,傷門,杜門,景門,×太白同宮,,×蛇入地羅,×地網,×伏吟,×六儀撃刑格,△日奇伏吟,◯風遁,×伏吟天庭,×六儀撃刑格,×地戸蓬鬼;×火孛地戸;△太孛入刑;×月奇孛師,◯丙奇得使;×六儀撃刑格,×天網四張,,〇奇入太陰,,伏吟;門迫
陰3局癸丑,壬,兌,艮,天任,生門,寅卯,乙,辛,己丙,癸,丁,庚,壬,戊,庚,壬,戊,乙,辛,己丙,癸,丁,天輔,天英,天芮,天柱,天心,天蓬,天任,天冲,九地,朱雀,勾陳,六合,太陰,螣蛇,直符,九天,休門,生門,傷門,杜門,景門,死門,驚門,開門,×日奇被刑,◯龍遁,×凶蛇入獄,,△犬遇青龍;〇飛鳥跌穴,,△華蓋蓬星,×六儀撃刑格,×朱雀入獄,,×官符刑格;×太白入熒,×刑格,×幼女奸淫,×地網,〇青龍耀明,,
陰3局甲寅,癸,兌,兌,天柱,驚門,子丑,庚,壬,戊,乙,辛,己丙,癸,丁,庚,壬,戊,乙,辛,己丙,癸,丁,天蓬,天任,天冲,天輔,天英,天芮,天柱,天心,九地,朱雀,勾陳,六合,太陰,螣蛇,直符,九天,休門,生門,傷門,杜門,景門,死門,驚門,開門,×太白同宮,,×蛇入地羅,,×伏吟,×六儀撃刑格,△日奇伏吟,,×伏吟天庭,×六儀撃刑格,×地戸蓬鬼;×火孛地戸;△太孛入刑;×月奇孛師,◯丙奇得使;×六儀撃刑格,×天網四張,,〇奇入太陰,,伏吟
陰3局乙卯,癸,巽,兌,天柱,驚門,子丑,乙,辛,己丙,癸,丁,庚,壬,戊,庚,壬,戊,乙,辛,己丙,癸,丁,天輔,天英,天芮,天柱,天心,天蓬,天任,天冲,六合,太陰,螣蛇,直符,九天,九地,朱雀,勾陳,開門,休門,生門,傷門,杜門,景門,死門,驚門,×日奇被刑,,×凶蛇入獄,,△犬遇青龍;〇飛鳥跌穴,,△華蓋蓬星,×天羅;×六儀撃刑格,×朱雀入獄,,×官符刑格;×太白入熒,×刑格,×幼女奸淫,,〇青龍耀明,,
陰3局丙辰,癸,坤,兌,天柱,驚門,子丑,壬,戊,乙,辛,己丙,癸,丁,庚,庚,壬,戊,乙,辛,己丙,癸,丁,天任,天冲,天輔,天英,天芮,天柱,天心,天蓬,朱雀,勾陳,六合,太陰,螣蛇,直符,九天,九地,生門,傷門,杜門,景門,死門,驚門,開門,休門,×太白擒蛇,,×龍入天牢,,×利陰害陽,◯乙奇昇殿,×白虎猖狂,×白虎猖狂,×遊魂入墓;△謀事成就,◯丙奇昇殿,×華蓋地戸;〇華蓋孛師,×天羅,×朱雀投江,◯丁奇昇殿;×朱雀投江,△丁丁之格,,門迫
陰3局丁巳,癸,壬,兌,天柱,驚門,子丑,丁,庚,壬,戊,乙,辛,己丙,癸,庚,壬,戊,乙,辛,己丙,癸,丁,天心,天蓬,天任,天冲,天輔,天英,天芮,天柱,九天,九地,朱雀,勾陳,六合,太陰,螣蛇,直符,杜門,景門,死門,驚門,開門,休門,生門,傷門,△朱雀入没,,×金華水流,×六儀撃刑格,〇小蛇化龍,,△青龍合霊,,×青龍逃走,◯雲遁;◯乙奇得使;×青龍逃走,×入獄自刑;×干合孛師,,×地刑玄武;×華蓋孛師,,×螣蛇妖矯,×螣蛇妖矯;×天羅,門迫
陰3局戊午,癸,震,兌,天柱,驚門,子丑,辛,己丙,癸,丁,庚,壬,戊,乙,庚,壬,戊,乙,辛,己丙,癸,丁,天英,天芮,天柱,天心,天蓬,天任,天冲,天輔,太陰,螣蛇,直符,九天,九地,朱雀,勾陳,六合,景門,死門,驚門,開門,休門,生門,傷門,杜門,×白虎出力,,×地網高張;×火入天羅,,〇天乙会合,×天羅,〇人遁吉格,◯丁奇得使,×白虎干格,,×凶蛇入獄;×水蛇入火,,△青龍華蓋,,〇奇儀相佐,◯乙奇得使,反吟;門迫
陰3局己未,癸,坤,兌,天柱,驚門,子丑,壬,戊,乙,辛,己丙,癸,丁,庚,庚,壬,戊,乙,辛,己丙,癸,丁,天任,天冲,天輔,天英,天芮,天柱,天心,天蓬,朱雀,勾陳,六合,太陰,螣蛇,直符,九天,九地,生門,傷門,杜門,景門,死門,驚門,開門,休門,×太白擒蛇,,×龍入天牢,,×利陰害陽,◯乙奇昇殿,×白虎猖狂,×白虎猖狂,×遊魂入墓;△謀事成就,◯丙奇昇殿,×華蓋地戸;〇華蓋孛師,×天羅,×朱雀投江,◯丁奇昇殿;×朱雀投江,△丁丁之格,,門迫
陰3局庚申,癸,坎,兌,天柱,驚門,子丑,癸,丁,庚,壬,戊,乙,辛,己丙,庚,壬,戊,乙,辛,己丙,癸,丁,天柱,天心,天蓬,天任,天冲,天輔,天英,天芮,直符,九天,九地,朱雀,勾陳,六合,太陰,螣蛇,驚門,開門,休門,生門,傷門,杜門,景門,死門,×太白入網,×飛宮格;×天羅,〇五神互合,◯丁奇得使;×丁奇入墓,×太白伏宮,,△格名小蛇,×六儀撃刑格,×青龍折足,,×日奇入霧;〇奇儀順遂,×乙奇入墓,×天牢華蓋,,△朱雀入墓;〇星奇朱雀,×丙奇入墓,門迫
陰3局辛酉,癸,離,兌,天柱,驚門,子丑,戊,乙,辛,己丙,癸,丁,庚,壬,庚,壬,戊,乙,辛,己丙,癸,丁,天冲,天輔,天英,天芮,天柱,天心,天蓬,天任,勾陳,六合,太陰,螣蛇,直符,九天,九地,朱雀,傷門,杜門,景門,死門,驚門,開門,休門,生門,×値符飛宮,,×日奇入地,,×囚獄被傷,,△地戸蓬星;〇日月併用,,×網蓋天牢,×天羅,×火入勾陳;△星髄月転,,×反吟大格,×伏宮格,△干合蛇刑,,門迫
陰3局壬戌,癸,艮,兌,天柱,驚門,子丑,己丙,癸,丁,庚,壬,戊,乙,辛,庚,壬,戊,乙,辛,己丙,癸,丁,天芮,天柱,天心,天蓬,天任,天冲,天輔,天英,螣蛇,直符,九天,九地,朱雀,勾陳,六合,太陰,死門,驚門,開門,休門,生門,傷門,杜門,景門,×刑格返名;×焚入太白,◯丙奇得使,×復見騰蛇,×天羅,〇青龍転光,,△太白蓬星,,×騰蛇相纏,,×貴人入獄;〇青龍返首,,△華蓋蓬星,,〇獄神得奇,,門迫
陰3局癸亥,癸,兌,兌,天柱,驚門,子丑,庚,壬,戊,乙,辛,己丙,癸,丁,庚,壬,戊,乙,辛,己丙,癸,丁,天蓬,天任,天冲,天輔,天英,天芮,天柱,天心,九地,朱雀,勾陳,六合,太陰,螣蛇,直符,九天,休門,生門,傷門,杜門,景門,死門,驚門,開門,×太白同宮,,×蛇入地羅,,×伏吟,×六儀撃刑格,△日奇伏吟,,×伏吟天庭,×六儀撃刑格,×地戸蓬鬼;×火孛地戸;△太孛入刑;×月奇孛師,◯丙奇得使;×六儀撃刑格,×天網四張,×天羅,〇奇入太陰,,伏吟
陰4局甲子,戊,巽,巽,天輔,杜門,戌亥,辛,癸,己,戊,壬,庚乙,丁,丙,辛,癸,己,戊,壬,庚乙,丁,丙,天蓬,天任,天冲,天輔,天英,天芮,天柱,天心,六合,太陰,螣蛇,直符,九天,九地,朱雀,勾陳,休門,生門,傷門,杜門,景門,死門,驚門,開門,×伏吟天庭,,×天網四張,,×地戸蓬鬼,,×伏吟,,×蛇入地羅,,×太白同宮;△太白蓬星;×日奇被刑;△日奇伏吟,×乙奇入墓,〇奇入太陰,◯丁奇昇殿,×月奇孛師,×丙奇入墓,伏吟
陰4局乙丑,戊,坤,巽,天輔,杜門,戌亥,丁,丙,辛,癸,己,戊,壬,庚乙,辛,癸,己,戊,壬,庚乙,丁,丙,天柱,天心,天蓬,天任,天冲,天輔,天英,天芮,朱雀,勾陳,六合,太陰,螣蛇,直符,九天,九地,生門,傷門,杜門,景門,死門,驚門,開門,休門,×朱雀入獄,,×華蓋孛師,,×入獄自刑,,〇天乙会合,×六儀撃刑格,×地網高張,,×値符飛宮;△青龍合霊,×飛宮格,△干合蛇刑,,×太白入熒;〇奇儀順遂,◯乙奇得使,門迫
陰4局丙寅,戊,壬,巽,天輔,杜門,戌亥,壬,庚乙,丁,丙,辛,癸,己,戊,辛,癸,己,戊,壬,庚乙,丁,丙,天英,天芮,天柱,天心,天蓬,天任,天冲,天輔,九天,九地,朱雀,勾陳,六合,太陰,螣蛇,直符,驚門,開門,休門,生門,傷門,杜門,景門,死門,×騰蛇相纏,,×反吟大格;△華蓋蓬星,◯鬼遁;×六儀撃刑格,×火入勾陳,,〇飛鳥跌穴,,×凶蛇入獄,×六儀撃刑格,×太白入網;△華蓋蓬星,,△朱雀入墓,,〇青龍返首,,反吟;門迫
陰4局丁卯,戊,兌,巽,天輔,杜門,戌亥,庚乙,丁,丙,辛,癸,己,戊,壬,辛,癸,己,戊,壬,庚乙,丁,丙,天芮,天柱,天心,天蓬,天任,天冲,天輔,天英,九地,朱雀,勾陳,六合,太陰,螣蛇,直符,九天,杜門,景門,死門,驚門,開門,休門,生門,傷門,×白虎干格;×青龍逃走,◯鬼遁;×青龍逃走,×朱雀投江,◯丁奇得使;×朱雀投江;×丁奇入墓,△太孛入刑,,×囚獄被傷,,×復見騰蛇,,×刑格返名;△地戸蓬星,×六儀撃刑格,〇青龍耀明,,×水蛇入火,,門迫
陰4局戊辰,戊,巽,巽,天輔,杜門,戌亥,辛,癸,己,戊,壬,庚乙,丁,丙,辛,癸,己,戊,壬,庚乙,丁,丙,天蓬,天任,天冲,天輔,天英,天芮,天柱,天心,六合,太陰,螣蛇,直符,九天,九地,朱雀,勾陳,開門,休門,生門,傷門,杜門,景門,死門,驚門,×伏吟天庭,,×天網四張,,×地戸蓬鬼,,×伏吟,,×蛇入地羅,,×太白同宮;△太白蓬星;×日奇被刑;△日奇伏吟,×乙奇入墓,〇奇入太陰,◯丁奇昇殿,×月奇孛師,×丙奇入墓,伏吟
陰4局己巳,戊,震,巽,天輔,杜門,戌亥,癸,己,戊,壬,庚乙,丁,丙,辛,辛,癸,己,戊,壬,庚乙,丁,丙,天任,天冲,天輔,天英,天芮,天柱,天心,天蓬,太陰,螣蛇,直符,九天,九地,朱雀,勾陳,六合,傷門,杜門,景門,死門,驚門,開門,休門,生門,×網蓋天牢,,×地刑玄武,,×貴人入獄,×六儀撃刑格,〇小蛇化龍,×六儀撃刑格,×金華水流;×日奇入地,◯乙奇得使,△朱雀入没;〇人遁吉格,,〇星奇朱雀,,×干合孛師,,門迫
陰4局庚午,戊,坤,巽,天輔,杜門,戌亥,丁,丙,辛,癸,己,戊,壬,庚乙,辛,癸,己,戊,壬,庚乙,丁,丙,天柱,天心,天蓬,天任,天冲,天輔,天英,天芮,朱雀,勾陳,六合,太陰,螣蛇,直符,九天,九地,死門,驚門,開門,休門,生門,傷門,杜門,景門,×朱雀入獄,,×華蓋孛師,,×入獄自刑,,〇天乙会合,×六儀撃刑格,×地網高張,,×値符飛宮;△青龍合霊,×飛宮格,△干合蛇刑,,×太白入熒;〇奇儀順遂,◯乙奇得使,門迫
陰4局辛未,戊,坎,巽,天輔,杜門,戌亥,戊,壬,庚乙,丁,丙,辛,癸,己,辛,癸,己,戊,壬,庚乙,丁,丙,天輔,天英,天芮,天柱,天心,天蓬,天任,天冲,直符,九天,九地,朱雀,勾陳,六合,太陰,螣蛇,景門,死門,驚門,開門,休門,生門,傷門,杜門,×青龍折足,,×幼女奸淫,,×官符刑格;×日奇入霧,◯乙奇昇殿;×刑格,〇青龍転光,◯丁奇得使,×火入天羅,◯丙奇昇殿,×白虎出力;×白虎猖狂,×白虎猖狂,×螣蛇妖矯,×螣蛇妖矯,×火孛地戸,,反吟;門迫
陰4局壬申,戊,離,巽,天輔,杜門,戌亥,丙,辛,癸,己,戊,壬,庚乙,丁,辛,癸,己,戊,壬,庚乙,丁,丙,天心,天蓬,天任,天冲,天輔,天英,天芮,天柱,勾陳,六合,太陰,螣蛇,直符,九天,九地,朱雀,驚門,開門,休門,生門,傷門,杜門,景門,死門,△謀事成就,◯丙奇得使,×天牢華蓋,,×華蓋地戸,,△犬遇青龍,,×龍入天牢,,×太白擒蛇;△格名小蛇,,△丁丁之格;〇奇儀相佐,,△星髄月転,,門迫
陰4局癸酉,戊,艮,巽,天輔,杜門,戌亥,己,戊,壬,庚乙,丁,丙,辛,癸,辛,癸,己,戊,壬,庚乙,丁,丙,天冲,天輔,天英,天芮,天柱,天心,天蓬,天任,螣蛇,直符,九天,九地,朱雀,勾陳,六合,太陰,休門,生門,傷門,杜門,景門,死門,驚門,開門,×遊魂入墓,,△青龍華蓋,,×凶蛇入獄,,×太白伏宮;×利陰害陽,◯鬼遁;×伏宮格,〇五神互合,,×焚入太白;〇日月併用,◯丙奇得使,〇獄神得奇,,〇華蓋孛師,,
陰4局甲戌,己,震,震,天冲,傷門,申酉,辛,癸,己,戊,壬,庚乙,丁,丙,辛,癸,己,戊,壬,庚乙,丁,丙,天蓬,天任,天冲,天輔,天英,天芮,天柱,天心,太陰,螣蛇,直符,九天,九地,朱雀,勾陳,六合,休門,生門,傷門,杜門,景門,死門,驚門,開門,×伏吟天庭,,×天網四張,,×地戸蓬鬼,,×伏吟,,×蛇入地羅,,×太白同宮;△太白蓬星;×日奇被刑;△日奇伏吟,×乙奇入墓,〇奇入太陰,◯丁奇昇殿,×月奇孛師,×丙奇入墓,伏吟
陰4局乙亥,己,坤,震,天冲,傷門,申酉,庚乙,丁,丙,辛,癸,己,戊,壬,辛,癸,己,戊,壬,庚乙,丁,丙,天芮,天柱,天心,天蓬,天任,天冲,天輔,天英,朱雀,勾陳,六合,太陰,螣蛇,直符,九天,九地,死門,驚門,開門,休門,生門,傷門,杜門,景門,×白虎干格;×青龍逃走,×青龍逃走,×朱雀投江,◯丁奇得使;×朱雀投江;×丁奇入墓,△太孛入刑,,×囚獄被傷,,×復見騰蛇,,×刑格返名;△地戸蓬星,×飛宮格;×六儀撃刑格,〇青龍耀明,,×水蛇入火,,門迫
陰4局丙子,己,壬,震,天冲,傷門,申酉,戊,壬,庚乙,丁,丙,辛,癸,己,辛,癸,己,戊,壬,庚乙,丁,丙,天輔,天英,天芮,天柱,天心,天蓬,天任,天冲,九天,九地,朱雀,勾陳,六合,太陰,螣蛇,直符,傷門,杜門,景門,死門,驚門,開門,休門,生門,×青龍折足,,×幼女奸淫,,×官符刑格;×日奇入霧,◯乙奇昇殿;×伏宮格;×刑格,〇青龍転光,◯丁奇得使,×火入天羅,◯丙奇昇殿,×白虎出力;×白虎猖狂,×白虎猖狂,×螣蛇妖矯,×螣蛇妖矯,×火孛地戸,,門迫
陰4局丁丑,己,兌,震,天冲,傷門,申酉,壬,庚乙,丁,丙,辛,癸,己,戊,辛,癸,己,戊,壬,庚乙,丁,丙,天英,天芮,天柱,天心,天蓬,天任,天冲,天輔,九地,朱雀,勾陳,六合,太陰,螣蛇,直符,九天,驚門,開門,休門,生門,傷門,杜門,景門,死門,×騰蛇相纏,,×反吟大格;△華蓋蓬星,×六儀撃刑格,×火入勾陳,,〇飛鳥跌穴,,×凶蛇入獄,×六儀撃刑格,×太白入網;△華蓋蓬星,,△朱雀入墓,,〇青龍返首,,反吟;門迫
陰4局戊寅,己,巽,震,天冲,傷門,申酉,丙,辛,癸,己,戊,壬,庚乙,丁,辛,癸,己,戊,壬,庚乙,丁,丙,天心,天蓬,天任,天冲,天輔,天英,天芮,天柱,六合,太陰,螣蛇,直符,九天,九地,朱雀,勾陳,生門,傷門,杜門,景門,死門,驚門,開門,休門,△謀事成就,◯丙奇得使,×天牢華蓋,,×華蓋地戸,,△犬遇青龍,,×龍入天牢,,×太白擒蛇;△格名小蛇,,△丁丁之格;〇奇儀相佐,,△星髄月転,,門迫
陰4局己卯,己,震,震,天冲,傷門,申酉,辛,癸,己,戊,壬,庚乙,丁,丙,辛,癸,己,戊,壬,庚乙,丁,丙,天蓬,天任,天冲,天輔,天英,天芮,天柱,天心,太陰,螣蛇,直符,九天,九地,朱雀,勾陳,六合,景門,死門,驚門,開門,休門,生門,傷門,杜門,×伏吟天庭,,×天網四張,,×地戸蓬鬼,,×伏吟,,×蛇入地羅,,×太白同宮;△太白蓬星;×日奇被刑;△日奇伏吟,×乙奇入墓,〇奇入太陰,◯丁奇昇殿;◯玉女守門,×月奇孛師,×丙奇入墓,伏吟;反吟;門迫
陰4局庚辰,己,坤,震,天冲,傷門,申酉,庚乙,丁,丙,辛,癸,己,戊,壬,辛,癸,己,戊,壬,庚乙,丁,丙,天芮,天柱,天心,天蓬,天任,天冲,天輔,天英,朱雀,勾陳,六合,太陰,螣蛇,直符,九天,九地,杜門,景門,死門,驚門,開門,休門,生門,傷門,×白虎干格;×青龍逃走,×青龍逃走,×朱雀投江,◯丁奇得使;×朱雀投江;×丁奇入墓,△太孛入刑,,×囚獄被傷,,×復見騰蛇,,×刑格返名;△地戸蓬星,×飛宮格;×六儀撃刑格,〇青龍耀明,,×水蛇入火,,門迫
陰4局辛巳,己,坎,震,天冲,傷門,申酉,己,戊,壬,庚乙,丁,丙,辛,癸,辛,癸,己,戊,壬,庚乙,丁,丙,天冲,天輔,天英,天芮,天柱,天心,天蓬,天任,直符,九天,九地,朱雀,勾陳,六合,太陰,螣蛇,死門,驚門,開門,休門,生門,傷門,杜門,景門,×遊魂入墓,,△青龍華蓋,,×凶蛇入獄,,×太白伏宮;×利陰害陽,◯風遁,〇五神互合,,×焚入太白;〇日月併用,◯丙奇得使,〇獄神得奇,,〇華蓋孛師,,門迫
陰4局壬午,己,離,震,天冲,傷門,申酉,丁,丙,辛,癸,己,戊,壬,庚乙,辛,癸,己,戊,壬,庚乙,丁,丙,天柱,天心,天蓬,天任,天冲,天輔,天英,天芮,勾陳,六合,太陰,螣蛇,直符,九天,九地,朱雀,開門,休門,生門,傷門,杜門,景門,死門,驚門,×朱雀入獄,,×華蓋孛師,,×入獄自刑,,〇天乙会合,×六儀撃刑格,×地網高張,,×値符飛宮;△青龍合霊,,△干合蛇刑,,×太白入熒;〇奇儀順遂,◯乙奇得使,
陰4局癸未,己,艮,震,天冲,傷門,申酉,癸,己,戊,壬,庚乙,丁,丙,辛,辛,癸,己,戊,壬,庚乙,丁,丙,天任,天冲,天輔,天英,天芮,天柱,天心,天蓬,螣蛇,直符,九天,九地,朱雀,勾陳,六合,太陰,休門,生門,傷門,杜門,景門,死門,驚門,開門,×網蓋天牢,,×地刑玄武,,×貴人入獄,×六儀撃刑格,〇小蛇化龍,×六儀撃刑格,×金華水流;×日奇入地,◯乙奇得使,△朱雀入没;〇人遁吉格,,〇星奇朱雀,,×干合孛師,,
陰4局甲申,庚,坤,坤,天芮,死門,午未,辛,癸,己,戊,壬,庚乙,丁,丙,辛,癸,己,戊,壬,庚乙,丁,丙,天蓬,天任,天冲,天輔,天英,天芮,天柱,天心,朱雀,勾陳,六合,太陰,螣蛇,直符,九天,九地,休門,生門,傷門,杜門,景門,死門,驚門,開門,×伏吟天庭,,×天網四張,,×地戸蓬鬼,,×伏吟,,×蛇入地羅,,×太白同宮;△太白蓬星;×日奇被刑;△日奇伏吟,×伏宮格;×飛宮格;×乙奇入墓,〇奇入太陰,◯丁奇昇殿,×月奇孛師,×丙奇入墓,伏吟
陰4局乙酉,庚,坤,坤,天芮,死門,午未,辛,癸,己,戊,壬,庚乙,丁,丙,辛,癸,己,戊,壬,庚乙,丁,丙,天蓬,天任,天冲,天輔,天英,天芮,天柱,天心,朱雀,勾陳,六合,太陰,螣蛇,直符,九天,九地,死門,驚門,開門,休門,生門,傷門,杜門,景門,×伏吟天庭,,×天網四張,,×地戸蓬鬼,,×伏吟,,×蛇入地羅,,×太白同宮;△太白蓬星;×日奇被刑;△日奇伏吟,×伏宮格;×飛宮格;×時格;×乙奇入墓,〇奇入太陰,◯丁奇昇殿,×月奇孛師,×丙奇入墓,伏吟;門迫
陰4局丙戌,庚,壬,坤,天芮,死門,午未,丁,丙,辛,癸,己,戊,壬,庚乙,辛,癸,己,戊,壬,庚乙,丁,丙,天柱,天心,天蓬,天任,天冲,天輔,天英,天芮,九天,九地,朱雀,勾陳,六合,太陰,螣蛇,直符,生門,傷門,杜門,景門,死門,驚門,開門,休門,×朱雀入獄,,×華蓋孛師,,×入獄自刑,,〇天乙会合,×六儀撃刑格,×地網高張,,×値符飛宮;△青龍合霊,,△干合蛇刑,,×太白入熒;〇奇儀順遂,◯乙奇得使;×時格,門迫
陰4局丁亥,庚,兌,坤,天芮,死門,午未,丙,辛,癸,己,戊,壬,庚乙,丁,辛,癸,己,戊,壬,庚乙,丁,丙,天心,天蓬,天任,天冲,天輔,天英,天芮,天柱,九地,朱雀,勾陳,六合,太陰,螣蛇,直符,九天,景門,死門,驚門,開門,休門,生門,傷門,杜門,△謀事成就,◯丙奇得使,×天牢華蓋,,×華蓋地戸,,△犬遇青龍,,×龍入天牢,,×太白擒蛇;△格名小蛇,,△丁丁之格;〇奇儀相佐,×時格,△星髄月転,,反吟;門迫
陰4局戊子,庚,巽,坤,天芮,死門,午未,己,戊,壬,庚乙,丁,丙,辛,癸,辛,癸,己,戊,壬,庚乙,丁,丙,天冲,天輔,天英,天芮,天柱,天心,天蓬,天任,六合,太陰,螣蛇,直符,九天,九地,朱雀,勾陳,開門,休門,生門,傷門,杜門,景門,死門,驚門,×遊魂入墓,,△青龍華蓋,,×凶蛇入獄,,×太白伏宮;×利陰害陽,×時格,〇五神互合,,×焚入太白;〇日月併用,◯丙奇得使,〇獄神得奇,,〇華蓋孛師,,
陰4局己丑,庚,震,坤,天芮,死門,午未,戊,壬,庚乙,丁,丙,辛,癸,己,辛,癸,己,戊,壬,庚乙,丁,丙,天輔,天英,天芮,天柱,天心,天蓬,天任,天冲,太陰,螣蛇,直符,九天,九地,朱雀,勾陳,六合,驚門,開門,休門,生門,傷門,杜門,景門,死門,×青龍折足,,×幼女奸淫,,×官符刑格;×日奇入霧,◯乙奇昇殿;×刑格;×時格,〇青龍転光,◯丁奇得使,×火入天羅,◯丙奇昇殿,×白虎出力;×白虎猖狂,×白虎猖狂,×螣蛇妖矯,×螣蛇妖矯,×火孛地戸,,門迫
陰4局庚寅,庚,坤,坤,天芮,死門,午未,辛,癸,己,戊,壬,庚乙,丁,丙,辛,癸,己,戊,壬,庚乙,丁,丙,天蓬,天任,天冲,天輔,天英,天芮,天柱,天心,朱雀,勾陳,六合,太陰,螣蛇,直符,九天,九地,休門,生門,傷門,杜門,景門,死門,驚門,開門,×伏吟天庭,,×天網四張,,×地戸蓬鬼,,×伏吟,,×蛇入地羅,,×太白同宮;△太白蓬星;×日奇被刑;△日奇伏吟,×伏宮格;×飛宮格;×時格;×乙奇入墓,〇奇入太陰,◯丁奇昇殿,×月奇孛師,×丙奇入墓,伏吟
陰4局辛卯,庚,坎,坤,天芮,死門,午未,庚乙,丁,丙,辛,癸,己,戊,壬,辛,癸,己,戊,壬,庚乙,丁,丙,天芮,天柱,天心,天蓬,天任,天冲,天輔,天英,直符,九天,九地,朱雀,勾陳,六合,太陰,螣蛇,傷門,杜門,景門,死門,驚門,開門,休門,生門,×白虎干格;×青龍逃走,×時格;×青龍逃走,×朱雀投江,◯丁奇得使;×朱雀投江;×丁奇入墓,△太孛入刑,,×囚獄被傷,,×復見騰蛇,,×刑格返名;△地戸蓬星,×六儀撃刑格,〇青龍耀明,,×水蛇入火,,門迫
陰4局壬辰,庚,離,坤,天芮,死門,午未,癸,己,戊,壬,庚乙,丁,丙,辛,辛,癸,己,戊,壬,庚乙,丁,丙,天任,天冲,天輔,天英,天芮,天柱,天心,天蓬,勾陳,六合,太陰,螣蛇,直符,九天,九地,朱雀,杜門,景門,死門,驚門,開門,休門,生門,傷門,×網蓋天牢,,×地刑玄武,,×貴人入獄,×六儀撃刑格,〇小蛇化龍,×六儀撃刑格,×金華水流;×日奇入地,◯乙奇得使;×時格,△朱雀入没;〇人遁吉格,,〇星奇朱雀,◯天遁,×干合孛師,,門迫
陰4局癸巳,庚,艮,坤,天芮,死門,午未,壬,庚乙,丁,丙,辛,癸,己,戊,辛,癸,己,戊,壬,庚乙,丁,丙,天英,天芮,天柱,天心,天蓬,天任,天冲,天輔,螣蛇,直符,九天,九地,朱雀,勾陳,六合,太陰,休門,生門,傷門,杜門,景門,死門,驚門,開門,×騰蛇相纏,,×反吟大格;△華蓋蓬星,×時格;×六儀撃刑格,×火入勾陳,,〇飛鳥跌穴,,×凶蛇入獄,×六儀撃刑格,×太白入網;△華蓋蓬星,,△朱雀入墓,,〇青龍返首,,反吟
陰4局甲午,辛,坎,坎,天蓬,休門,辰巳,辛,癸,己,戊,壬,庚乙,丁,丙,辛,癸,己,戊,壬,庚乙,丁,丙,天蓬,天任,天冲,天輔,天英,天芮,天柱,天心,直符,九天,九地,朱雀,勾陳,六合,太陰,螣蛇,休門,生門,傷門,杜門,景門,死門,驚門,開門,×伏吟天庭,,×天網四張,,×地戸蓬鬼,,×伏吟,,×蛇入地羅,,×太白同宮;△太白蓬星;×日奇被刑;△日奇伏吟,×乙奇入墓,〇奇入太陰,◯丁奇昇殿,×月奇孛師,×丙奇入墓,伏吟
陰4局乙未,辛,坤,坎,天蓬,休門,辰巳,戊,壬,庚乙,丁,丙,辛,癸,己,辛,癸,己,戊,壬,庚乙,丁,丙,天輔,天英,天芮,天柱,天心,天蓬,天任,天冲,朱雀,勾陳,六合,太陰,螣蛇,直符,九天,九地,景門,死門,驚門,開門,休門,生門,傷門,杜門,×青龍折足,,×幼女奸淫,,×官符刑格;×日奇入霧,◯乙奇昇殿;×刑格,〇青龍転光,◯丁奇得使,×火入天羅,◯丙奇昇殿,×白虎出力;×白虎猖狂,×飛宮格;×白虎猖狂,×螣蛇妖矯,×螣蛇妖矯,×火孛地戸,,反吟;門迫
陰4局丙申,辛,壬,坎,天蓬,休門,辰巳,癸,己,戊,壬,庚乙,丁,丙,辛,辛,癸,己,戊,壬,庚乙,丁,丙,天任,天冲,天輔,天英,天芮,天柱,天心,天蓬,九天,九地,朱雀,勾陳,六合,太陰,螣蛇,直符,開門,休門,生門,傷門,杜門,景門,死門,驚門,×網蓋天牢,,×地刑玄武,,×貴人入獄,×六儀撃刑格,〇小蛇化龍,×六儀撃刑格,×金華水流;×日奇入地,◯乙奇得使,△朱雀入没;〇人遁吉格,,〇星奇朱雀,,×干合孛師,,
陰4局丁酉,辛,兌,坎,天蓬,休門,辰巳,己,戊,壬,庚乙,丁,丙,辛,癸,辛,癸,己,戊,壬,庚乙,丁,丙,天冲,天輔,天英,天芮,天柱,天心,天蓬,天任,九地,朱雀,勾陳,六合,太陰,螣蛇,直符,九天,傷門,杜門,景門,死門,驚門,開門,休門,生門,×遊魂入墓,,△青龍華蓋,,×凶蛇入獄,,×太白伏宮;×利陰害陽,,〇五神互合,,×焚入太白;〇日月併用,◯丙奇得使,〇獄神得奇,,〇華蓋孛師,,門迫
陰4局戊戌,辛,巽,坎,天蓬,休門,辰巳,庚乙,丁,丙,辛,癸,己,戊,壬,辛,癸,己,戊,壬,庚乙,丁,丙,天芮,天柱,天心,天蓬,天任,天冲,天輔,天英,六合,太陰,螣蛇,直符,九天,九地,朱雀,勾陳,生門,傷門,杜門,景門,死門,驚門,開門,休門,×白虎干格;×青龍逃走,◯雲遁;×伏宮格;×青龍逃走,×朱雀投江,◯丁奇得使;×朱雀投江;×丁奇入墓,△太孛入刑,,×囚獄被傷,,×復見騰蛇,,×刑格返名;△地戸蓬星,×六儀撃刑格,〇青龍耀明,,×水蛇入火,,門迫
陰4局己亥,辛,震,坎,天蓬,休門,辰巳,丁,丙,辛,癸,己,戊,壬,庚乙,辛,癸,己,戊,壬,庚乙,丁,丙,天柱,天心,天蓬,天任,天冲,天輔,天英,天芮,太陰,螣蛇,直符,九天,九地,朱雀,勾陳,六合,杜門,景門,死門,驚門,開門,休門,生門,傷門,×朱雀入獄,,×華蓋孛師,,×入獄自刑,,〇天乙会合,×六儀撃刑格,×地網高張,,×値符飛宮;△青龍合霊,,△干合蛇刑,,×太白入熒;〇奇儀順遂,◯乙奇得使,門迫
陰4局庚子,辛,坤,坎,天蓬,休門,辰巳,戊,壬,庚乙,丁,丙,辛,癸,己,辛,癸,己,戊,壬,庚乙,丁,丙,天輔,天英,天芮,天柱,天心,天蓬,天任,天冲,朱雀,勾陳,六合,太陰,螣蛇,直符,九天,九地,死門,驚門,開門,休門,生門,傷門,杜門,景門,×青龍折足,,×幼女奸淫,,×官符刑格;×日奇入霧,◯地遁;◯乙奇昇殿;×刑格,〇青龍転光,◯人遁;◯丁奇得使;◯玉女守門,×火入天羅,◯丙奇昇殿,×白虎出力;×白虎猖狂,×飛宮格;×白虎猖狂,×螣蛇妖矯,×螣蛇妖矯,×火孛地戸,,門迫
陰4局辛丑,辛,坎,坎,天蓬,休門,辰巳,辛,癸,己,戊,壬,庚乙,丁,丙,辛,癸,己,戊,壬,庚乙,丁,丙,天蓬,天任,天冲,天輔,天英,天芮,天柱,天心,直符,九天,九地,朱雀,勾陳,六合,太陰,螣蛇,驚門,開門,休門,生門,傷門,杜門,景門,死門,×伏吟天庭,,×天網四張,,×地戸蓬鬼,,×伏吟,,×蛇入地羅,,×太白同宮;△太白蓬星;×日奇被刑;△日奇伏吟,×乙奇入墓,〇奇入太陰,◯丁奇昇殿,×月奇孛師,×丙奇入墓,伏吟;門迫
陰4局壬寅,辛,離,坎,天蓬,休門,辰巳,壬,庚乙,丁,丙,辛,癸,己,戊,辛,癸,己,戊,壬,庚乙,丁,丙,天英,天芮,天柱,天心,天蓬,天任,天冲,天輔,勾陳,六合,太陰,螣蛇,直符,九天,九地,朱雀,杜門,景門,死門,驚門,開門,休門,生門,傷門,×騰蛇相纏,,×反吟大格;△華蓋蓬星,×六儀撃刑格,×火入勾陳,,〇飛鳥跌穴,,×凶蛇入獄,×六儀撃刑格,×太白入網;△華蓋蓬星,,△朱雀入墓,,〇青龍返首,,反吟;門迫
陰4局癸卯,辛,艮,坎,天蓬,休門,辰巳,丙,辛,癸,己,戊,壬,庚乙,丁,辛,癸,己,戊,壬,庚乙,丁,丙,天心,天蓬,天任,天冲,天輔,天英,天芮,天柱,螣蛇,直符,九天,九地,朱雀,勾陳,六合,太陰,休門,生門,傷門,杜門,景門,死門,驚門,開門,△謀事成就,◯丙奇得使,×天牢華蓋,,×華蓋地戸,,△犬遇青龍,,×龍入天牢,,×太白擒蛇;△格名小蛇,,△丁丁之格;〇奇儀相佐,,△星髄月転,,
陰4局甲辰,壬,離,離,天英,景門,寅卯,辛,癸,己,戊,壬,庚乙,丁,丙,辛,癸,己,戊,壬,庚乙,丁,丙,天蓬,天任,天冲,天輔,天英,天芮,天柱,天心,勾陳,六合,太陰,螣蛇,直符,九天,九地,朱雀,休門,生門,傷門,杜門,景門,死門,驚門,開門,×伏吟天庭,,×天網四張,,×地戸蓬鬼,,×伏吟,,×蛇入地羅,,×太白同宮;△太白蓬星;×日奇被刑;△日奇伏吟,×乙奇入墓,〇奇入太陰,◯丁奇昇殿,×月奇孛師,×丙奇入墓,伏吟
陰4局乙巳,壬,坤,離,天英,景門,寅卯,丙,辛,癸,己,戊,壬,庚乙,丁,辛,癸,己,戊,壬,庚乙,丁,丙,天心,天蓬,天任,天冲,天輔,天英,天芮,天柱,朱雀,勾陳,六合,太陰,螣蛇,直符,九天,九地,杜門,景門,死門,驚門,開門,休門,生門,傷門,△謀事成就,◯丙奇得使,×天牢華蓋,,×華蓋地戸,,△犬遇青龍,,×龍入天牢,,×太白擒蛇;△格名小蛇,×飛宮格;×地網,△丁丁之格;〇奇儀相佐,,△星髄月転,,門迫
陰4局丙午,壬,壬,離,天英,景門,寅卯,庚乙,丁,丙,辛,癸,己,戊,壬,辛,癸,己,戊,壬,庚乙,丁,丙,天芮,天柱,天心,天蓬,天任,天冲,天輔,天英,九天,九地,朱雀,勾陳,六合,太陰,螣蛇,直符,驚門,開門,休門,生門,傷門,杜門,景門,死門,×白虎干格;×青龍逃走,×青龍逃走,×朱雀投江,◯丁奇得使;×朱雀投江;×丁奇入墓,△太孛入刑,,×囚獄被傷,,×復見騰蛇,,×刑格返名;△地戸蓬星,×六儀撃刑格,〇青龍耀明,,×水蛇入火,×地網,門迫
陰4局丁未,壬,兌,離,天英,景門,寅卯,丁,丙,辛,癸,己,戊,壬,庚乙,辛,癸,己,戊,壬,庚乙,丁,丙,天柱,天心,天蓬,天任,天冲,天輔,天英,天芮,九地,朱雀,勾陳,六合,太陰,螣蛇,直符,九天,死門,驚門,開門,休門,生門,傷門,杜門,景門,×朱雀入獄,,×華蓋孛師,,×入獄自刑,,〇天乙会合,×六儀撃刑格,×地網高張,,×値符飛宮;△青龍合霊,,△干合蛇刑,×地網,×太白入熒;〇奇儀順遂,◯乙奇得使,門迫
陰4局戊申,壬,巽,離,天英,景門,寅卯,癸,己,戊,壬,庚乙,丁,丙,辛,辛,癸,己,戊,壬,庚乙,丁,丙,天任,天冲,天輔,天英,天芮,天柱,天心,天蓬,六合,太陰,螣蛇,直符,九天,九地,朱雀,勾陳,開門,休門,生門,傷門,杜門,景門,死門,驚門,×網蓋天牢,,×地刑玄武,,×貴人入獄,×六儀撃刑格,〇小蛇化龍,×地網;×六儀撃刑格,×金華水流;×日奇入地,◯乙奇得使;×伏宮格,△朱雀入没;〇人遁吉格,◯玉女守門,〇星奇朱雀,,×干合孛師,,
陰4局己酉,壬,震,離,天英,景門,寅卯,己,戊,壬,庚乙,丁,丙,辛,癸,辛,癸,己,戊,壬,庚乙,丁,丙,天冲,天輔,天英,天芮,天柱,天心,天蓬,天任,太陰,螣蛇,直符,九天,九地,朱雀,勾陳,六合,生門,傷門,杜門,景門,死門,驚門,開門,休門,×遊魂入墓,,△青龍華蓋,,×凶蛇入獄,×地網,×太白伏宮;×利陰害陽,,〇五神互合,,×焚入太白;〇日月併用,◯丙奇得使,〇獄神得奇,,〇華蓋孛師,,門迫
陰4局庚戌,壬,坤,離,天英,景門,寅卯,丙,辛,癸,己,戊,壬,庚乙,丁,辛,癸,己,戊,壬,庚乙,丁,丙,天心,天蓬,天任,天冲,天輔,天英,天芮,天柱,朱雀,勾陳,六合,太陰,螣蛇,直符,九天,九地,傷門,杜門,景門,死門,驚門,開門,休門,生門,△謀事成就,◯丙奇得使,×天牢華蓋,,×華蓋地戸,,△犬遇青龍,,×龍入天牢,,×太白擒蛇;△格名小蛇,×飛宮格;×地網,△丁丁之格;〇奇儀相佐,,△星髄月転,,門迫
陰4局辛亥,壬,坎,離,天英,景門,寅卯,壬,庚乙,丁,丙,辛,癸,己,戊,辛,癸,己,戊,壬,庚乙,丁,丙,天英,天芮,天柱,天心,天蓬,天任,天冲,天輔,直符,九天,九地,朱雀,勾陳,六合,太陰,螣蛇,開門,休門,生門,傷門,杜門,景門,死門,驚門,×騰蛇相纏,×地網,×反吟大格;△華蓋蓬星,×六儀撃刑格,×火入勾陳,,〇飛鳥跌穴,,×凶蛇入獄,×六儀撃刑格,×太白入網;△華蓋蓬星,,△朱雀入墓,,〇青龍返首,,反吟
陰4局壬子,壬,離,離,天英,景門,寅卯,辛,癸,己,戊,壬,庚乙,丁,丙,辛,癸,己,戊,壬,庚乙,丁,丙,天蓬,天任,天冲,天輔,天英,天芮,天柱,天心,勾陳,六合,太陰,螣蛇,直符,九天,九地,朱雀,景門,死門,驚門,開門,休門,生門,傷門,杜門,×伏吟天庭,,×天網四張,,×地戸蓬鬼,,×伏吟,,×蛇入地羅,×地網,×太白同宮;△太白蓬星;×日奇被刑;△日奇伏吟,×乙奇入墓,〇奇入太陰,◯丁奇昇殿,×月奇孛師,×丙奇入墓,伏吟;反吟;門迫
陰4局癸丑,壬,艮,離,天英,景門,寅卯,戊,壬,庚乙,丁,丙,辛,癸,己,辛,癸,己,戊,壬,庚乙,丁,丙,天輔,天英,天芮,天柱,天心,天蓬,天任,天冲,螣蛇,直符,九天,九地,朱雀,勾陳,六合,太陰,休門,生門,傷門,杜門,景門,死門,驚門,開門,×青龍折足,,×幼女奸淫,×地網,×官符刑格;×日奇入霧,◯乙奇昇殿;×刑格,〇青龍転光,◯丁奇得使,×火入天羅,◯丙奇昇殿,×白虎出力;×白虎猖狂,×白虎猖狂,×螣蛇妖矯,×螣蛇妖矯,×火孛地戸,,
陰4局甲寅,癸,艮,艮,天任,生門,子丑,辛,癸,己,戊,壬,庚乙,丁,丙,辛,癸,己,戊,壬,庚乙,丁,丙,天蓬,天任,天冲,天輔,天英,天芮,天柱,天心,螣蛇,直符,九天,九地,朱雀,勾陳,六合,太陰,休門,生門,傷門,杜門,景門,死門,驚門,開門,×伏吟天庭,,×天網四張,,×地戸蓬鬼,,×伏吟,,×蛇入地羅,,×太白同宮;△太白蓬星;×日奇被刑;△日奇伏吟,×乙奇入墓,〇奇入太陰,◯丁奇昇殿,×月奇孛師,×丙奇入墓,伏吟
陰4局乙卯,癸,坤,艮,天任,生門,子丑,壬,庚乙,丁,丙,辛,癸,己,戊,辛,癸,己,戊,壬,庚乙,丁,丙,天英,天芮,天柱,天心,天蓬,天任,天冲,天輔,朱雀,勾陳,六合,太陰,螣蛇,直符,九天,九地,杜門,景門,死門,驚門,開門,休門,生門,傷門,×騰蛇相纏,,×反吟大格;△華蓋蓬星,×伏宮格;×六儀撃刑格,×火入勾陳,,〇飛鳥跌穴,,×凶蛇入獄,×六儀撃刑格,×太白入網;△華蓋蓬星,×飛宮格;×天羅,△朱雀入墓,,〇青龍返首,,反吟;門迫
陰4局丙辰,癸,壬,艮,天任,生門,子丑,己,戊,壬,庚乙,丁,丙,辛,癸,辛,癸,己,戊,壬,庚乙,丁,丙,天冲,天輔,天英,天芮,天柱,天心,天蓬,天任,九天,九地,朱雀,勾陳,六合,太陰,螣蛇,直符,傷門,杜門,景門,死門,驚門,開門,休門,生門,×遊魂入墓,,△青龍華蓋,,×凶蛇入獄,,×太白伏宮;×利陰害陽,,〇五神互合,,×焚入太白;〇日月併用,◯丙奇得使,〇獄神得奇,,〇華蓋孛師,×天羅,門迫
陰4局丁巳,癸,兌,艮,天任,生門,子丑,戊,壬,庚乙,丁,丙,辛,癸,己,辛,癸,己,戊,壬,庚乙,丁,丙,天輔,天英,天芮,天柱,天心,天蓬,天任,天冲,九地,朱雀,勾陳,六合,太陰,螣蛇,直符,九天,景門,死門,驚門,開門,休門,生門,傷門,杜門,×青龍折足,,×幼女奸淫,,×官符刑格;×日奇入霧,◯乙奇昇殿;×刑格,〇青龍転光,◯丁奇得使,×火入天羅,◯丙奇昇殿,×白虎出力;×白虎猖狂,×白虎猖狂,×螣蛇妖矯,×螣蛇妖矯;×天羅,×火孛地戸,,反吟;門迫
陰4局戊午,癸,巽,艮,天任,生門,子丑,丁,丙,辛,癸,己,戊,壬,庚乙,辛,癸,己,戊,壬,庚乙,丁,丙,天柱,天心,天蓬,天任,天冲,天輔,天英,天芮,六合,太陰,螣蛇,直符,九天,九地,朱雀,勾陳,驚門,開門,休門,生門,傷門,杜門,景門,死門,×朱雀入獄,,×華蓋孛師,,×入獄自刑,,〇天乙会合,×天羅;×六儀撃刑格,×地網高張,,×値符飛宮;△青龍合霊,,△干合蛇刑,,×太白入熒;〇奇儀順遂,◯乙奇得使,門迫
陰4局己未,癸,震,艮,天任,生門,子丑,丙,辛,癸,己,戊,壬,庚乙,丁,辛,癸,己,戊,壬,庚乙,丁,丙,天心,天蓬,天任,天冲,天輔,天英,天芮,天柱,太陰,螣蛇,直符,九天,九地,朱雀,勾陳,六合,開門,休門,生門,傷門,杜門,景門,死門,驚門,△謀事成就,◯丙奇得使,×天牢華蓋,,×華蓋地戸,×天羅,△犬遇青龍,,×龍入天牢,,×太白擒蛇;△格名小蛇,,△丁丁之格;〇奇儀相佐,,△星髄月転,,
陰4局庚申,癸,坤,艮,天任,生門,子丑,壬,庚乙,丁,丙,辛,癸,己,戊,辛,癸,己,戊,壬,庚乙,丁,丙,天英,天芮,天柱,天心,天蓬,天任,天冲,天輔,朱雀,勾陳,六合,太陰,螣蛇,直符,九天,九地,景門,死門,驚門,開門,休門,生門,傷門,杜門,×騰蛇相纏,,×反吟大格;△華蓋蓬星,×伏宮格;×六儀撃刑格,×火入勾陳,,〇飛鳥跌穴,,×凶蛇入獄,×六儀撃刑格,×太白入網;△華蓋蓬星,×飛宮格;×天羅,△朱雀入墓,,〇青龍返首,,反吟;門迫
陰4局辛酉,癸,坎,艮,天任,生門,子丑,癸,己,戊,壬,庚乙,丁,丙,辛,辛,癸,己,戊,壬,庚乙,丁,丙,天任,天冲,天輔,天英,天芮,天柱,天心,天蓬,直符,九天,九地,朱雀,勾陳,六合,太陰,螣蛇,生門,傷門,杜門,景門,死門,驚門,開門,休門,×網蓋天牢,×天羅,×地刑玄武,,×貴人入獄,×六儀撃刑格,〇小蛇化龍,×六儀撃刑格,×金華水流;×日奇入地,◯乙奇得使,△朱雀入没;〇人遁吉格,,〇星奇朱雀,,×干合孛師,,門迫
陰4局壬戌,癸,離,艮,天任,生門,子丑,庚乙,丁,丙,辛,癸,己,戊,壬,辛,癸,己,戊,壬,庚乙,丁,丙,天芮,天柱,天心,天蓬,天任,天冲,天輔,天英,勾陳,六合,太陰,螣蛇,直符,九天,九地,朱雀,死門,驚門,開門,休門,生門,傷門,杜門,景門,×白虎干格;×青龍逃走,×青龍逃走,×朱雀投江,◯丁奇得使;×朱雀投江;×丁奇入墓,△太孛入刑,,×囚獄被傷,,×復見騰蛇,×天羅,×刑格返名;△地戸蓬星,×六儀撃刑格,〇青龍耀明,,×水蛇入火,,門迫
陰4局癸亥,癸,艮,艮,天任,生門,子丑,辛,癸,己,戊,壬,庚乙,丁,丙,辛,癸,己,戊,壬,庚乙,丁,丙,天蓬,天任,天冲,天輔,天英,天芮,天柱,天心,螣蛇,直符,九天,九地,朱雀,勾陳,六合,太陰,休門,生門,傷門,杜門,景門,死門,驚門,開門,×伏吟天庭,,×天網四張,×天羅,×地戸蓬鬼,,×伏吟,,×蛇入地羅,,×太白同宮;△太白蓬星;×日奇被刑;△日奇伏吟,×乙奇入墓,〇奇入太陰,◯丁奇昇殿,×月奇孛師,×丙奇入墓,伏吟
陰5局甲子,戊,坤,坤,天芮,死門,戌亥,壬,丁,庚,己,癸,辛戊,丙,乙,壬,丁,庚,己,癸,辛戊,丙,乙,天蓬,天任,天冲,天輔,天英,天芮,天柱,天心,朱雀,勾陳,六合,太陰,螣蛇,直符,九天,九地,休門,生門,傷門,杜門,景門,死門,驚門,開門,×蛇入地羅,,〇奇入太陰,◯丁奇得使;×丁奇入墓,×太白同宮,,×地戸蓬鬼,,×天網四張,,×伏吟天庭;×囚獄被傷;×青龍折足;×伏吟,,×月奇孛師,,△日奇伏吟,◯鬼遁;◯乙奇得使,伏吟
陰5局乙丑,戊,乾,坤,天芮,死門,戌亥,丙,乙,壬,丁,庚,己,癸,辛戊,壬,丁,庚,己,癸,辛戊,丙,乙,天柱,天心,天蓬,天任,天冲,天輔,天英,天芮,九天,九地,朱雀,勾陳,六合,太陰,螣蛇,直符,傷門,杜門,景門,死門,驚門,開門,休門,生門,×火入天羅,◯丙奇得使,〇奇儀相佐,◯鬼遁,×太白擒蛇,,×火入勾陳,◯丁奇得使;◯玉女守門,×反吟大格,,×遊魂入墓;△犬遇青龍,×六儀撃刑格,〇華蓋孛師,,×白虎猖狂;△青龍合霊,×白虎猖狂,門迫
陰5局丙寅,戊,兌,坤,天芮,死門,戌亥,乙,壬,丁,庚,己,癸,辛戊,丙,壬,丁,庚,己,癸,辛戊,丙,乙,天心,天蓬,天任,天冲,天輔,天英,天芮,天柱,九地,朱雀,勾陳,六合,太陰,螣蛇,直符,九天,杜門,景門,死門,驚門,開門,休門,生門,傷門,×日奇入地,◯鬼遁,△干合蛇刑,,△朱雀入没,◯玉女守門,×官符刑格,×刑格,×地刑玄武,,×網蓋天牢;〇天乙会合,,×干合孛師;〇青龍返首,,〇日月併用,×丙奇入墓,門迫
陰5局丁卯,戊,艮,坤,天芮,死門,戌亥,癸,辛戊,丙,乙,壬,丁,庚,己,壬,丁,庚,己,癸,辛戊,丙,乙,天英,天芮,天柱,天心,天蓬,天任,天冲,天輔,螣蛇,直符,九天,九地,朱雀,勾陳,六合,太陰,休門,生門,傷門,杜門,景門,死門,驚門,開門,×復見騰蛇,,〇獄神得奇;〇青龍耀明,,×焚入太白,,×日奇入霧,◯鬼遁,×幼女奸淫,,×朱雀入獄;〇青龍転光,◯玉女守門,×太白入熒,,△地戸蓬星,,反吟
陰5局戊辰,戊,坤,坤,天芮,死門,戌亥,壬,丁,庚,己,癸,辛戊,丙,乙,壬,丁,庚,己,癸,辛戊,丙,乙,天蓬,天任,天冲,天輔,天英,天芮,天柱,天心,朱雀,勾陳,六合,太陰,螣蛇,直符,九天,九地,死門,驚門,開門,休門,生門,傷門,杜門,景門,×蛇入地羅,,〇奇入太陰,◯丁奇得使;×丁奇入墓,×太白同宮,,×地戸蓬鬼,,×天網四張,,×伏吟天庭;×囚獄被傷;×青龍折足;×伏吟,,×月奇孛師,,△日奇伏吟,◯乙奇得使,伏吟;門迫
陰5局己巳,戊,巽,坤,天芮,死門,戌亥,庚,己,癸,辛戊,丙,乙,壬,丁,壬,丁,庚,己,癸,辛戊,丙,乙,天冲,天輔,天英,天芮,天柱,天心,天蓬,天任,六合,太陰,螣蛇,直符,九天,九地,朱雀,勾陳,生門,傷門,杜門,景門,死門,驚門,開門,休門,×金華水流,,△朱雀入墓,,×太白入網,,×入獄自刑;×貴人入獄,,×華蓋孛師,◯丙奇昇殿,×青龍逃走;×利陰害陽,×青龍逃走;×乙奇入墓,×水蛇入火,,〇人遁吉格,,門迫
陰5局庚午,戊,震,坤,天芮,死門,戌亥,己,癸,辛戊,丙,乙,壬,丁,庚,壬,丁,庚,己,癸,辛戊,丙,乙,天輔,天英,天芮,天柱,天心,天蓬,天任,天冲,太陰,螣蛇,直符,九天,九地,朱雀,勾陳,六合,景門,死門,驚門,開門,休門,生門,傷門,杜門,×地網高張,,×螣蛇妖矯,×螣蛇妖矯,×白虎出力;×値符飛宮,×飛宮格;×六儀撃刑格,△太孛入刑,,△華蓋蓬星,◯乙奇得使,×騰蛇相纏;〇小蛇化龍,,△星髄月転,◯丁奇昇殿,△太白蓬星,,反吟;門迫
陰5局辛未,戊,坤,坤,天芮,死門,戌亥,壬,丁,庚,己,癸,辛戊,丙,乙,壬,丁,庚,己,癸,辛戊,丙,乙,天蓬,天任,天冲,天輔,天英,天芮,天柱,天心,朱雀,勾陳,六合,太陰,螣蛇,直符,九天,九地,開門,休門,生門,傷門,杜門,景門,死門,驚門,×蛇入地羅,,〇奇入太陰,◯丁奇得使;×丁奇入墓,×太白同宮,,×地戸蓬鬼,,×天網四張,,×伏吟天庭;×囚獄被傷;×青龍折足;×伏吟,,×月奇孛師,,△日奇伏吟,◯乙奇得使,伏吟
陰5局壬申,戊,坎,坤,天芮,死門,戌亥,辛戊,丙,乙,壬,丁,庚,己,癸,壬,丁,庚,己,癸,辛戊,丙,乙,天芮,天柱,天心,天蓬,天任,天冲,天輔,天英,直符,九天,九地,朱雀,勾陳,六合,太陰,螣蛇,驚門,開門,休門,生門,傷門,杜門,景門,死門,×凶蛇入獄;×龍入天牢,,〇星奇朱雀,,×日奇被刑,◯乙奇昇殿,×凶蛇入獄,×六儀撃刑格,×朱雀投江,×朱雀投江,×白虎干格;×太白伏宮,×伏宮格,×火孛地戸,,△華蓋蓬星,,門迫
陰5局癸酉,戊,離,坤,天芮,死門,戌亥,丁,庚,己,癸,辛戊,丙,乙,壬,壬,丁,庚,己,癸,辛戊,丙,乙,天任,天冲,天輔,天英,天芮,天柱,天心,天蓬,勾陳,六合,太陰,螣蛇,直符,九天,九地,朱雀,休門,生門,傷門,杜門,景門,死門,驚門,開門,〇五神互合,,△丁丁之格,×六儀撃刑格,×刑格返名,,×華蓋地戸,×六儀撃刑格,×天牢華蓋;△青龍華蓋,×六儀撃刑格,△謀事成就;〇飛鳥跌穴,◯丙奇得使,〇奇儀順遂,,△格名小蛇,,
陰5局甲戌,己,巽,巽,天輔,杜門,申酉,壬,丁,庚,己,癸,辛戊,丙,乙,壬,丁,庚,己,癸,辛戊,丙,乙,天蓬,天任,天冲,天輔,天英,天芮,天柱,天心,六合,太陰,螣蛇,直符,九天,九地,朱雀,勾陳,休門,生門,傷門,杜門,景門,死門,驚門,開門,×蛇入地羅,,〇奇入太陰,◯丁奇得使;×丁奇入墓,×太白同宮,,×地戸蓬鬼,,×天網四張,,×伏吟天庭;×囚獄被傷;×青龍折足;×伏吟,,×月奇孛師,,△日奇伏吟,◯乙奇得使,伏吟
陰5局乙亥,己,壬,巽,天輔,杜門,申酉,癸,辛戊,丙,乙,壬,丁,庚,己,壬,丁,庚,己,癸,辛戊,丙,乙,天英,天芮,天柱,天心,天蓬,天任,天冲,天輔,九天,九地,朱雀,勾陳,六合,太陰,螣蛇,直符,生門,傷門,杜門,景門,死門,驚門,開門,休門,×復見騰蛇,,〇獄神得奇;〇青龍耀明,,×焚入太白,,×日奇入霧,,×幼女奸淫,,×朱雀入獄;〇青龍転光,,×太白入熒,,△地戸蓬星,,反吟;門迫
陰5局丙子,己,兌,巽,天輔,杜門,申酉,辛戊,丙,乙,壬,丁,庚,己,癸,壬,丁,庚,己,癸,辛戊,丙,乙,天芮,天柱,天心,天蓬,天任,天冲,天輔,天英,九地,朱雀,勾陳,六合,太陰,螣蛇,直符,九天,驚門,開門,休門,生門,傷門,杜門,景門,死門,×凶蛇入獄;×龍入天牢,,〇星奇朱雀,,×日奇被刑,◯乙奇昇殿,×凶蛇入獄,×六儀撃刑格,×朱雀投江,×朱雀投江,×白虎干格;×太白伏宮,,×火孛地戸,,△華蓋蓬星,,門迫
陰5局丁丑,己,艮,巽,天輔,杜門,申酉,庚,己,癸,辛戊,丙,乙,壬,丁,壬,丁,庚,己,癸,辛戊,丙,乙,天冲,天輔,天英,天芮,天柱,天心,天蓬,天任,螣蛇,直符,九天,九地,朱雀,勾陳,六合,太陰,杜門,景門,死門,驚門,開門,休門,生門,傷門,×金華水流,,△朱雀入墓,,×太白入網,,×入獄自刑;×貴人入獄,,×華蓋孛師,◯丙奇昇殿,×青龍逃走;×利陰害陽,◯雲遁;×青龍逃走;×乙奇入墓,×水蛇入火,,〇人遁吉格,,門迫
陰5局戊寅,己,坤,巽,天輔,杜門,申酉,丙,乙,壬,丁,庚,己,癸,辛戊,壬,丁,庚,己,癸,辛戊,丙,乙,天柱,天心,天蓬,天任,天冲,天輔,天英,天芮,朱雀,勾陳,六合,太陰,螣蛇,直符,九天,九地,開門,休門,生門,傷門,杜門,景門,死門,驚門,×火入天羅,◯丙奇得使,〇奇儀相佐,,×太白擒蛇,,×火入勾陳,◯丁奇得使,×反吟大格,,×遊魂入墓;△犬遇青龍,×六儀撃刑格,〇華蓋孛師,,×白虎猖狂;△青龍合霊,×白虎猖狂,
陰5局己卯,己,巽,巽,天輔,杜門,申酉,壬,丁,庚,己,癸,辛戊,丙,乙,壬,丁,庚,己,癸,辛戊,丙,乙,天蓬,天任,天冲,天輔,天英,天芮,天柱,天心,六合,太陰,螣蛇,直符,九天,九地,朱雀,勾陳,傷門,杜門,景門,死門,驚門,開門,休門,生門,×蛇入地羅,,〇奇入太陰,◯丁奇得使;◯玉女守門;×丁奇入墓,×太白同宮,,×地戸蓬鬼,,×天網四張,,×伏吟天庭;×囚獄被傷;×青龍折足;×伏吟,,×月奇孛師,,△日奇伏吟,◯乙奇得使,伏吟;門迫
陰5局庚辰,己,震,巽,天輔,杜門,申酉,丁,庚,己,癸,辛戊,丙,乙,壬,壬,丁,庚,己,癸,辛戊,丙,乙,天任,天冲,天輔,天英,天芮,天柱,天心,天蓬,太陰,螣蛇,直符,九天,九地,朱雀,勾陳,六合,死門,驚門,開門,休門,生門,傷門,杜門,景門,〇五神互合,,△丁丁之格,×六儀撃刑格,×刑格返名,×飛宮格,×華蓋地戸,×六儀撃刑格,×天牢華蓋;△青龍華蓋,×六儀撃刑格,△謀事成就;〇飛鳥跌穴,◯丙奇得使,〇奇儀順遂,,△格名小蛇,,門迫
陰5局辛巳,己,坤,巽,天輔,杜門,申酉,丙,乙,壬,丁,庚,己,癸,辛戊,壬,丁,庚,己,癸,辛戊,丙,乙,天柱,天心,天蓬,天任,天冲,天輔,天英,天芮,朱雀,勾陳,六合,太陰,螣蛇,直符,九天,九地,景門,死門,驚門,開門,休門,生門,傷門,杜門,×火入天羅,◯丙奇得使,〇奇儀相佐,,×太白擒蛇,,×火入勾陳,◯丁奇得使,×反吟大格,,×遊魂入墓;△犬遇青龍,×六儀撃刑格,〇華蓋孛師,,×白虎猖狂;△青龍合霊,×白虎猖狂,反吟;門迫
陰5局壬午,己,坎,巽,天輔,杜門,申酉,己,癸,辛戊,丙,乙,壬,丁,庚,壬,丁,庚,己,癸,辛戊,丙,乙,天輔,天英,天芮,天柱,天心,天蓬,天任,天冲,直符,九天,九地,朱雀,勾陳,六合,太陰,螣蛇,驚門,開門,休門,生門,傷門,杜門,景門,死門,×地網高張,,×螣蛇妖矯,×螣蛇妖矯,×白虎出力;×値符飛宮,×六儀撃刑格,△太孛入刑,,△華蓋蓬星,◯乙奇得使,×騰蛇相纏;〇小蛇化龍,,△星髄月転,◯丁奇昇殿,△太白蓬星,,門迫
陰5局癸未,己,離,巽,天輔,杜門,申酉,乙,壬,丁,庚,己,癸,辛戊,丙,壬,丁,庚,己,癸,辛戊,丙,乙,天心,天蓬,天任,天冲,天輔,天英,天芮,天柱,勾陳,六合,太陰,螣蛇,直符,九天,九地,朱雀,休門,生門,傷門,杜門,景門,死門,驚門,開門,×日奇入地,◯龍遁,△干合蛇刑,,△朱雀入没,,×官符刑格,×伏宮格;×刑格,×地刑玄武,,×網蓋天牢;〇天乙会合,,×干合孛師;〇青龍返首,,〇日月併用,×丙奇入墓,
陰5局甲申,庚,震,震,天冲,傷門,午未,壬,丁,庚,己,癸,辛戊,丙,乙,壬,丁,庚,己,癸,辛戊,丙,乙,天蓬,天任,天冲,天輔,天英,天芮,天柱,天心,太陰,螣蛇,直符,九天,九地,朱雀,勾陳,六合,休門,生門,傷門,杜門,景門,死門,驚門,開門,×蛇入地羅,,〇奇入太陰,◯丁奇得使;×丁奇入墓,×太白同宮,×伏宮格;×飛宮格,×地戸蓬鬼,,×天網四張,,×伏吟天庭;×囚獄被傷;×青龍折足;×伏吟,,×月奇孛師,,△日奇伏吟,◯乙奇得使,伏吟
陰5局乙酉,庚,壬,震,天冲,傷門,午未,己,癸,辛戊,丙,乙,壬,丁,庚,壬,丁,庚,己,癸,辛戊,丙,乙,天輔,天英,天芮,天柱,天心,天蓬,天任,天冲,九天,九地,朱雀,勾陳,六合,太陰,螣蛇,直符,死門,驚門,開門,休門,生門,傷門,杜門,景門,×地網高張,,×螣蛇妖矯,×螣蛇妖矯,×白虎出力;×値符飛宮,×六儀撃刑格,△太孛入刑,,△華蓋蓬星,◯乙奇得使,×騰蛇相纏;〇小蛇化龍,,△星髄月転,◯丁奇昇殿,△太白蓬星,×時格,門迫
陰5局丙戌,庚,兌,震,天冲,傷門,午未,癸,辛戊,丙,乙,壬,丁,庚,己,壬,丁,庚,己,癸,辛戊,丙,乙,天英,天芮,天柱,天心,天蓬,天任,天冲,天輔,九地,朱雀,勾陳,六合,太陰,螣蛇,直符,九天,傷門,杜門,景門,死門,驚門,開門,休門,生門,×復見騰蛇,,〇獄神得奇;〇青龍耀明,,×焚入太白,,×日奇入霧,,×幼女奸淫,,×朱雀入獄;〇青龍転光,,×太白入熒,×時格,△地戸蓬星,,反吟;門迫
陰5局丁亥,庚,艮,震,天冲,傷門,午未,丁,庚,己,癸,辛戊,丙,乙,壬,壬,丁,庚,己,癸,辛戊,丙,乙,天任,天冲,天輔,天英,天芮,天柱,天心,天蓬,螣蛇,直符,九天,九地,朱雀,勾陳,六合,太陰,驚門,開門,休門,生門,傷門,杜門,景門,死門,〇五神互合,,△丁丁之格,×時格;×六儀撃刑格,×刑格返名,,×華蓋地戸,×六儀撃刑格,×天牢華蓋;△青龍華蓋,×六儀撃刑格,△謀事成就;〇飛鳥跌穴,◯丙奇得使,〇奇儀順遂,,△格名小蛇,,門迫
陰5局戊子,庚,坤,震,天冲,傷門,午未,辛戊,丙,乙,壬,丁,庚,己,癸,壬,丁,庚,己,癸,辛戊,丙,乙,天芮,天柱,天心,天蓬,天任,天冲,天輔,天英,朱雀,勾陳,六合,太陰,螣蛇,直符,九天,九地,生門,傷門,杜門,景門,死門,驚門,開門,休門,×凶蛇入獄;×龍入天牢,,〇星奇朱雀,,×日奇被刑,◯乙奇昇殿,×凶蛇入獄,×六儀撃刑格,×朱雀投江,×朱雀投江,×白虎干格;×太白伏宮,×時格,×火孛地戸,,△華蓋蓬星,,門迫
陰5局己丑,庚,巽,震,天冲,傷門,午未,乙,壬,丁,庚,己,癸,辛戊,丙,壬,丁,庚,己,癸,辛戊,丙,乙,天心,天蓬,天任,天冲,天輔,天英,天芮,天柱,六合,太陰,螣蛇,直符,九天,九地,朱雀,勾陳,景門,死門,驚門,開門,休門,生門,傷門,杜門,×日奇入地,,△干合蛇刑,,△朱雀入没,,×官符刑格,×刑格;×時格,×地刑玄武,,×網蓋天牢;〇天乙会合,,×干合孛師;〇青龍返首,,〇日月併用,×丙奇入墓,反吟;門迫
陰5局庚寅,庚,震,震,天冲,傷門,午未,壬,丁,庚,己,癸,辛戊,丙,乙,壬,丁,庚,己,癸,辛戊,丙,乙,天蓬,天任,天冲,天輔,天英,天芮,天柱,天心,太陰,螣蛇,直符,九天,九地,朱雀,勾陳,六合,杜門,景門,死門,驚門,開門,休門,生門,傷門,×蛇入地羅,,〇奇入太陰,◯丁奇得使;×丁奇入墓,×太白同宮,×伏宮格;×飛宮格;×時格,×地戸蓬鬼,,×天網四張,,×伏吟天庭;×囚獄被傷;×青龍折足;×伏吟,,×月奇孛師,,△日奇伏吟,◯乙奇得使,伏吟;門迫
陰5局辛卯,庚,坤,震,天冲,傷門,午未,辛戊,丙,乙,壬,丁,庚,己,癸,壬,丁,庚,己,癸,辛戊,丙,乙,天芮,天柱,天心,天蓬,天任,天冲,天輔,天英,朱雀,勾陳,六合,太陰,螣蛇,直符,九天,九地,死門,驚門,開門,休門,生門,傷門,杜門,景門,×凶蛇入獄;×龍入天牢,,〇星奇朱雀,,×日奇被刑,◯乙奇昇殿,×凶蛇入獄,×六儀撃刑格,×朱雀投江,×朱雀投江,×白虎干格;×太白伏宮,×時格,×火孛地戸,,△華蓋蓬星,,門迫
陰5局壬辰,庚,坎,震,天冲,傷門,午未,庚,己,癸,辛戊,丙,乙,壬,丁,壬,丁,庚,己,癸,辛戊,丙,乙,天冲,天輔,天英,天芮,天柱,天心,天蓬,天任,直符,九天,九地,朱雀,勾陳,六合,太陰,螣蛇,開門,休門,生門,傷門,杜門,景門,死門,驚門,×金華水流,×時格,△朱雀入墓,,×太白入網,,×入獄自刑;×貴人入獄,,×華蓋孛師,◯丙奇昇殿,×青龍逃走;×利陰害陽,×青龍逃走;×乙奇入墓,×水蛇入火,,〇人遁吉格,,
陰5局癸巳,庚,離,震,天冲,傷門,午未,丙,乙,壬,丁,庚,己,癸,辛戊,壬,丁,庚,己,癸,辛戊,丙,乙,天柱,天心,天蓬,天任,天冲,天輔,天英,天芮,勾陳,六合,太陰,螣蛇,直符,九天,九地,朱雀,休門,生門,傷門,杜門,景門,死門,驚門,開門,×火入天羅,◯丙奇得使,〇奇儀相佐,,×太白擒蛇,,×火入勾陳,◯丁奇得使,×反吟大格,×時格,×遊魂入墓;△犬遇青龍,×六儀撃刑格,〇華蓋孛師,,×白虎猖狂;△青龍合霊,×白虎猖狂,
陰5局甲午,辛,坤,坤,天芮,死門,辰巳,壬,丁,庚,己,癸,辛戊,丙,乙,壬,丁,庚,己,癸,辛戊,丙,乙,天蓬,天任,天冲,天輔,天英,天芮,天柱,天心,朱雀,勾陳,六合,太陰,螣蛇,直符,九天,九地,休門,生門,傷門,杜門,景門,死門,驚門,開門,×蛇入地羅,,〇奇入太陰,◯丁奇得使;×丁奇入墓,×太白同宮,,×地戸蓬鬼,,×天網四張,,×伏吟天庭;×囚獄被傷;×青龍折足;×伏吟,,×月奇孛師,,△日奇伏吟,◯鬼遁;◯乙奇得使,伏吟
陰5局乙未,辛,壬,坤,天芮,死門,辰巳,丙,乙,壬,丁,庚,己,癸,辛戊,壬,丁,庚,己,癸,辛戊,丙,乙,天柱,天心,天蓬,天任,天冲,天輔,天英,天芮,九天,九地,朱雀,勾陳,六合,太陰,螣蛇,直符,死門,驚門,開門,休門,生門,傷門,杜門,景門,×火入天羅,◯丙奇得使,〇奇儀相佐,,×太白擒蛇,,×火入勾陳,◯丁奇得使,×反吟大格,,×遊魂入墓;△犬遇青龍,×六儀撃刑格,〇華蓋孛師,,×白虎猖狂;△青龍合霊,×白虎猖狂,門迫
陰5局丙申,辛,兌,坤,天芮,死門,辰巳,乙,壬,丁,庚,己,癸,辛戊,丙,壬,丁,庚,己,癸,辛戊,丙,乙,天心,天蓬,天任,天冲,天輔,天英,天芮,天柱,九地,朱雀,勾陳,六合,太陰,螣蛇,直符,九天,生門,傷門,杜門,景門,死門,驚門,開門,休門,×日奇入地,,△干合蛇刑,,△朱雀入没,,×官符刑格,×刑格,×地刑玄武,,×網蓋天牢;〇天乙会合,,×干合孛師;〇青龍返首,,〇日月併用,×丙奇入墓,門迫
陰5局丁酉,辛,艮,坤,天芮,死門,辰巳,癸,辛戊,丙,乙,壬,丁,庚,己,壬,丁,庚,己,癸,辛戊,丙,乙,天英,天芮,天柱,天心,天蓬,天任,天冲,天輔,螣蛇,直符,九天,九地,朱雀,勾陳,六合,太陰,景門,死門,驚門,開門,休門,生門,傷門,杜門,×復見騰蛇,,〇獄神得奇;〇青龍耀明,,×焚入太白,,×日奇入霧,◯地遁;◯風遁;◯鬼遁,×幼女奸淫,,×朱雀入獄;〇青龍転光,,×太白入熒,,△地戸蓬星,,反吟;門迫
陰5局戊戌,辛,坤,坤,天芮,死門,辰巳,壬,丁,庚,己,癸,辛戊,丙,乙,壬,丁,庚,己,癸,辛戊,丙,乙,天蓬,天任,天冲,天輔,天英,天芮,天柱,天心,朱雀,勾陳,六合,太陰,螣蛇,直符,九天,九地,開門,休門,生門,傷門,杜門,景門,死門,驚門,×蛇入地羅,,〇奇入太陰,◯丁奇得使;×丁奇入墓,×太白同宮,,×地戸蓬鬼,,×天網四張,,×伏吟天庭;×囚獄被傷;×青龍折足;×伏吟,,×月奇孛師,,△日奇伏吟,◯乙奇得使,伏吟
陰5局己亥,辛,巽,坤,天芮,死門,辰巳,庚,己,癸,辛戊,丙,乙,壬,丁,壬,丁,庚,己,癸,辛戊,丙,乙,天冲,天輔,天英,天芮,天柱,天心,天蓬,天任,六合,太陰,螣蛇,直符,九天,九地,朱雀,勾陳,驚門,開門,休門,生門,傷門,杜門,景門,死門,×金華水流,,△朱雀入墓,,×太白入網,,×入獄自刑;×貴人入獄,,×華蓋孛師,◯丙奇昇殿,×青龍逃走;×利陰害陽,◯鬼遁;×青龍逃走;×乙奇入墓,×水蛇入火,,〇人遁吉格,◯玉女守門,門迫
陰5局庚子,辛,震,坤,天芮,死門,辰巳,己,癸,辛戊,丙,乙,壬,丁,庚,壬,丁,庚,己,癸,辛戊,丙,乙,天輔,天英,天芮,天柱,天心,天蓬,天任,天冲,太陰,螣蛇,直符,九天,九地,朱雀,勾陳,六合,休門,生門,傷門,杜門,景門,死門,驚門,開門,×地網高張,,×螣蛇妖矯,×螣蛇妖矯,×白虎出力;×値符飛宮,×飛宮格;×六儀撃刑格,△太孛入刑,,△華蓋蓬星,◯乙奇得使,×騰蛇相纏;〇小蛇化龍,,△星髄月転,◯丁奇昇殿,△太白蓬星,,
陰5局辛丑,辛,坤,坤,天芮,死門,辰巳,壬,丁,庚,己,癸,辛戊,丙,乙,壬,丁,庚,己,癸,辛戊,丙,乙,天蓬,天任,天冲,天輔,天英,天芮,天柱,天心,朱雀,勾陳,六合,太陰,螣蛇,直符,九天,九地,傷門,杜門,景門,死門,驚門,開門,休門,生門,×蛇入地羅,,〇奇入太陰,◯丁奇得使;×丁奇入墓,×太白同宮,,×地戸蓬鬼,,×天網四張,,×伏吟天庭;×囚獄被傷;×青龍折足;×伏吟,,×月奇孛師,,△日奇伏吟,◯乙奇得使,伏吟;門迫
陰5局壬寅,辛,坎,坤,天芮,死門,辰巳,辛戊,丙,乙,壬,丁,庚,己,癸,壬,丁,庚,己,癸,辛戊,丙,乙,天芮,天柱,天心,天蓬,天任,天冲,天輔,天英,直符,九天,九地,朱雀,勾陳,六合,太陰,螣蛇,杜門,景門,死門,驚門,開門,休門,生門,傷門,×凶蛇入獄;×龍入天牢,,〇星奇朱雀,,×日奇被刑,◯乙奇昇殿,×凶蛇入獄,×六儀撃刑格,×朱雀投江,×朱雀投江,×白虎干格;×太白伏宮,×伏宮格,×火孛地戸,,△華蓋蓬星,,門迫
陰5局癸卯,辛,離,坤,天芮,死門,辰巳,丁,庚,己,癸,辛戊,丙,乙,壬,壬,丁,庚,己,癸,辛戊,丙,乙,天任,天冲,天輔,天英,天芮,天柱,天心,天蓬,勾陳,六合,太陰,螣蛇,直符,九天,九地,朱雀,休門,生門,傷門,杜門,景門,死門,驚門,開門,〇五神互合,,△丁丁之格,×六儀撃刑格,×刑格返名,,×華蓋地戸,×六儀撃刑格,×天牢華蓋;△青龍華蓋,×六儀撃刑格,△謀事成就;〇飛鳥跌穴,◯丙奇得使,〇奇儀順遂,,△格名小蛇,,
陰5局甲辰,壬,坎,坎,天蓬,休門,寅卯,壬,丁,庚,己,癸,辛戊,丙,乙,壬,丁,庚,己,癸,辛戊,丙,乙,天蓬,天任,天冲,天輔,天英,天芮,天柱,天心,直符,九天,九地,朱雀,勾陳,六合,太陰,螣蛇,休門,生門,傷門,杜門,景門,死門,驚門,開門,×蛇入地羅,,〇奇入太陰,◯丁奇得使;×丁奇入墓,×太白同宮,,×地戸蓬鬼,,×天網四張,,×伏吟天庭;×囚獄被傷;×青龍折足;×伏吟,,×月奇孛師,,△日奇伏吟,◯乙奇得使,伏吟
陰5局乙巳,壬,壬,坎,天蓬,休門,寅卯,丁,庚,己,癸,辛戊,丙,乙,壬,壬,丁,庚,己,癸,辛戊,丙,乙,天任,天冲,天輔,天英,天芮,天柱,天心,天蓬,九天,九地,朱雀,勾陳,六合,太陰,螣蛇,直符,景門,死門,驚門,開門,休門,生門,傷門,杜門,〇五神互合,,△丁丁之格,×六儀撃刑格,×刑格返名,,×華蓋地戸,×六儀撃刑格,×天牢華蓋;△青龍華蓋,×六儀撃刑格,△謀事成就;〇飛鳥跌穴,◯丙奇得使,〇奇儀順遂,,△格名小蛇,×地網,反吟;門迫
陰5局丙午,壬,兌,坎,天蓬,休門,寅卯,庚,己,癸,辛戊,丙,乙,壬,丁,壬,丁,庚,己,癸,辛戊,丙,乙,天冲,天輔,天英,天芮,天柱,天心,天蓬,天任,九地,朱雀,勾陳,六合,太陰,螣蛇,直符,九天,開門,休門,生門,傷門,杜門,景門,死門,驚門,×金華水流,×伏宮格,△朱雀入墓,,×太白入網,,×入獄自刑;×貴人入獄,,×華蓋孛師,◯丙奇昇殿,×青龍逃走;×利陰害陽,×青龍逃走;×乙奇入墓,×水蛇入火,×地網,〇人遁吉格,,
陰5局丁未,壬,艮,坎,天蓬,休門,寅卯,乙,壬,丁,庚,己,癸,辛戊,丙,壬,丁,庚,己,癸,辛戊,丙,乙,天心,天蓬,天任,天冲,天輔,天英,天芮,天柱,螣蛇,直符,九天,九地,朱雀,勾陳,六合,太陰,傷門,杜門,景門,死門,驚門,開門,休門,生門,×日奇入地,,△干合蛇刑,×地網,△朱雀入没,,×官符刑格,×刑格,×地刑玄武,,×網蓋天牢;〇天乙会合,,×干合孛師;〇青龍返首,,〇日月併用,×丙奇入墓,門迫
陰5局戊申,壬,坤,坎,天蓬,休門,寅卯,己,癸,辛戊,丙,乙,壬,丁,庚,壬,丁,庚,己,癸,辛戊,丙,乙,天輔,天英,天芮,天柱,天心,天蓬,天任,天冲,朱雀,勾陳,六合,太陰,螣蛇,直符,九天,九地,生門,傷門,杜門,景門,死門,驚門,開門,休門,×地網高張,,×螣蛇妖矯,×螣蛇妖矯,×白虎出力;×値符飛宮,×六儀撃刑格,△太孛入刑,,△華蓋蓬星,◯乙奇得使,×騰蛇相纏;〇小蛇化龍,×地網,△星髄月転,◯丁奇昇殿,△太白蓬星,,門迫
陰5局己酉,壬,巽,坎,天蓬,休門,寅卯,辛戊,丙,乙,壬,丁,庚,己,癸,壬,丁,庚,己,癸,辛戊,丙,乙,天芮,天柱,天心,天蓬,天任,天冲,天輔,天英,六合,太陰,螣蛇,直符,九天,九地,朱雀,勾陳,杜門,景門,死門,驚門,開門,休門,生門,傷門,×凶蛇入獄;×龍入天牢,,〇星奇朱雀,,×日奇被刑,◯乙奇昇殿,×凶蛇入獄,×地網;×六儀撃刑格,×朱雀投江,×朱雀投江,×白虎干格;×太白伏宮,,×火孛地戸,,△華蓋蓬星,,門迫
陰5局庚戌,壬,震,坎,天蓬,休門,寅卯,丙,乙,壬,丁,庚,己,癸,辛戊,壬,丁,庚,己,癸,辛戊,丙,乙,天柱,天心,天蓬,天任,天冲,天輔,天英,天芮,太陰,螣蛇,直符,九天,九地,朱雀,勾陳,六合,死門,驚門,開門,休門,生門,傷門,杜門,景門,×火入天羅,◯丙奇得使,〇奇儀相佐,,×太白擒蛇,×飛宮格;×地網,×火入勾陳,◯丁奇得使;◯玉女守門,×反吟大格,,×遊魂入墓;△犬遇青龍,×六儀撃刑格,〇華蓋孛師,,×白虎猖狂;△青龍合霊,×白虎猖狂,門迫
陰5局辛亥,壬,坤,坎,天蓬,休門,寅卯,己,癸,辛戊,丙,乙,壬,丁,庚,壬,丁,庚,己,癸,辛戊,丙,乙,天輔,天英,天芮,天柱,天心,天蓬,天任,天冲,朱雀,勾陳,六合,太陰,螣蛇,直符,九天,九地,驚門,開門,休門,生門,傷門,杜門,景門,死門,×地網高張,,×螣蛇妖矯,×螣蛇妖矯,×白虎出力;×値符飛宮,×六儀撃刑格,△太孛入刑,,△華蓋蓬星,◯乙奇得使,×騰蛇相纏;〇小蛇化龍,×地網,△星髄月転,◯丁奇昇殿,△太白蓬星,,門迫
陰5局壬子,壬,坎,坎,天蓬,休門,寅卯,壬,丁,庚,己,癸,辛戊,丙,乙,壬,丁,庚,己,癸,辛戊,丙,乙,天蓬,天任,天冲,天輔,天英,天芮,天柱,天心,直符,九天,九地,朱雀,勾陳,六合,太陰,螣蛇,杜門,景門,死門,驚門,開門,休門,生門,傷門,×蛇入地羅,×地網,〇奇入太陰,◯丁奇得使;×丁奇入墓,×太白同宮,,×地戸蓬鬼,,×天網四張,,×伏吟天庭;×囚獄被傷;×青龍折足;×伏吟,,×月奇孛師,,△日奇伏吟,◯乙奇得使,伏吟;門迫
陰5局癸丑,壬,離,坎,天蓬,休門,寅卯,癸,辛戊,丙,乙,壬,丁,庚,己,壬,丁,庚,己,癸,辛戊,丙,乙,天英,天芮,天柱,天心,天蓬,天任,天冲,天輔,勾陳,六合,太陰,螣蛇,直符,九天,九地,朱雀,休門,生門,傷門,杜門,景門,死門,驚門,開門,×復見騰蛇,,〇獄神得奇;〇青龍耀明,,×焚入太白,,×日奇入霧,,×幼女奸淫,×地網,×朱雀入獄;〇青龍転光,,×太白入熒,,△地戸蓬星,,反吟
陰5局甲寅,癸,離,離,天英,景門,子丑,壬,丁,庚,己,癸,辛戊,丙,乙,壬,丁,庚,己,癸,辛戊,丙,乙,天蓬,天任,天冲,天輔,天英,天芮,天柱,天心,勾陳,六合,太陰,螣蛇,直符,九天,九地,朱雀,休門,生門,傷門,杜門,景門,死門,驚門,開門,×蛇入地羅,,〇奇入太陰,◯丁奇得使;×丁奇入墓,×太白同宮,,×地戸蓬鬼,,×天網四張,,×伏吟天庭;×囚獄被傷;×青龍折足;×伏吟,,×月奇孛師,,△日奇伏吟,◯乙奇得使,伏吟
陰5局乙卯,癸,壬,離,天英,景門,子丑,辛戊,丙,乙,壬,丁,庚,己,癸,壬,丁,庚,己,癸,辛戊,丙,乙,天芮,天柱,天心,天蓬,天任,天冲,天輔,天英,九天,九地,朱雀,勾陳,六合,太陰,螣蛇,直符,杜門,景門,死門,驚門,開門,休門,生門,傷門,×凶蛇入獄;×龍入天牢,,〇星奇朱雀,,×日奇被刑,◯乙奇昇殿,×凶蛇入獄,×六儀撃刑格,×朱雀投江,×朱雀投江,×白虎干格;×太白伏宮,,×火孛地戸,,△華蓋蓬星,×天羅,門迫
陰5局丙辰,癸,兌,離,天英,景門,子丑,丙,乙,壬,丁,庚,己,癸,辛戊,壬,丁,庚,己,癸,辛戊,丙,乙,天柱,天心,天蓬,天任,天冲,天輔,天英,天芮,九地,朱雀,勾陳,六合,太陰,螣蛇,直符,九天,驚門,開門,休門,生門,傷門,杜門,景門,死門,×火入天羅,◯丙奇得使,〇奇儀相佐,,×太白擒蛇,,×火入勾陳,◯丁奇得使,×反吟大格,×伏宮格,×遊魂入墓;△犬遇青龍,×六儀撃刑格,〇華蓋孛師,×天羅,×白虎猖狂;△青龍合霊,×白虎猖狂,門迫
陰5局丁巳,癸,艮,離,天英,景門,子丑,己,癸,辛戊,丙,乙,壬,丁,庚,壬,丁,庚,己,癸,辛戊,丙,乙,天輔,天英,天芮,天柱,天心,天蓬,天任,天冲,螣蛇,直符,九天,九地,朱雀,勾陳,六合,太陰,死門,驚門,開門,休門,生門,傷門,杜門,景門,×地網高張,,×螣蛇妖矯,×螣蛇妖矯;×天羅,×白虎出力;×値符飛宮,×六儀撃刑格,△太孛入刑,,△華蓋蓬星,◯乙奇得使,×騰蛇相纏;〇小蛇化龍,,△星髄月転,◯丁奇昇殿,△太白蓬星,,門迫
陰5局戊午,癸,坤,離,天英,景門,子丑,乙,壬,丁,庚,己,癸,辛戊,丙,壬,丁,庚,己,癸,辛戊,丙,乙,天心,天蓬,天任,天冲,天輔,天英,天芮,天柱,朱雀,勾陳,六合,太陰,螣蛇,直符,九天,九地,開門,休門,生門,傷門,杜門,景門,死門,驚門,×日奇入地,,△干合蛇刑,,△朱雀入没,,×官符刑格,×刑格,×地刑玄武,,×網蓋天牢;〇天乙会合,×天羅,×干合孛師;〇青龍返首,,〇日月併用,×丙奇入墓,
陰5局己未,癸,巽,離,天英,景門,子丑,丁,庚,己,癸,辛戊,丙,乙,壬,壬,丁,庚,己,癸,辛戊,丙,乙,天任,天冲,天輔,天英,天芮,天柱,天心,天蓬,六合,太陰,螣蛇,直符,九天,九地,朱雀,勾陳,生門,傷門,杜門,景門,死門,驚門,開門,休門,〇五神互合,,△丁丁之格,×六儀撃刑格,×刑格返名,,×華蓋地戸,×天羅;×六儀撃刑格,×天牢華蓋;△青龍華蓋,×六儀撃刑格,△謀事成就;〇飛鳥跌穴,◯丙奇得使,〇奇儀順遂,,△格名小蛇,,門迫
陰5局庚申,癸,震,離,天英,景門,子丑,庚,己,癸,辛戊,丙,乙,壬,丁,壬,丁,庚,己,癸,辛戊,丙,乙,天冲,天輔,天英,天芮,天柱,天心,天蓬,天任,太陰,螣蛇,直符,九天,九地,朱雀,勾陳,六合,傷門,杜門,景門,死門,驚門,開門,休門,生門,×金華水流,,△朱雀入墓,,×太白入網,×飛宮格;×天羅,×入獄自刑;×貴人入獄,,×華蓋孛師,◯丙奇昇殿,×青龍逃走;×利陰害陽,◯雲遁;×青龍逃走;×乙奇入墓,×水蛇入火,,〇人遁吉格,,門迫
陰5局辛酉,癸,坤,離,天英,景門,子丑,乙,壬,丁,庚,己,癸,辛戊,丙,壬,丁,庚,己,癸,辛戊,丙,乙,天心,天蓬,天任,天冲,天輔,天英,天芮,天柱,朱雀,勾陳,六合,太陰,螣蛇,直符,九天,九地,開門,休門,生門,傷門,杜門,景門,死門,驚門,×日奇入地,,△干合蛇刑,,△朱雀入没,,×官符刑格,×刑格,×地刑玄武,,×網蓋天牢;〇天乙会合,×天羅,×干合孛師;〇青龍返首,,〇日月併用,×丙奇入墓,
陰5局壬戌,癸,坎,離,天英,景門,子丑,癸,辛戊,丙,乙,壬,丁,庚,己,壬,丁,庚,己,癸,辛戊,丙,乙,天英,天芮,天柱,天心,天蓬,天任,天冲,天輔,直符,九天,九地,朱雀,勾陳,六合,太陰,螣蛇,景門,死門,驚門,開門,休門,生門,傷門,杜門,×復見騰蛇,×天羅,〇獄神得奇;〇青龍耀明,,×焚入太白,,×日奇入霧,◯地遁;◯風遁,×幼女奸淫,,×朱雀入獄;〇青龍転光,,×太白入熒,,△地戸蓬星,,反吟;門迫
陰5局癸亥,癸,離,離,天英,景門,子丑,壬,丁,庚,己,癸,辛戊,丙,乙,壬,丁,庚,己,癸,辛戊,丙,乙,天蓬,天任,天冲,天輔,天英,天芮,天柱,天心,勾陳,六合,太陰,螣蛇,直符,九天,九地,朱雀,休門,生門,傷門,杜門,景門,死門,驚門,開門,×蛇入地羅,,〇奇入太陰,◯丁奇得使;×丁奇入墓,×太白同宮,,×地戸蓬鬼,,×天網四張,×天羅,×伏吟天庭;×囚獄被傷;×青龍折足;×伏吟,,×月奇孛師,,△日奇伏吟,◯乙奇得使,伏吟
陰6局甲子,戊,壬,乾,天心,開門,戌亥,癸,丙,辛,庚,丁,壬己,乙,戊,癸,丙,辛,庚,丁,壬己,乙,戊,天蓬,天任,天冲,天輔,天英,天芮,天柱,天心,九天,九地,朱雀,勾陳,六合,太陰,螣蛇,直符,休門,生門,傷門,杜門,景門,死門,驚門,開門,×天網四張,,×月奇孛師,,×伏吟天庭,,×太白同宮,,〇奇入太陰,,×蛇入地羅;×凶蛇入獄;×地網高張;×地戸蓬鬼,×六儀撃刑格,△日奇伏吟,,×伏吟,,伏吟
陰6局乙丑,戊,兌,乾,天心,開門,戌亥,丙,辛,庚,丁,壬己,乙,戊,癸,癸,丙,辛,庚,丁,壬己,乙,戊,天任,天冲,天輔,天英,天芮,天柱,天心,天蓬,九地,朱雀,勾陳,六合,太陰,螣蛇,直符,九天,傷門,杜門,景門,死門,驚門,開門,休門,生門,×華蓋孛師,◯丙奇得使,×干合孛師,,×白虎干格,,△朱雀入没,◯丁奇得使,△干合蛇刑;△朱雀入墓,,×日奇入地;×日奇入霧,◯地遁;◯雲遁;×乙奇入墓,△青龍合霊,,〇天乙会合,,門迫
陰6局丙寅,戊,艮,乾,天心,開門,戌亥,乙,戊,癸,丙,辛,庚,丁,壬己,癸,丙,辛,庚,丁,壬己,乙,戊,天柱,天心,天蓬,天任,天冲,天輔,天英,天芮,螣蛇,直符,九天,九地,朱雀,勾陳,六合,太陰,景門,死門,驚門,開門,休門,生門,傷門,杜門,△華蓋蓬星,,〇青龍返首,,×網蓋天牢,,×焚入太白,,〇獄神得奇,×六儀撃刑格,×金華水流;×官符刑格,×刑格,〇人遁吉格,◯丁奇昇殿,〇小蛇化龍;△犬遇青龍,,反吟;門迫
陰6局丁卯,戊,離,乾,天心,開門,戌亥,庚,丁,壬己,乙,戊,癸,丙,辛,癸,丙,辛,庚,丁,壬己,乙,戊,天輔,天英,天芮,天柱,天心,天蓬,天任,天冲,勾陳,六合,太陰,螣蛇,直符,九天,九地,朱雀,死門,驚門,開門,休門,生門,傷門,杜門,景門,×反吟大格,,△星髄月転,◯丁奇得使;×丁奇入墓,×騰蛇相纏;×遊魂入墓,,×日奇被刑,◯風遁,〇青龍耀明,,×復見騰蛇;×華蓋地戸,,〇日月併用,,×囚獄被傷,,門迫
陰6局戊辰,戊,壬,乾,天心,開門,戌亥,癸,丙,辛,庚,丁,壬己,乙,戊,癸,丙,辛,庚,丁,壬己,乙,戊,天蓬,天任,天冲,天輔,天英,天芮,天柱,天心,九天,九地,朱雀,勾陳,六合,太陰,螣蛇,直符,傷門,杜門,景門,死門,驚門,開門,休門,生門,×天網四張,,×月奇孛師,,×伏吟天庭,,×太白同宮,,〇奇入太陰,,×蛇入地羅;×凶蛇入獄;×地網高張;×地戸蓬鬼,×六儀撃刑格,△日奇伏吟,,×伏吟,,伏吟;門迫
陰6局己巳,戊,坤,乾,天心,開門,戌亥,辛,庚,丁,壬己,乙,戊,癸,丙,癸,丙,辛,庚,丁,壬己,乙,戊,天冲,天輔,天英,天芮,天柱,天心,天蓬,天任,朱雀,勾陳,六合,太陰,螣蛇,直符,九天,九地,開門,休門,生門,傷門,杜門,景門,死門,驚門,×天牢華蓋,,×太白入熒,×六儀撃刑格,×朱雀入獄,,×太白擒蛇;×刑格返名,×六儀撃刑格,〇奇儀相佐,◯乙奇得使,×龍入天牢;×貴人入獄,,△華蓋蓬星,,〇飛鳥跌穴,×丙奇入墓,
陰6局庚午,戊,巽,乾,天心,開門,戌亥,丁,壬己,乙,戊,癸,丙,辛,庚,癸,丙,辛,庚,丁,壬己,乙,戊,天英,天芮,天柱,天心,天蓬,天任,天冲,天輔,六合,太陰,螣蛇,直符,九天,九地,朱雀,勾陳,杜門,景門,死門,驚門,開門,休門,生門,傷門,×朱雀投江,×朱雀投江,×水蛇入火;×火孛地戸,,×青龍逃走,◯乙奇昇殿;×青龍逃走,×値符飛宮,×飛宮格,×螣蛇妖矯,×螣蛇妖矯,×火入天羅;△太孛入刑,◯丙奇得使,×白虎猖狂,×白虎猖狂,×太白伏宮,×伏宮格,反吟;門迫
陰6局辛未,戊,震,乾,天心,開門,戌亥,壬己,乙,戊,癸,丙,辛,庚,丁,癸,丙,辛,庚,丁,壬己,乙,戊,天芮,天柱,天心,天蓬,天任,天冲,天輔,天英,太陰,螣蛇,直符,九天,九地,朱雀,勾陳,六合,驚門,開門,休門,生門,傷門,杜門,景門,死門,×幼女奸淫;×地刑玄武,,〇奇儀順遂,,×青龍折足,×六儀撃刑格,×太白入網,×六儀撃刑格,〇星奇朱雀,◯丙奇昇殿,×凶蛇入獄;×入獄自刑,,△太白蓬星,,〇青龍転光,,門迫
陰6局壬申,戊,坤,乾,天心,開門,戌亥,辛,庚,丁,壬己,乙,戊,癸,丙,癸,丙,辛,庚,丁,壬己,乙,戊,天冲,天輔,天英,天芮,天柱,天心,天蓬,天任,朱雀,勾陳,六合,太陰,螣蛇,直符,九天,九地,生門,傷門,杜門,景門,死門,驚門,開門,休門,×天牢華蓋,,×太白入熒,×六儀撃刑格,×朱雀入獄,,×太白擒蛇;×刑格返名,×六儀撃刑格,〇奇儀相佐,◯乙奇得使,×龍入天牢;×貴人入獄,,△華蓋蓬星,,〇飛鳥跌穴,×丙奇入墓,門迫
陰6局癸酉,戊,坎,乾,天心,開門,戌亥,戊,癸,丙,辛,庚,丁,壬己,乙,癸,丙,辛,庚,丁,壬己,乙,戊,天心,天蓬,天任,天冲,天輔,天英,天芮,天柱,直符,九天,九地,朱雀,勾陳,六合,太陰,螣蛇,休門,生門,傷門,杜門,景門,死門,驚門,開門,△青龍華蓋,,〇華蓋孛師,,△謀事成就,,×白虎出力,,△丁丁之格,,〇五神互合;×火入勾陳,,△格名小蛇;△地戸蓬星,,×利陰害陽,◯乙奇得使,
陰6局甲戌,己,坤,坤,天芮,死門,申酉,癸,丙,辛,庚,丁,壬己,乙,戊,癸,丙,辛,庚,丁,壬己,乙,戊,天蓬,天任,天冲,天輔,天英,天芮,天柱,天心,朱雀,勾陳,六合,太陰,螣蛇,直符,九天,九地,休門,生門,傷門,杜門,景門,死門,驚門,開門,×天網四張,,×月奇孛師,,×伏吟天庭,,×太白同宮,,〇奇入太陰,,×蛇入地羅;×凶蛇入獄;×地網高張;×地戸蓬鬼,×六儀撃刑格,△日奇伏吟,,×伏吟,,伏吟
陰6局乙亥,己,兌,坤,天芮,死門,申酉,戊,癸,丙,辛,庚,丁,壬己,乙,癸,丙,辛,庚,丁,壬己,乙,戊,天心,天蓬,天任,天冲,天輔,天英,天芮,天柱,九地,朱雀,勾陳,六合,太陰,螣蛇,直符,九天,傷門,杜門,景門,死門,驚門,開門,休門,生門,△青龍華蓋,,〇華蓋孛師,,△謀事成就,,×白虎出力,,△丁丁之格,,〇五神互合;×火入勾陳,,△格名小蛇;△地戸蓬星,×地網,×利陰害陽,◯乙奇得使,門迫
陰6局丙子,己,艮,坤,天芮,死門,申酉,丁,壬己,乙,戊,癸,丙,辛,庚,癸,丙,辛,庚,丁,壬己,乙,戊,天英,天芮,天柱,天心,天蓬,天任,天冲,天輔,螣蛇,直符,九天,九地,朱雀,勾陳,六合,太陰,杜門,景門,死門,驚門,開門,休門,生門,傷門,×朱雀投江,×朱雀投江,×水蛇入火;×火孛地戸,×地網,×青龍逃走,◯乙奇昇殿;×青龍逃走,×値符飛宮,,×螣蛇妖矯,×螣蛇妖矯,×火入天羅;△太孛入刑,◯丙奇得使,×白虎猖狂,×白虎猖狂,×太白伏宮,,反吟;門迫
陰6局丁丑,己,離,坤,天芮,死門,申酉,丙,辛,庚,丁,壬己,乙,戊,癸,癸,丙,辛,庚,丁,壬己,乙,戊,天任,天冲,天輔,天英,天芮,天柱,天心,天蓬,勾陳,六合,太陰,螣蛇,直符,九天,九地,朱雀,休門,生門,傷門,杜門,景門,死門,驚門,開門,×華蓋孛師,◯丙奇得使,×干合孛師,,×白虎干格,,△朱雀入没,◯丁奇得使,△干合蛇刑;△朱雀入墓,×地網,×日奇入地;×日奇入霧,×乙奇入墓,△青龍合霊,,〇天乙会合,,
陰6局戊寅,己,乾,坤,天芮,死門,申酉,乙,戊,癸,丙,辛,庚,丁,壬己,癸,丙,辛,庚,丁,壬己,乙,戊,天柱,天心,天蓬,天任,天冲,天輔,天英,天芮,九天,九地,朱雀,勾陳,六合,太陰,螣蛇,直符,死門,驚門,開門,休門,生門,傷門,杜門,景門,△華蓋蓬星,,〇青龍返首,,×網蓋天牢,,×焚入太白,,〇獄神得奇,×六儀撃刑格,×金華水流;×官符刑格,×伏宮格;×刑格,〇人遁吉格,◯丁奇昇殿,〇小蛇化龍;△犬遇青龍,×地網,門迫
陰6局己卯,己,坤,坤,天芮,死門,申酉,癸,丙,辛,庚,丁,壬己,乙,戊,癸,丙,辛,庚,丁,壬己,乙,戊,天蓬,天任,天冲,天輔,天英,天芮,天柱,天心,朱雀,勾陳,六合,太陰,螣蛇,直符,九天,九地,生門,傷門,杜門,景門,死門,驚門,開門,休門,×天網四張,,×月奇孛師,,×伏吟天庭,,×太白同宮,,〇奇入太陰,◯玉女守門,×蛇入地羅;×凶蛇入獄;×地網高張;×地戸蓬鬼,×地網;×六儀撃刑格,△日奇伏吟,,×伏吟,,伏吟;門迫
陰6局庚辰,己,巽,坤,天芮,死門,申酉,辛,庚,丁,壬己,乙,戊,癸,丙,癸,丙,辛,庚,丁,壬己,乙,戊,天冲,天輔,天英,天芮,天柱,天心,天蓬,天任,六合,太陰,螣蛇,直符,九天,九地,朱雀,勾陳,景門,死門,驚門,開門,休門,生門,傷門,杜門,×天牢華蓋,,×太白入熒,×六儀撃刑格,×朱雀入獄,,×太白擒蛇;×刑格返名,×飛宮格;×地網;×六儀撃刑格,〇奇儀相佐,◯乙奇得使,×龍入天牢;×貴人入獄,,△華蓋蓬星,,〇飛鳥跌穴,×丙奇入墓,反吟;門迫
陰6局辛巳,己,震,坤,天芮,死門,申酉,庚,丁,壬己,乙,戊,癸,丙,辛,癸,丙,辛,庚,丁,壬己,乙,戊,天輔,天英,天芮,天柱,天心,天蓬,天任,天冲,太陰,螣蛇,直符,九天,九地,朱雀,勾陳,六合,開門,休門,生門,傷門,杜門,景門,死門,驚門,×反吟大格,,△星髄月転,◯丁奇得使;×丁奇入墓,×騰蛇相纏;×遊魂入墓,×地網,×日奇被刑,,〇青龍耀明,,×復見騰蛇;×華蓋地戸,,〇日月併用,,×囚獄被傷,,
陰6局壬午,己,坤,坤,天芮,死門,申酉,癸,丙,辛,庚,丁,壬己,乙,戊,癸,丙,辛,庚,丁,壬己,乙,戊,天蓬,天任,天冲,天輔,天英,天芮,天柱,天心,朱雀,勾陳,六合,太陰,螣蛇,直符,九天,九地,驚門,開門,休門,生門,傷門,杜門,景門,死門,×天網四張,,×月奇孛師,,×伏吟天庭,,×太白同宮,,〇奇入太陰,,×蛇入地羅;×凶蛇入獄;×地網高張;×地戸蓬鬼,×地網;×六儀撃刑格,△日奇伏吟,,×伏吟,,伏吟;門迫
陰6局癸未,己,坎,坤,天芮,死門,申酉,壬己,乙,戊,癸,丙,辛,庚,丁,癸,丙,辛,庚,丁,壬己,乙,戊,天芮,天柱,天心,天蓬,天任,天冲,天輔,天英,直符,九天,九地,朱雀,勾陳,六合,太陰,螣蛇,休門,生門,傷門,杜門,景門,死門,驚門,開門,×幼女奸淫;×地刑玄武,×地網,〇奇儀順遂,,×青龍折足,×六儀撃刑格,×太白入網,×六儀撃刑格,〇星奇朱雀,◯丙奇昇殿,×凶蛇入獄;×入獄自刑,,△太白蓬星,,〇青龍転光,,
陰6局甲申,庚,巽,巽,天輔,杜門,午未,癸,丙,辛,庚,丁,壬己,乙,戊,癸,丙,辛,庚,丁,壬己,乙,戊,天蓬,天任,天冲,天輔,天英,天芮,天柱,天心,六合,太陰,螣蛇,直符,九天,九地,朱雀,勾陳,休門,生門,傷門,杜門,景門,死門,驚門,開門,×天網四張,,×月奇孛師,,×伏吟天庭,,×太白同宮,×伏宮格;×飛宮格,〇奇入太陰,,×蛇入地羅;×凶蛇入獄;×地網高張;×地戸蓬鬼,×六儀撃刑格,△日奇伏吟,,×伏吟,,伏吟
陰6局乙酉,庚,兌,巽,天輔,杜門,午未,壬己,乙,戊,癸,丙,辛,庚,丁,癸,丙,辛,庚,丁,壬己,乙,戊,天芮,天柱,天心,天蓬,天任,天冲,天輔,天英,九地,朱雀,勾陳,六合,太陰,螣蛇,直符,九天,生門,傷門,杜門,景門,死門,驚門,開門,休門,×幼女奸淫;×地刑玄武,,〇奇儀順遂,,×青龍折足,×六儀撃刑格,×太白入網,×六儀撃刑格,〇星奇朱雀,◯丙奇昇殿,×凶蛇入獄;×入獄自刑,,△太白蓬星,×時格,〇青龍転光,,門迫
陰6局丙戌,庚,艮,巽,天輔,杜門,午未,辛,庚,丁,壬己,乙,戊,癸,丙,癸,丙,辛,庚,丁,壬己,乙,戊,天冲,天輔,天英,天芮,天柱,天心,天蓬,天任,螣蛇,直符,九天,九地,朱雀,勾陳,六合,太陰,驚門,開門,休門,生門,傷門,杜門,景門,死門,×天牢華蓋,,×太白入熒,×時格;×六儀撃刑格,×朱雀入獄,,×太白擒蛇;×刑格返名,×六儀撃刑格,〇奇儀相佐,◯乙奇得使,×龍入天牢;×貴人入獄,,△華蓋蓬星,,〇飛鳥跌穴,×丙奇入墓,門迫
陰6局丁亥,庚,離,巽,天輔,杜門,午未,戊,癸,丙,辛,庚,丁,壬己,乙,癸,丙,辛,庚,丁,壬己,乙,戊,天心,天蓬,天任,天冲,天輔,天英,天芮,天柱,勾陳,六合,太陰,螣蛇,直符,九天,九地,朱雀,杜門,景門,死門,驚門,開門,休門,生門,傷門,△青龍華蓋,,〇華蓋孛師,,△謀事成就,,×白虎出力,,△丁丁之格,×時格,〇五神互合;×火入勾陳,,△格名小蛇;△地戸蓬星,,×利陰害陽,◯乙奇得使,門迫
陰6局戊子,庚,壬,巽,天輔,杜門,午未,丁,壬己,乙,戊,癸,丙,辛,庚,癸,丙,辛,庚,丁,壬己,乙,戊,天英,天芮,天柱,天心,天蓬,天任,天冲,天輔,九天,九地,朱雀,勾陳,六合,太陰,螣蛇,直符,開門,休門,生門,傷門,杜門,景門,死門,驚門,×朱雀投江,×朱雀投江,×水蛇入火;×火孛地戸,,×青龍逃走,◯雲遁;◯乙奇昇殿;×青龍逃走,×値符飛宮,,×螣蛇妖矯,×螣蛇妖矯,×火入天羅;△太孛入刑,◯丙奇得使,×白虎猖狂,×白虎猖狂,×太白伏宮,×時格,反吟
陰6局己丑,庚,坤,巽,天輔,杜門,午未,乙,戊,癸,丙,辛,庚,丁,壬己,癸,丙,辛,庚,丁,壬己,乙,戊,天柱,天心,天蓬,天任,天冲,天輔,天英,天芮,朱雀,勾陳,六合,太陰,螣蛇,直符,九天,九地,傷門,杜門,景門,死門,驚門,開門,休門,生門,△華蓋蓬星,,〇青龍返首,,×網蓋天牢,,×焚入太白,,〇獄神得奇,×六儀撃刑格,×金華水流;×官符刑格,×刑格;×時格,〇人遁吉格,◯丁奇昇殿,〇小蛇化龍;△犬遇青龍,,門迫
陰6局庚寅,庚,巽,巽,天輔,杜門,午未,癸,丙,辛,庚,丁,壬己,乙,戊,癸,丙,辛,庚,丁,壬己,乙,戊,天蓬,天任,天冲,天輔,天英,天芮,天柱,天心,六合,太陰,螣蛇,直符,九天,九地,朱雀,勾陳,死門,驚門,開門,休門,生門,傷門,杜門,景門,×天網四張,,×月奇孛師,,×伏吟天庭,,×太白同宮,×伏宮格;×飛宮格;×時格,〇奇入太陰,,×蛇入地羅;×凶蛇入獄;×地網高張;×地戸蓬鬼,×六儀撃刑格,△日奇伏吟,,×伏吟,,伏吟;門迫
陰6局辛卯,庚,震,巽,天輔,杜門,午未,丙,辛,庚,丁,壬己,乙,戊,癸,癸,丙,辛,庚,丁,壬己,乙,戊,天任,天冲,天輔,天英,天芮,天柱,天心,天蓬,太陰,螣蛇,直符,九天,九地,朱雀,勾陳,六合,景門,死門,驚門,開門,休門,生門,傷門,杜門,×華蓋孛師,◯丙奇得使,×干合孛師,,×白虎干格,×時格,△朱雀入没,◯丁奇得使,△干合蛇刑;△朱雀入墓,,×日奇入地;×日奇入霧,×乙奇入墓,△青龍合霊,,〇天乙会合,,反吟;門迫
陰6局壬辰,庚,坤,巽,天輔,杜門,午未,乙,戊,癸,丙,辛,庚,丁,壬己,癸,丙,辛,庚,丁,壬己,乙,戊,天柱,天心,天蓬,天任,天冲,天輔,天英,天芮,朱雀,勾陳,六合,太陰,螣蛇,直符,九天,九地,驚門,開門,休門,生門,傷門,杜門,景門,死門,△華蓋蓬星,,〇青龍返首,,×網蓋天牢,,×焚入太白,,〇獄神得奇,×六儀撃刑格,×金華水流;×官符刑格,×刑格;×時格,〇人遁吉格,◯丁奇昇殿,〇小蛇化龍;△犬遇青龍,,門迫
陰6局癸巳,庚,坎,巽,天輔,杜門,午未,庚,丁,壬己,乙,戊,癸,丙,辛,癸,丙,辛,庚,丁,壬己,乙,戊,天輔,天英,天芮,天柱,天心,天蓬,天任,天冲,直符,九天,九地,朱雀,勾陳,六合,太陰,螣蛇,休門,生門,傷門,杜門,景門,死門,驚門,開門,×反吟大格,×時格,△星髄月転,◯丁奇得使;×丁奇入墓,×騰蛇相纏;×遊魂入墓,,×日奇被刑,,〇青龍耀明,,×復見騰蛇;×華蓋地戸,,〇日月併用,,×囚獄被傷,,
陰6局甲午,辛,震,震,天冲,傷門,辰巳,癸,丙,辛,庚,丁,壬己,乙,戊,癸,丙,辛,庚,丁,壬己,乙,戊,天蓬,天任,天冲,天輔,天英,天芮,天柱,天心,太陰,螣蛇,直符,九天,九地,朱雀,勾陳,六合,休門,生門,傷門,杜門,景門,死門,驚門,開門,×天網四張,,×月奇孛師,,×伏吟天庭,,×太白同宮,,〇奇入太陰,,×蛇入地羅;×凶蛇入獄;×地網高張;×地戸蓬鬼,×六儀撃刑格,△日奇伏吟,,×伏吟,,伏吟
陰6局乙未,辛,兌,震,天冲,傷門,辰巳,丁,壬己,乙,戊,癸,丙,辛,庚,癸,丙,辛,庚,丁,壬己,乙,戊,天英,天芮,天柱,天心,天蓬,天任,天冲,天輔,九地,朱雀,勾陳,六合,太陰,螣蛇,直符,九天,死門,驚門,開門,休門,生門,傷門,杜門,景門,×朱雀投江,×朱雀投江,×水蛇入火;×火孛地戸,,×青龍逃走,◯雲遁;◯乙奇昇殿;×青龍逃走,×値符飛宮,,×螣蛇妖矯,×螣蛇妖矯,×火入天羅;△太孛入刑,◯丙奇得使,×白虎猖狂,×白虎猖狂,×太白伏宮,,反吟;門迫
陰6局丙申,辛,艮,震,天冲,傷門,辰巳,丙,辛,庚,丁,壬己,乙,戊,癸,癸,丙,辛,庚,丁,壬己,乙,戊,天任,天冲,天輔,天英,天芮,天柱,天心,天蓬,螣蛇,直符,九天,九地,朱雀,勾陳,六合,太陰,傷門,杜門,景門,死門,驚門,開門,休門,生門,×華蓋孛師,◯丙奇得使,×干合孛師,,×白虎干格,×伏宮格,△朱雀入没,◯丁奇得使,△干合蛇刑;△朱雀入墓,,×日奇入地;×日奇入霧,◯地遁;◯雲遁;×乙奇入墓,△青龍合霊,,〇天乙会合,,門迫
陰6局丁酉,辛,離,震,天冲,傷門,辰巳,乙,戊,癸,丙,辛,庚,丁,壬己,癸,丙,辛,庚,丁,壬己,乙,戊,天柱,天心,天蓬,天任,天冲,天輔,天英,天芮,勾陳,六合,太陰,螣蛇,直符,九天,九地,朱雀,驚門,開門,休門,生門,傷門,杜門,景門,死門,△華蓋蓬星,,〇青龍返首,,×網蓋天牢,,×焚入太白,,〇獄神得奇,×六儀撃刑格,×金華水流;×官符刑格,×刑格,〇人遁吉格,◯丁奇昇殿,〇小蛇化龍;△犬遇青龍,,門迫
陰6局戊戌,辛,壬,震,天冲,傷門,辰巳,庚,丁,壬己,乙,戊,癸,丙,辛,癸,丙,辛,庚,丁,壬己,乙,戊,天輔,天英,天芮,天柱,天心,天蓬,天任,天冲,九天,九地,朱雀,勾陳,六合,太陰,螣蛇,直符,生門,傷門,杜門,景門,死門,驚門,開門,休門,×反吟大格,,△星髄月転,◯丁奇得使;◯玉女守門;×丁奇入墓,×騰蛇相纏;×遊魂入墓,,×日奇被刑,,〇青龍耀明,,×復見騰蛇;×華蓋地戸,,〇日月併用,,×囚獄被傷,,門迫
陰6局己亥,辛,坤,震,天冲,傷門,辰巳,壬己,乙,戊,癸,丙,辛,庚,丁,癸,丙,辛,庚,丁,壬己,乙,戊,天芮,天柱,天心,天蓬,天任,天冲,天輔,天英,朱雀,勾陳,六合,太陰,螣蛇,直符,九天,九地,景門,死門,驚門,開門,休門,生門,傷門,杜門,×幼女奸淫;×地刑玄武,,〇奇儀順遂,,×青龍折足,×六儀撃刑格,×太白入網,×六儀撃刑格,〇星奇朱雀,◯丙奇昇殿,×凶蛇入獄;×入獄自刑,,△太白蓬星,,〇青龍転光,,反吟;門迫
陰6局庚子,辛,巽,震,天冲,傷門,辰巳,戊,癸,丙,辛,庚,丁,壬己,乙,癸,丙,辛,庚,丁,壬己,乙,戊,天心,天蓬,天任,天冲,天輔,天英,天芮,天柱,六合,太陰,螣蛇,直符,九天,九地,朱雀,勾陳,杜門,景門,死門,驚門,開門,休門,生門,傷門,△青龍華蓋,,〇華蓋孛師,,△謀事成就,,×白虎出力,×飛宮格,△丁丁之格,,〇五神互合;×火入勾陳,,△格名小蛇;△地戸蓬星,,×利陰害陽,◯乙奇得使,門迫
陰6局辛丑,辛,震,震,天冲,傷門,辰巳,癸,丙,辛,庚,丁,壬己,乙,戊,癸,丙,辛,庚,丁,壬己,乙,戊,天蓬,天任,天冲,天輔,天英,天芮,天柱,天心,太陰,螣蛇,直符,九天,九地,朱雀,勾陳,六合,死門,驚門,開門,休門,生門,傷門,杜門,景門,×天網四張,,×月奇孛師,,×伏吟天庭,,×太白同宮,,〇奇入太陰,,×蛇入地羅;×凶蛇入獄;×地網高張;×地戸蓬鬼,×六儀撃刑格,△日奇伏吟,,×伏吟,,伏吟;門迫
陰6局壬寅,辛,坤,震,天冲,傷門,辰巳,壬己,乙,戊,癸,丙,辛,庚,丁,癸,丙,辛,庚,丁,壬己,乙,戊,天芮,天柱,天心,天蓬,天任,天冲,天輔,天英,朱雀,勾陳,六合,太陰,螣蛇,直符,九天,九地,開門,休門,生門,傷門,杜門,景門,死門,驚門,×幼女奸淫;×地刑玄武,,〇奇儀順遂,,×青龍折足,×六儀撃刑格,×太白入網,×六儀撃刑格,〇星奇朱雀,◯丙奇昇殿,×凶蛇入獄;×入獄自刑,,△太白蓬星,,〇青龍転光,,
陰6局癸卯,辛,坎,震,天冲,傷門,辰巳,辛,庚,丁,壬己,乙,戊,癸,丙,癸,丙,辛,庚,丁,壬己,乙,戊,天冲,天輔,天英,天芮,天柱,天心,天蓬,天任,直符,九天,九地,朱雀,勾陳,六合,太陰,螣蛇,休門,生門,傷門,杜門,景門,死門,驚門,開門,×天牢華蓋,,×太白入熒,×六儀撃刑格,×朱雀入獄,◯玉女守門,×太白擒蛇;×刑格返名,×六儀撃刑格,〇奇儀相佐,◯乙奇得使,×龍入天牢;×貴人入獄,,△華蓋蓬星,,〇飛鳥跌穴,×丙奇入墓,
陰6局甲辰,壬,坤,坤,天芮,死門,寅卯,癸,丙,辛,庚,丁,壬己,乙,戊,癸,丙,辛,庚,丁,壬己,乙,戊,天蓬,天任,天冲,天輔,天英,天芮,天柱,天心,朱雀,勾陳,六合,太陰,螣蛇,直符,九天,九地,休門,生門,傷門,杜門,景門,死門,驚門,開門,×天網四張,,×月奇孛師,,×伏吟天庭,,×太白同宮,,〇奇入太陰,,×蛇入地羅;×凶蛇入獄;×地網高張;×地戸蓬鬼,×六儀撃刑格,△日奇伏吟,,×伏吟,,伏吟
陰6局乙巳,壬,兌,坤,天芮,死門,寅卯,戊,癸,丙,辛,庚,丁,壬己,乙,癸,丙,辛,庚,丁,壬己,乙,戊,天心,天蓬,天任,天冲,天輔,天英,天芮,天柱,九地,朱雀,勾陳,六合,太陰,螣蛇,直符,九天,死門,驚門,開門,休門,生門,傷門,杜門,景門,△青龍華蓋,,〇華蓋孛師,,△謀事成就,,×白虎出力,,△丁丁之格,,〇五神互合;×火入勾陳,,△格名小蛇;△地戸蓬星,×地網,×利陰害陽,◯乙奇得使,門迫
陰6局丙午,壬,艮,坤,天芮,死門,寅卯,丁,壬己,乙,戊,癸,丙,辛,庚,癸,丙,辛,庚,丁,壬己,乙,戊,天英,天芮,天柱,天心,天蓬,天任,天冲,天輔,螣蛇,直符,九天,九地,朱雀,勾陳,六合,太陰,生門,傷門,杜門,景門,死門,驚門,開門,休門,×朱雀投江,×朱雀投江,×水蛇入火;×火孛地戸,×地網,×青龍逃走,◯乙奇昇殿;×青龍逃走,×値符飛宮,,×螣蛇妖矯,×螣蛇妖矯,×火入天羅;△太孛入刑,◯丙奇得使,×白虎猖狂,×白虎猖狂,×太白伏宮,,反吟;門迫
陰6局丁未,壬,離,坤,天芮,死門,寅卯,丙,辛,庚,丁,壬己,乙,戊,癸,癸,丙,辛,庚,丁,壬己,乙,戊,天任,天冲,天輔,天英,天芮,天柱,天心,天蓬,勾陳,六合,太陰,螣蛇,直符,九天,九地,朱雀,景門,死門,驚門,開門,休門,生門,傷門,杜門,×華蓋孛師,◯丙奇得使,×干合孛師,,×白虎干格,,△朱雀入没,◯丁奇得使,△干合蛇刑;△朱雀入墓,×地網,×日奇入地;×日奇入霧,×乙奇入墓,△青龍合霊,,〇天乙会合,,反吟;門迫
陰6局戊申,壬,壬,坤,天芮,死門,寅卯,乙,戊,癸,丙,辛,庚,丁,壬己,癸,丙,辛,庚,丁,壬己,乙,戊,天柱,天心,天蓬,天任,天冲,天輔,天英,天芮,九天,九地,朱雀,勾陳,六合,太陰,螣蛇,直符,開門,休門,生門,傷門,杜門,景門,死門,驚門,△華蓋蓬星,,〇青龍返首,,×網蓋天牢,,×焚入太白,,〇獄神得奇,×六儀撃刑格,×金華水流;×官符刑格,×伏宮格;×刑格,〇人遁吉格,◯丁奇昇殿;◯玉女守門,〇小蛇化龍;△犬遇青龍,×地網,
陰6局己酉,壬,坤,坤,天芮,死門,寅卯,癸,丙,辛,庚,丁,壬己,乙,戊,癸,丙,辛,庚,丁,壬己,乙,戊,天蓬,天任,天冲,天輔,天英,天芮,天柱,天心,朱雀,勾陳,六合,太陰,螣蛇,直符,九天,九地,驚門,開門,休門,生門,傷門,杜門,景門,死門,×天網四張,,×月奇孛師,,×伏吟天庭,,×太白同宮,,〇奇入太陰,,×蛇入地羅;×凶蛇入獄;×地網高張;×地戸蓬鬼,×地網;×六儀撃刑格,△日奇伏吟,,×伏吟,,伏吟;門迫
陰6局庚戌,壬,巽,坤,天芮,死門,寅卯,辛,庚,丁,壬己,乙,戊,癸,丙,癸,丙,辛,庚,丁,壬己,乙,戊,天冲,天輔,天英,天芮,天柱,天心,天蓬,天任,六合,太陰,螣蛇,直符,九天,九地,朱雀,勾陳,休門,生門,傷門,杜門,景門,死門,驚門,開門,×天牢華蓋,,×太白入熒,×六儀撃刑格,×朱雀入獄,,×太白擒蛇;×刑格返名,×飛宮格;×地網;×六儀撃刑格,〇奇儀相佐,◯乙奇得使,×龍入天牢;×貴人入獄,,△華蓋蓬星,,〇飛鳥跌穴,×丙奇入墓,
陰6局辛亥,壬,震,坤,天芮,死門,寅卯,庚,丁,壬己,乙,戊,癸,丙,辛,癸,丙,辛,庚,丁,壬己,乙,戊,天輔,天英,天芮,天柱,天心,天蓬,天任,天冲,太陰,螣蛇,直符,九天,九地,朱雀,勾陳,六合,傷門,杜門,景門,死門,驚門,開門,休門,生門,×反吟大格,,△星髄月転,◯丁奇得使;×丁奇入墓,×騰蛇相纏;×遊魂入墓,×地網,×日奇被刑,,〇青龍耀明,,×復見騰蛇;×華蓋地戸,,〇日月併用,,×囚獄被傷,,門迫
陰6局壬子,壬,坤,坤,天芮,死門,寅卯,癸,丙,辛,庚,丁,壬己,乙,戊,癸,丙,辛,庚,丁,壬己,乙,戊,天蓬,天任,天冲,天輔,天英,天芮,天柱,天心,朱雀,勾陳,六合,太陰,螣蛇,直符,九天,九地,杜門,景門,死門,驚門,開門,休門,生門,傷門,×天網四張,,×月奇孛師,,×伏吟天庭,,×太白同宮,,〇奇入太陰,,×蛇入地羅;×凶蛇入獄;×地網高張;×地戸蓬鬼,×地網;×六儀撃刑格,△日奇伏吟,,×伏吟,,伏吟;門迫
陰6局癸丑,壬,坎,坤,天芮,死門,寅卯,壬己,乙,戊,癸,丙,辛,庚,丁,癸,丙,辛,庚,丁,壬己,乙,戊,天芮,天柱,天心,天蓬,天任,天冲,天輔,天英,直符,九天,九地,朱雀,勾陳,六合,太陰,螣蛇,休門,生門,傷門,杜門,景門,死門,驚門,開門,×幼女奸淫;×地刑玄武,×地網,〇奇儀順遂,,×青龍折足,×六儀撃刑格,×太白入網,×六儀撃刑格,〇星奇朱雀,◯丙奇昇殿,×凶蛇入獄;×入獄自刑,,△太白蓬星,,〇青龍転光,,
陰6局甲寅,癸,坎,坎,天蓬,休門,子丑,癸,丙,辛,庚,丁,壬己,乙,戊,癸,丙,辛,庚,丁,壬己,乙,戊,天蓬,天任,天冲,天輔,天英,天芮,天柱,天心,直符,九天,九地,朱雀,勾陳,六合,太陰,螣蛇,休門,生門,傷門,杜門,景門,死門,驚門,開門,×天網四張,,×月奇孛師,◯神遁,×伏吟天庭,,×太白同宮,,〇奇入太陰,,×蛇入地羅;×凶蛇入獄;×地網高張;×地戸蓬鬼,×六儀撃刑格,△日奇伏吟,,×伏吟,,伏吟
陰6局乙卯,癸,兌,坎,天蓬,休門,子丑,辛,庚,丁,壬己,乙,戊,癸,丙,癸,丙,辛,庚,丁,壬己,乙,戊,天冲,天輔,天英,天芮,天柱,天心,天蓬,天任,九地,朱雀,勾陳,六合,太陰,螣蛇,直符,九天,景門,死門,驚門,開門,休門,生門,傷門,杜門,×天牢華蓋,,×太白入熒,×六儀撃刑格,×朱雀入獄,,×太白擒蛇;×刑格返名,×六儀撃刑格,〇奇儀相佐,◯乙奇得使,×龍入天牢;×貴人入獄,,△華蓋蓬星,×天羅,〇飛鳥跌穴,×丙奇入墓,反吟;門迫
陰6局丙辰,癸,艮,坎,天蓬,休門,子丑,戊,癸,丙,辛,庚,丁,壬己,乙,癸,丙,辛,庚,丁,壬己,乙,戊,天心,天蓬,天任,天冲,天輔,天英,天芮,天柱,螣蛇,直符,九天,九地,朱雀,勾陳,六合,太陰,開門,休門,生門,傷門,杜門,景門,死門,驚門,△青龍華蓋,,〇華蓋孛師,×天羅,△謀事成就,◯神遁,×白虎出力,,△丁丁之格,,〇五神互合;×火入勾陳,,△格名小蛇;△地戸蓬星,,×利陰害陽,◯乙奇得使,
陰6局丁巳,癸,離,坎,天蓬,休門,子丑,丁,壬己,乙,戊,癸,丙,辛,庚,癸,丙,辛,庚,丁,壬己,乙,戊,天英,天芮,天柱,天心,天蓬,天任,天冲,天輔,勾陳,六合,太陰,螣蛇,直符,九天,九地,朱雀,傷門,杜門,景門,死門,驚門,開門,休門,生門,×朱雀投江,×朱雀投江,×水蛇入火;×火孛地戸,,×青龍逃走,◯乙奇昇殿;×青龍逃走,×値符飛宮,,×螣蛇妖矯,×螣蛇妖矯;×天羅,×火入天羅;△太孛入刑,◯丙奇得使,×白虎猖狂,×白虎猖狂,×太白伏宮,,反吟;門迫
陰6局戊午,癸,壬,坎,天蓬,休門,子丑,丙,辛,庚,丁,壬己,乙,戊,癸,癸,丙,辛,庚,丁,壬己,乙,戊,天任,天冲,天輔,天英,天芮,天柱,天心,天蓬,九天,九地,朱雀,勾陳,六合,太陰,螣蛇,直符,生門,傷門,杜門,景門,死門,驚門,開門,休門,×華蓋孛師,◯神遁;◯丙奇得使,×干合孛師,,×白虎干格,,△朱雀入没,◯丁奇得使,△干合蛇刑;△朱雀入墓,,×日奇入地;×日奇入霧,×乙奇入墓,△青龍合霊,,〇天乙会合,×天羅,門迫
陰6局己未,癸,坤,坎,天蓬,休門,子丑,庚,丁,壬己,乙,戊,癸,丙,辛,癸,丙,辛,庚,丁,壬己,乙,戊,天輔,天英,天芮,天柱,天心,天蓬,天任,天冲,朱雀,勾陳,六合,太陰,螣蛇,直符,九天,九地,杜門,景門,死門,驚門,開門,休門,生門,傷門,×反吟大格,×伏宮格,△星髄月転,◯丁奇得使;×丁奇入墓,×騰蛇相纏;×遊魂入墓,,×日奇被刑,,〇青龍耀明,,×復見騰蛇;×華蓋地戸,×天羅,〇日月併用,◯神遁,×囚獄被傷,,門迫
陰6局庚申,癸,巽,坎,天蓬,休門,子丑,壬己,乙,戊,癸,丙,辛,庚,丁,癸,丙,辛,庚,丁,壬己,乙,戊,天芮,天柱,天心,天蓬,天任,天冲,天輔,天英,六合,太陰,螣蛇,直符,九天,九地,朱雀,勾陳,死門,驚門,開門,休門,生門,傷門,杜門,景門,×幼女奸淫;×地刑玄武,,〇奇儀順遂,,×青龍折足,×六儀撃刑格,×太白入網,×飛宮格;×天羅;×六儀撃刑格,〇星奇朱雀,◯天遁;◯神遁;◯丙奇昇殿,×凶蛇入獄;×入獄自刑,,△太白蓬星,,〇青龍転光,,門迫
陰6局辛酉,癸,震,坎,天蓬,休門,子丑,乙,戊,癸,丙,辛,庚,丁,壬己,癸,丙,辛,庚,丁,壬己,乙,戊,天柱,天心,天蓬,天任,天冲,天輔,天英,天芮,太陰,螣蛇,直符,九天,九地,朱雀,勾陳,六合,驚門,開門,休門,生門,傷門,杜門,景門,死門,△華蓋蓬星,,〇青龍返首,,×網蓋天牢,×天羅,×焚入太白,◯神遁,〇獄神得奇,×六儀撃刑格,×金華水流;×官符刑格,×刑格,〇人遁吉格,◯丁奇昇殿,〇小蛇化龍;△犬遇青龍,,門迫
陰6局壬戌,癸,坤,坎,天蓬,休門,子丑,庚,丁,壬己,乙,戊,癸,丙,辛,癸,丙,辛,庚,丁,壬己,乙,戊,天輔,天英,天芮,天柱,天心,天蓬,天任,天冲,朱雀,勾陳,六合,太陰,螣蛇,直符,九天,九地,杜門,景門,死門,驚門,開門,休門,生門,傷門,×反吟大格,×伏宮格,△星髄月転,◯丁奇得使;×丁奇入墓,×騰蛇相纏;×遊魂入墓,,×日奇被刑,,〇青龍耀明,,×復見騰蛇;×華蓋地戸,×天羅,〇日月併用,◯神遁,×囚獄被傷,,門迫
陰6局癸亥,癸,坎,坎,天蓬,休門,子丑,癸,丙,辛,庚,丁,壬己,乙,戊,癸,丙,辛,庚,丁,壬己,乙,戊,天蓬,天任,天冲,天輔,天英,天芮,天柱,天心,直符,九天,九地,朱雀,勾陳,六合,太陰,螣蛇,休門,生門,傷門,杜門,景門,死門,驚門,開門,×天網四張,×天羅,×月奇孛師,◯神遁,×伏吟天庭,,×太白同宮,,〇奇入太陰,,×蛇入地羅;×凶蛇入獄;×地網高張;×地戸蓬鬼,×六儀撃刑格,△日奇伏吟,,×伏吟,,伏吟
陰7局甲子,戊,兌,兌,天柱,驚門,戌亥,丁,乙,壬,辛,丙,癸庚,戊,己,丁,乙,壬,辛,丙,癸庚,戊,己,天蓬,天任,天冲,天輔,天英,天芮,天柱,天心,九地,朱雀,勾陳,六合,太陰,螣蛇,直符,九天,休門,生門,傷門,杜門,景門,死門,驚門,開門,〇奇入太陰,,△日奇伏吟,,×蛇入地羅,,×伏吟天庭,,×月奇孛師,◯丙奇昇殿,×天網四張;×太白入網;×反吟大格;×太白同宮,,×伏吟,,×地戸蓬鬼,,伏吟
陰7局乙丑,戊,艮,兌,天柱,驚門,戌亥,癸庚,戊,己,丁,乙,壬,辛,丙,丁,乙,壬,辛,丙,癸庚,戊,己,天芮,天柱,天心,天蓬,天任,天冲,天輔,天英,螣蛇,直符,九天,九地,朱雀,勾陳,六合,太陰,開門,休門,生門,傷門,杜門,景門,死門,驚門,×螣蛇妖矯;△丁丁之格,×螣蛇妖矯,△青龍合霊,,×地網高張,,×朱雀入獄,◯丁奇得使,〇奇儀順遂,◯乙奇得使,×幼女奸淫;×太白擒蛇,,×囚獄被傷,,△太孛入刑,×丙奇入墓,
陰7局丙寅,戊,離,兌,天柱,驚門,戌亥,壬,辛,丙,癸庚,戊,己,丁,乙,丁,乙,壬,辛,丙,癸庚,戊,己,天冲,天輔,天英,天芮,天柱,天心,天蓬,天任,勾陳,六合,太陰,螣蛇,直符,九天,九地,朱雀,生門,傷門,杜門,景門,死門,驚門,開門,休門,△干合蛇刑,,×白虎猖狂,×白虎猖狂,×火入天羅,,×網蓋天牢;×白虎干格,×六儀撃刑格,〇青龍返首,,×地刑玄武;×刑格返名,×六儀撃刑格,〇青龍転光,◯丁奇昇殿,×日奇入霧,◯乙奇得使,門迫
陰7局丁卯,戊,坎,兌,天柱,驚門,戌亥,戊,己,丁,乙,壬,辛,丙,癸庚,丁,乙,壬,辛,丙,癸庚,戊,己,天柱,天心,天蓬,天任,天冲,天輔,天英,天芮,直符,九天,九地,朱雀,勾陳,六合,太陰,螣蛇,杜門,景門,死門,驚門,開門,休門,生門,傷門,〇青龍耀明,,△地戸蓬星,,〇五神互合,,×青龍逃走,×青龍逃走,×水蛇入火,,×天牢華蓋;×白虎出力,,〇飛鳥跌穴,,×華蓋地戸;×官符刑格,×刑格,門迫
陰7局戊辰,戊,兌,兌,天柱,驚門,戌亥,丁,乙,壬,辛,丙,癸庚,戊,己,丁,乙,壬,辛,丙,癸庚,戊,己,天蓬,天任,天冲,天輔,天英,天芮,天柱,天心,九地,朱雀,勾陳,六合,太陰,螣蛇,直符,九天,景門,死門,驚門,開門,休門,生門,傷門,杜門,〇奇入太陰,,△日奇伏吟,,×蛇入地羅,,×伏吟天庭,,×月奇孛師,◯丙奇昇殿,×天網四張;×太白入網;×反吟大格;×太白同宮,,×伏吟,,×地戸蓬鬼,,伏吟;反吟;門迫
陰7局己巳,戊,壬,兌,天柱,驚門,戌亥,己,丁,乙,壬,辛,丙,癸庚,戊,丁,乙,壬,辛,丙,癸庚,戊,己,天心,天蓬,天任,天冲,天輔,天英,天芮,天柱,九天,九地,朱雀,勾陳,六合,太陰,螣蛇,直符,生門,傷門,杜門,景門,死門,驚門,開門,休門,△朱雀入墓,,〇人遁吉格,◯丁奇得使;×丁奇入墓,×日奇入地,◯乙奇昇殿,×騰蛇相纏,×六儀撃刑格,×干合孛師,×六儀撃刑格,×華蓋孛師;×焚入太白,◯丙奇得使,〇天乙会合;×太白伏宮,×伏宮格,×貴人入獄,,門迫
陰7局庚午,戊,坤,兌,天柱,驚門,戌亥,乙,壬,辛,丙,癸庚,戊,己,丁,丁,乙,壬,辛,丙,癸庚,戊,己,天任,天冲,天輔,天英,天芮,天柱,天心,天蓬,朱雀,勾陳,六合,太陰,螣蛇,直符,九天,九地,驚門,開門,休門,生門,傷門,杜門,景門,死門,〇奇儀相佐,,△格名小蛇,,×凶蛇入獄,,△謀事成就,,〇華蓋孛師;×太白入熒,,△青龍華蓋;×値符飛宮,×飛宮格,△犬遇青龍,,×火入勾陳,,門迫
陰7局辛未,戊,巽,兌,天柱,驚門,戌亥,辛,丙,癸庚,戊,己,丁,乙,壬,丁,乙,壬,辛,丙,癸庚,戊,己,天輔,天英,天芮,天柱,天心,天蓬,天任,天冲,六合,太陰,螣蛇,直符,九天,九地,朱雀,勾陳,傷門,杜門,景門,死門,驚門,開門,休門,生門,〇獄神得奇,,〇日月併用,,×復見騰蛇;×金華水流,,×青龍折足,,×火孛地戸,,×朱雀投江;△朱雀入没,×朱雀投江,×利陰害陽,,×凶蛇入獄,,門迫
陰7局壬申,戊,震,兌,天柱,驚門,戌亥,丙,癸庚,戊,己,丁,乙,壬,辛,丁,乙,壬,辛,丙,癸庚,戊,己,天英,天芮,天柱,天心,天蓬,天任,天冲,天輔,太陰,螣蛇,直符,九天,九地,朱雀,勾陳,六合,死門,驚門,開門,休門,生門,傷門,杜門,景門,〇星奇朱雀,◯丙奇得使,△華蓋蓬星;△太白蓬星,×六儀撃刑格,×龍入天牢,×六儀撃刑格,×遊魂入墓,,△星髄月転,,△華蓋蓬星;×日奇被刑,×乙奇入墓,〇小蛇化龍,,×入獄自刑,,反吟;門迫
陰7局癸酉,戊,坤,兌,天柱,驚門,戌亥,乙,壬,辛,丙,癸庚,戊,己,丁,丁,乙,壬,辛,丙,癸庚,戊,己,天任,天冲,天輔,天英,天芮,天柱,天心,天蓬,朱雀,勾陳,六合,太陰,螣蛇,直符,九天,九地,休門,生門,傷門,杜門,景門,死門,驚門,開門,〇奇儀相佐,◯龍遁,△格名小蛇,,×凶蛇入獄,,△謀事成就,,〇華蓋孛師;×太白入熒,,△青龍華蓋;×値符飛宮,×飛宮格,△犬遇青龍,,×火入勾陳,,
陰7局甲戌,己,壬,乾,天心,開門,申酉,丁,乙,壬,辛,丙,癸庚,戊,己,丁,乙,壬,辛,丙,癸庚,戊,己,天蓬,天任,天冲,天輔,天英,天芮,天柱,天心,九天,九地,朱雀,勾陳,六合,太陰,螣蛇,直符,休門,生門,傷門,杜門,景門,死門,驚門,開門,〇奇入太陰,,△日奇伏吟,,×蛇入地羅,,×伏吟天庭,,×月奇孛師,◯丙奇昇殿,×天網四張;×太白入網;×反吟大格;×太白同宮,,×伏吟,,×地戸蓬鬼,,伏吟
陰7局乙亥,己,艮,乾,天心,開門,申酉,戊,己,丁,乙,壬,辛,丙,癸庚,丁,乙,壬,辛,丙,癸庚,戊,己,天柱,天心,天蓬,天任,天冲,天輔,天英,天芮,螣蛇,直符,九天,九地,朱雀,勾陳,六合,太陰,傷門,杜門,景門,死門,驚門,開門,休門,生門,〇青龍耀明,,△地戸蓬星,,〇五神互合,,×青龍逃走,×青龍逃走,×水蛇入火,,×天牢華蓋;×白虎出力,,〇飛鳥跌穴,,×華蓋地戸;×官符刑格,×伏宮格;×刑格,門迫
陰7局丙子,己,離,乾,天心,開門,申酉,辛,丙,癸庚,戊,己,丁,乙,壬,丁,乙,壬,辛,丙,癸庚,戊,己,天輔,天英,天芮,天柱,天心,天蓬,天任,天冲,勾陳,六合,太陰,螣蛇,直符,九天,九地,朱雀,景門,死門,驚門,開門,休門,生門,傷門,杜門,〇獄神得奇,,〇日月併用,,×復見騰蛇;×金華水流,,×青龍折足,,×火孛地戸,,×朱雀投江;△朱雀入没,×朱雀投江,×利陰害陽,,×凶蛇入獄,,反吟;門迫
陰7局丁丑,己,坎,乾,天心,開門,申酉,己,丁,乙,壬,辛,丙,癸庚,戊,丁,乙,壬,辛,丙,癸庚,戊,己,天心,天蓬,天任,天冲,天輔,天英,天芮,天柱,直符,九天,九地,朱雀,勾陳,六合,太陰,螣蛇,死門,驚門,開門,休門,生門,傷門,杜門,景門,△朱雀入墓,,〇人遁吉格,◯丁奇得使;×丁奇入墓,×日奇入地,◯鬼遁;◯乙奇昇殿,×騰蛇相纏,×六儀撃刑格,×干合孛師,×六儀撃刑格,×華蓋孛師;×焚入太白,◯丙奇得使,〇天乙会合;×太白伏宮,,×貴人入獄,,門迫
陰7局戊寅,己,兌,乾,天心,開門,申酉,乙,壬,辛,丙,癸庚,戊,己,丁,丁,乙,壬,辛,丙,癸庚,戊,己,天任,天冲,天輔,天英,天芮,天柱,天心,天蓬,九地,朱雀,勾陳,六合,太陰,螣蛇,直符,九天,傷門,杜門,景門,死門,驚門,開門,休門,生門,〇奇儀相佐,,△格名小蛇,,×凶蛇入獄,,△謀事成就,,〇華蓋孛師;×太白入熒,,△青龍華蓋;×値符飛宮,,△犬遇青龍,,×火入勾陳,,門迫
陰7局己卯,己,壬,乾,天心,開門,申酉,丁,乙,壬,辛,丙,癸庚,戊,己,丁,乙,壬,辛,丙,癸庚,戊,己,天蓬,天任,天冲,天輔,天英,天芮,天柱,天心,九天,九地,朱雀,勾陳,六合,太陰,螣蛇,直符,開門,休門,生門,傷門,杜門,景門,死門,驚門,〇奇入太陰,◯玉女守門,△日奇伏吟,,×蛇入地羅,,×伏吟天庭,,×月奇孛師,◯丙奇昇殿,×天網四張;×太白入網;×反吟大格;×太白同宮,,×伏吟,,×地戸蓬鬼,,伏吟
陰7局庚辰,己,坤,乾,天心,開門,申酉,壬,辛,丙,癸庚,戊,己,丁,乙,丁,乙,壬,辛,丙,癸庚,戊,己,天冲,天輔,天英,天芮,天柱,天心,天蓬,天任,朱雀,勾陳,六合,太陰,螣蛇,直符,九天,九地,杜門,景門,死門,驚門,開門,休門,生門,傷門,△干合蛇刑,,×白虎猖狂,×白虎猖狂,×火入天羅,,×網蓋天牢;×白虎干格,×六儀撃刑格,〇青龍返首,,×地刑玄武;×刑格返名,×飛宮格;×六儀撃刑格,〇青龍転光,◯丁奇昇殿,×日奇入霧,◯乙奇得使,門迫
陰7局辛巳,己,巽,乾,天心,開門,申酉,丙,癸庚,戊,己,丁,乙,壬,辛,丁,乙,壬,辛,丙,癸庚,戊,己,天英,天芮,天柱,天心,天蓬,天任,天冲,天輔,六合,太陰,螣蛇,直符,九天,九地,朱雀,勾陳,驚門,開門,休門,生門,傷門,杜門,景門,死門,〇星奇朱雀,◯丙奇得使,△華蓋蓬星;△太白蓬星,×六儀撃刑格,×龍入天牢,×六儀撃刑格,×遊魂入墓,,△星髄月転,,△華蓋蓬星;×日奇被刑,◯鬼遁;×乙奇入墓,〇小蛇化龍,,×入獄自刑,,反吟;門迫
陰7局壬午,己,震,乾,天心,開門,申酉,癸庚,戊,己,丁,乙,壬,辛,丙,丁,乙,壬,辛,丙,癸庚,戊,己,天芮,天柱,天心,天蓬,天任,天冲,天輔,天英,太陰,螣蛇,直符,九天,九地,朱雀,勾陳,六合,生門,傷門,杜門,景門,死門,驚門,開門,休門,×螣蛇妖矯;△丁丁之格,×螣蛇妖矯,△青龍合霊,,×地網高張,,×朱雀入獄,◯丁奇得使,〇奇儀順遂,◯乙奇得使,×幼女奸淫;×太白擒蛇,,×囚獄被傷,,△太孛入刑,×丙奇入墓,門迫
陰7局癸未,己,坤,乾,天心,開門,申酉,壬,辛,丙,癸庚,戊,己,丁,乙,丁,乙,壬,辛,丙,癸庚,戊,己,天冲,天輔,天英,天芮,天柱,天心,天蓬,天任,朱雀,勾陳,六合,太陰,螣蛇,直符,九天,九地,休門,生門,傷門,杜門,景門,死門,驚門,開門,△干合蛇刑,,×白虎猖狂,×白虎猖狂,×火入天羅,,×網蓋天牢;×白虎干格,×六儀撃刑格,〇青龍返首,,×地刑玄武;×刑格返名,×飛宮格;×六儀撃刑格,〇青龍転光,◯丁奇昇殿,×日奇入霧,◯地遁;◯鬼遁;◯乙奇得使,
陰7局甲申,庚,坤,坤,天芮,死門,午未,丁,乙,壬,辛,丙,癸庚,戊,己,丁,乙,壬,辛,丙,癸庚,戊,己,天蓬,天任,天冲,天輔,天英,天芮,天柱,天心,朱雀,勾陳,六合,太陰,螣蛇,直符,九天,九地,休門,生門,傷門,杜門,景門,死門,驚門,開門,〇奇入太陰,,△日奇伏吟,,×蛇入地羅,,×伏吟天庭,,×月奇孛師,◯丙奇昇殿,×天網四張;×太白入網;×反吟大格;×太白同宮,×伏宮格;×飛宮格,×伏吟,,×地戸蓬鬼,,伏吟
陰7局乙酉,庚,艮,坤,天芮,死門,午未,丙,癸庚,戊,己,丁,乙,壬,辛,丁,乙,壬,辛,丙,癸庚,戊,己,天英,天芮,天柱,天心,天蓬,天任,天冲,天輔,螣蛇,直符,九天,九地,朱雀,勾陳,六合,太陰,傷門,杜門,景門,死門,驚門,開門,休門,生門,〇星奇朱雀,◯丙奇得使,△華蓋蓬星;△太白蓬星,×時格;×天羅;×六儀撃刑格,×龍入天牢,×六儀撃刑格,×遊魂入墓,,△星髄月転,,△華蓋蓬星;×日奇被刑,◯雲遁;×乙奇入墓,〇小蛇化龍,,×入獄自刑,,反吟;門迫
陰7局丙戌,庚,離,坤,天芮,死門,午未,乙,壬,辛,丙,癸庚,戊,己,丁,丁,乙,壬,辛,丙,癸庚,戊,己,天任,天冲,天輔,天英,天芮,天柱,天心,天蓬,勾陳,六合,太陰,螣蛇,直符,九天,九地,朱雀,杜門,景門,死門,驚門,開門,休門,生門,傷門,〇奇儀相佐,,△格名小蛇,,×凶蛇入獄,,△謀事成就,,〇華蓋孛師;×太白入熒,×時格;×天羅,△青龍華蓋;×値符飛宮,,△犬遇青龍,,×火入勾陳,,門迫
陰7局丁亥,庚,坎,坤,天芮,死門,午未,癸庚,戊,己,丁,乙,壬,辛,丙,丁,乙,壬,辛,丙,癸庚,戊,己,天芮,天柱,天心,天蓬,天任,天冲,天輔,天英,直符,九天,九地,朱雀,勾陳,六合,太陰,螣蛇,景門,死門,驚門,開門,休門,生門,傷門,杜門,×螣蛇妖矯;△丁丁之格,×時格;×螣蛇妖矯;×天羅,△青龍合霊,,×地網高張,,×朱雀入獄,◯丁奇得使,〇奇儀順遂,◯乙奇得使,×幼女奸淫;×太白擒蛇,,×囚獄被傷,,△太孛入刑,×丙奇入墓,
陰7局戊子,庚,兌,坤,天芮,死門,午未,己,丁,乙,壬,辛,丙,癸庚,戊,丁,乙,壬,辛,丙,癸庚,戊,己,天心,天蓬,天任,天冲,天輔,天英,天芮,天柱,九地,朱雀,勾陳,六合,太陰,螣蛇,直符,九天,死門,驚門,開門,休門,生門,傷門,杜門,景門,△朱雀入墓,,〇人遁吉格,◯丁奇得使;×丁奇入墓,×日奇入地,◯乙奇昇殿,×騰蛇相纏,×六儀撃刑格,×干合孛師,×六儀撃刑格,×華蓋孛師;×焚入太白,◯丙奇得使,〇天乙会合;×太白伏宮,×時格;×天羅,×貴人入獄,,門迫
陰7局己丑,庚,乾,坤,天芮,死門,午未,戊,己,丁,乙,壬,辛,丙,癸庚,丁,乙,壬,辛,丙,癸庚,戊,己,天柱,天心,天蓬,天任,天冲,天輔,天英,天芮,九天,九地,朱雀,勾陳,六合,太陰,螣蛇,直符,生門,傷門,杜門,景門,死門,驚門,開門,休門,〇青龍耀明,,△地戸蓬星,,〇五神互合,,×青龍逃走,×青龍逃走,×水蛇入火,,×天牢華蓋;×白虎出力,,〇飛鳥跌穴,,×華蓋地戸;×官符刑格,×刑格;×時格;×天羅,門迫
陰7局庚寅,庚,坤,坤,天芮,死門,午未,丁,乙,壬,辛,丙,癸庚,戊,己,丁,乙,壬,辛,丙,癸庚,戊,己,天蓬,天任,天冲,天輔,天英,天芮,天柱,天心,朱雀,勾陳,六合,太陰,螣蛇,直符,九天,九地,景門,死門,驚門,開門,休門,生門,傷門,杜門,〇奇入太陰,,△日奇伏吟,,×蛇入地羅,,×伏吟天庭,,×月奇孛師,◯丙奇昇殿,×天網四張;×太白入網;×反吟大格;×太白同宮,×伏宮格;×飛宮格;×時格;×天羅,×伏吟,,×地戸蓬鬼,,伏吟;反吟;門迫
陰7局辛卯,庚,巽,坤,天芮,死門,午未,壬,辛,丙,癸庚,戊,己,丁,乙,丁,乙,壬,辛,丙,癸庚,戊,己,天冲,天輔,天英,天芮,天柱,天心,天蓬,天任,六合,太陰,螣蛇,直符,九天,九地,朱雀,勾陳,開門,休門,生門,傷門,杜門,景門,死門,驚門,△干合蛇刑,,×白虎猖狂,×白虎猖狂,×火入天羅,,×網蓋天牢;×白虎干格,×時格;×天羅;×六儀撃刑格,〇青龍返首,,×地刑玄武;×刑格返名,×六儀撃刑格,〇青龍転光,◯丁奇昇殿;◯玉女守門,×日奇入霧,◯乙奇得使,
陰7局壬辰,庚,震,坤,天芮,死門,午未,辛,丙,癸庚,戊,己,丁,乙,壬,丁,乙,壬,辛,丙,癸庚,戊,己,天輔,天英,天芮,天柱,天心,天蓬,天任,天冲,太陰,螣蛇,直符,九天,九地,朱雀,勾陳,六合,驚門,開門,休門,生門,傷門,杜門,景門,死門,〇獄神得奇,,〇日月併用,,×復見騰蛇;×金華水流,×時格;×天羅,×青龍折足,,×火孛地戸,,×朱雀投江;△朱雀入没,×朱雀投江,×利陰害陽,,×凶蛇入獄,,門迫
陰7局癸巳,庚,坤,坤,天芮,死門,午未,丁,乙,壬,辛,丙,癸庚,戊,己,丁,乙,壬,辛,丙,癸庚,戊,己,天蓬,天任,天冲,天輔,天英,天芮,天柱,天心,朱雀,勾陳,六合,太陰,螣蛇,直符,九天,九地,休門,生門,傷門,杜門,景門,死門,驚門,開門,〇奇入太陰,,△日奇伏吟,,×蛇入地羅,,×伏吟天庭,,×月奇孛師,◯丙奇昇殿,×天網四張;×太白入網;×反吟大格;×太白同宮,×伏宮格;×飛宮格;×時格;×天羅,×伏吟,,×地戸蓬鬼,,伏吟
陰7局甲午,辛,巽,巽,天輔,杜門,辰巳,丁,乙,壬,辛,丙,癸庚,戊,己,丁,乙,壬,辛,丙,癸庚,戊,己,天蓬,天任,天冲,天輔,天英,天芮,天柱,天心,六合,太陰,螣蛇,直符,九天,九地,朱雀,勾陳,休門,生門,傷門,杜門,景門,死門,驚門,開門,〇奇入太陰,,△日奇伏吟,,×蛇入地羅,,×伏吟天庭,,×月奇孛師,◯丙奇昇殿,×天網四張;×太白入網;×反吟大格;×太白同宮,,×伏吟,,×地戸蓬鬼,,伏吟
陰7局乙未,辛,艮,巽,天輔,杜門,辰巳,壬,辛,丙,癸庚,戊,己,丁,乙,丁,乙,壬,辛,丙,癸庚,戊,己,天冲,天輔,天英,天芮,天柱,天心,天蓬,天任,螣蛇,直符,九天,九地,朱雀,勾陳,六合,太陰,生門,傷門,杜門,景門,死門,驚門,開門,休門,△干合蛇刑,,×白虎猖狂,×白虎猖狂,×火入天羅,,×網蓋天牢;×白虎干格,×伏宮格;×六儀撃刑格,〇青龍返首,,×地刑玄武;×刑格返名,×六儀撃刑格,〇青龍転光,◯丁奇昇殿,×日奇入霧,◯乙奇得使,門迫
陰7局丙申,辛,離,巽,天輔,杜門,辰巳,己,丁,乙,壬,辛,丙,癸庚,戊,丁,乙,壬,辛,丙,癸庚,戊,己,天心,天蓬,天任,天冲,天輔,天英,天芮,天柱,勾陳,六合,太陰,螣蛇,直符,九天,九地,朱雀,驚門,開門,休門,生門,傷門,杜門,景門,死門,△朱雀入墓,,〇人遁吉格,◯丁奇得使;×丁奇入墓,×日奇入地,◯乙奇昇殿,×騰蛇相纏,×六儀撃刑格,×干合孛師,×六儀撃刑格,×華蓋孛師;×焚入太白,◯丙奇得使,〇天乙会合;×太白伏宮,,×貴人入獄,,門迫
陰7局丁酉,辛,坎,巽,天輔,杜門,辰巳,辛,丙,癸庚,戊,己,丁,乙,壬,丁,乙,壬,辛,丙,癸庚,戊,己,天輔,天英,天芮,天柱,天心,天蓬,天任,天冲,直符,九天,九地,朱雀,勾陳,六合,太陰,螣蛇,杜門,景門,死門,驚門,開門,休門,生門,傷門,〇獄神得奇,,〇日月併用,,×復見騰蛇;×金華水流,,×青龍折足,,×火孛地戸,,×朱雀投江;△朱雀入没,×朱雀投江,×利陰害陽,,×凶蛇入獄,,門迫
陰7局戊戌,辛,兌,巽,天輔,杜門,辰巳,癸庚,戊,己,丁,乙,壬,辛,丙,丁,乙,壬,辛,丙,癸庚,戊,己,天芮,天柱,天心,天蓬,天任,天冲,天輔,天英,九地,朱雀,勾陳,六合,太陰,螣蛇,直符,九天,開門,休門,生門,傷門,杜門,景門,死門,驚門,×螣蛇妖矯;△丁丁之格,×螣蛇妖矯,△青龍合霊,,×地網高張,,×朱雀入獄,◯丁奇得使,〇奇儀順遂,◯乙奇得使,×幼女奸淫;×太白擒蛇,,×囚獄被傷,,△太孛入刑,×丙奇入墓,
陰7局己亥,辛,壬,巽,天輔,杜門,辰巳,丙,癸庚,戊,己,丁,乙,壬,辛,丁,乙,壬,辛,丙,癸庚,戊,己,天英,天芮,天柱,天心,天蓬,天任,天冲,天輔,九天,九地,朱雀,勾陳,六合,太陰,螣蛇,直符,傷門,杜門,景門,死門,驚門,開門,休門,生門,〇星奇朱雀,◯丙奇得使,△華蓋蓬星;△太白蓬星,×六儀撃刑格,×龍入天牢,×六儀撃刑格,×遊魂入墓,,△星髄月転,,△華蓋蓬星;×日奇被刑,◯雲遁;×乙奇入墓,〇小蛇化龍,,×入獄自刑,,反吟;門迫
陰7局庚子,辛,坤,巽,天輔,杜門,辰巳,戊,己,丁,乙,壬,辛,丙,癸庚,丁,乙,壬,辛,丙,癸庚,戊,己,天柱,天心,天蓬,天任,天冲,天輔,天英,天芮,朱雀,勾陳,六合,太陰,螣蛇,直符,九天,九地,死門,驚門,開門,休門,生門,傷門,杜門,景門,〇青龍耀明,,△地戸蓬星,,〇五神互合,,×青龍逃走,◯雲遁;◯風遁;×青龍逃走,×水蛇入火,,×天牢華蓋;×白虎出力,×飛宮格,〇飛鳥跌穴,,×華蓋地戸;×官符刑格,×刑格,門迫
陰7局辛丑,辛,巽,巽,天輔,杜門,辰巳,丁,乙,壬,辛,丙,癸庚,戊,己,丁,乙,壬,辛,丙,癸庚,戊,己,天蓬,天任,天冲,天輔,天英,天芮,天柱,天心,六合,太陰,螣蛇,直符,九天,九地,朱雀,勾陳,景門,死門,驚門,開門,休門,生門,傷門,杜門,〇奇入太陰,,△日奇伏吟,,×蛇入地羅,,×伏吟天庭,,×月奇孛師,◯丙奇昇殿,×天網四張;×太白入網;×反吟大格;×太白同宮,,×伏吟,,×地戸蓬鬼,,伏吟;反吟;門迫
陰7局壬寅,辛,震,巽,天輔,杜門,辰巳,乙,壬,辛,丙,癸庚,戊,己,丁,丁,乙,壬,辛,丙,癸庚,戊,己,天任,天冲,天輔,天英,天芮,天柱,天心,天蓬,太陰,螣蛇,直符,九天,九地,朱雀,勾陳,六合,驚門,開門,休門,生門,傷門,杜門,景門,死門,〇奇儀相佐,,△格名小蛇,,×凶蛇入獄,,△謀事成就,◯神遁,〇華蓋孛師;×太白入熒,,△青龍華蓋;×値符飛宮,,△犬遇青龍,,×火入勾陳,,門迫
陰7局癸卯,辛,坤,巽,天輔,杜門,辰巳,戊,己,丁,乙,壬,辛,丙,癸庚,丁,乙,壬,辛,丙,癸庚,戊,己,天柱,天心,天蓬,天任,天冲,天輔,天英,天芮,朱雀,勾陳,六合,太陰,螣蛇,直符,九天,九地,休門,生門,傷門,杜門,景門,死門,驚門,開門,〇青龍耀明,,△地戸蓬星,,〇五神互合,,×青龍逃走,×青龍逃走,×水蛇入火,,×天牢華蓋;×白虎出力,×飛宮格,〇飛鳥跌穴,,×華蓋地戸;×官符刑格,×刑格,
陰7局甲辰,壬,震,震,天冲,傷門,寅卯,丁,乙,壬,辛,丙,癸庚,戊,己,丁,乙,壬,辛,丙,癸庚,戊,己,天蓬,天任,天冲,天輔,天英,天芮,天柱,天心,太陰,螣蛇,直符,九天,九地,朱雀,勾陳,六合,休門,生門,傷門,杜門,景門,死門,驚門,開門,〇奇入太陰,◯人遁,△日奇伏吟,,×蛇入地羅,,×伏吟天庭,,×月奇孛師,◯丙奇昇殿,×天網四張;×太白入網;×反吟大格;×太白同宮,,×伏吟,,×地戸蓬鬼,,伏吟
陰7局乙巳,壬,艮,震,天冲,傷門,寅卯,乙,壬,辛,丙,癸庚,戊,己,丁,丁,乙,壬,辛,丙,癸庚,戊,己,天任,天冲,天輔,天英,天芮,天柱,天心,天蓬,螣蛇,直符,九天,九地,朱雀,勾陳,六合,太陰,死門,驚門,開門,休門,生門,傷門,杜門,景門,〇奇儀相佐,,△格名小蛇,×地網,×凶蛇入獄,,△謀事成就,,〇華蓋孛師;×太白入熒,,△青龍華蓋;×値符飛宮,,△犬遇青龍,,×火入勾陳,,門迫
陰7局丙午,壬,離,震,天冲,傷門,寅卯,戊,己,丁,乙,壬,辛,丙,癸庚,丁,乙,壬,辛,丙,癸庚,戊,己,天柱,天心,天蓬,天任,天冲,天輔,天英,天芮,勾陳,六合,太陰,螣蛇,直符,九天,九地,朱雀,傷門,杜門,景門,死門,驚門,開門,休門,生門,〇青龍耀明,,△地戸蓬星,,〇五神互合,,×青龍逃走,×青龍逃走,×水蛇入火,×地網,×天牢華蓋;×白虎出力,,〇飛鳥跌穴,,×華蓋地戸;×官符刑格,×刑格,門迫
陰7局丁未,壬,坎,震,天冲,傷門,寅卯,壬,辛,丙,癸庚,戊,己,丁,乙,丁,乙,壬,辛,丙,癸庚,戊,己,天冲,天輔,天英,天芮,天柱,天心,天蓬,天任,直符,九天,九地,朱雀,勾陳,六合,太陰,螣蛇,驚門,開門,休門,生門,傷門,杜門,景門,死門,△干合蛇刑,×地網,×白虎猖狂,×白虎猖狂,×火入天羅,,×網蓋天牢;×白虎干格,×六儀撃刑格,〇青龍返首,,×地刑玄武;×刑格返名,×六儀撃刑格,〇青龍転光,◯丁奇昇殿,×日奇入霧,◯乙奇得使,門迫
陰7局戊申,壬,兌,震,天冲,傷門,寅卯,丙,癸庚,戊,己,丁,乙,壬,辛,丁,乙,壬,辛,丙,癸庚,戊,己,天英,天芮,天柱,天心,天蓬,天任,天冲,天輔,九地,朱雀,勾陳,六合,太陰,螣蛇,直符,九天,生門,傷門,杜門,景門,死門,驚門,開門,休門,〇星奇朱雀,◯天遁;◯丙奇得使,△華蓋蓬星;△太白蓬星,×六儀撃刑格,×龍入天牢,×六儀撃刑格,×遊魂入墓,,△星髄月転,,△華蓋蓬星;×日奇被刑,×乙奇入墓,〇小蛇化龍,×地網,×入獄自刑,,反吟;門迫
陰7局己酉,壬,壬,震,天冲,傷門,寅卯,辛,丙,癸庚,戊,己,丁,乙,壬,丁,乙,壬,辛,丙,癸庚,戊,己,天輔,天英,天芮,天柱,天心,天蓬,天任,天冲,九天,九地,朱雀,勾陳,六合,太陰,螣蛇,直符,景門,死門,驚門,開門,休門,生門,傷門,杜門,〇獄神得奇,,〇日月併用,,×復見騰蛇;×金華水流,×伏宮格,×青龍折足,,×火孛地戸,,×朱雀投江;△朱雀入没,×朱雀投江,×利陰害陽,,×凶蛇入獄,×地網,反吟;門迫
陰7局庚戌,壬,坤,震,天冲,傷門,寅卯,癸庚,戊,己,丁,乙,壬,辛,丙,丁,乙,壬,辛,丙,癸庚,戊,己,天芮,天柱,天心,天蓬,天任,天冲,天輔,天英,朱雀,勾陳,六合,太陰,螣蛇,直符,九天,九地,杜門,景門,死門,驚門,開門,休門,生門,傷門,×螣蛇妖矯;△丁丁之格,×螣蛇妖矯,△青龍合霊,,×地網高張,,×朱雀入獄,◯丁奇得使,〇奇儀順遂,◯乙奇得使,×幼女奸淫;×太白擒蛇,×飛宮格;×地網,×囚獄被傷,,△太孛入刑,×丙奇入墓,門迫
陰7局辛亥,壬,巽,震,天冲,傷門,寅卯,己,丁,乙,壬,辛,丙,癸庚,戊,丁,乙,壬,辛,丙,癸庚,戊,己,天心,天蓬,天任,天冲,天輔,天英,天芮,天柱,六合,太陰,螣蛇,直符,九天,九地,朱雀,勾陳,死門,驚門,開門,休門,生門,傷門,杜門,景門,△朱雀入墓,,〇人遁吉格,◯丁奇得使;×丁奇入墓,×日奇入地,◯乙奇昇殿,×騰蛇相纏,×地網;×六儀撃刑格,×干合孛師,×六儀撃刑格,×華蓋孛師;×焚入太白,◯丙奇得使,〇天乙会合;×太白伏宮,,×貴人入獄,,門迫
陰7局壬子,壬,震,震,天冲,傷門,寅卯,丁,乙,壬,辛,丙,癸庚,戊,己,丁,乙,壬,辛,丙,癸庚,戊,己,天蓬,天任,天冲,天輔,天英,天芮,天柱,天心,太陰,螣蛇,直符,九天,九地,朱雀,勾陳,六合,開門,休門,生門,傷門,杜門,景門,死門,驚門,〇奇入太陰,,△日奇伏吟,,×蛇入地羅,×地網,×伏吟天庭,,×月奇孛師,◯丙奇昇殿,×天網四張;×太白入網;×反吟大格;×太白同宮,,×伏吟,,×地戸蓬鬼,,伏吟
陰7局癸丑,壬,坤,震,天冲,傷門,寅卯,癸庚,戊,己,丁,乙,壬,辛,丙,丁,乙,壬,辛,丙,癸庚,戊,己,天芮,天柱,天心,天蓬,天任,天冲,天輔,天英,朱雀,勾陳,六合,太陰,螣蛇,直符,九天,九地,休門,生門,傷門,杜門,景門,死門,驚門,開門,×螣蛇妖矯;△丁丁之格,×螣蛇妖矯,△青龍合霊,,×地網高張,,×朱雀入獄,◯丁奇得使,〇奇儀順遂,◯乙奇得使,×幼女奸淫;×太白擒蛇,×飛宮格;×地網,×囚獄被傷,,△太孛入刑,×丙奇入墓,
陰7局甲寅,癸,坤,坤,天芮,死門,子丑,丁,乙,壬,辛,丙,癸庚,戊,己,丁,乙,壬,辛,丙,癸庚,戊,己,天蓬,天任,天冲,天輔,天英,天芮,天柱,天心,朱雀,勾陳,六合,太陰,螣蛇,直符,九天,九地,休門,生門,傷門,杜門,景門,死門,驚門,開門,〇奇入太陰,,△日奇伏吟,,×蛇入地羅,,×伏吟天庭,,×月奇孛師,◯丙奇昇殿,×天網四張;×太白入網;×反吟大格;×太白同宮,×伏宮格;×飛宮格,×伏吟,,×地戸蓬鬼,,伏吟
陰7局乙卯,癸,艮,坤,天芮,死門,子丑,丙,癸庚,戊,己,丁,乙,壬,辛,丁,乙,壬,辛,丙,癸庚,戊,己,天英,天芮,天柱,天心,天蓬,天任,天冲,天輔,螣蛇,直符,九天,九地,朱雀,勾陳,六合,太陰,死門,驚門,開門,休門,生門,傷門,杜門,景門,〇星奇朱雀,◯丙奇得使,△華蓋蓬星;△太白蓬星,×時格;×天羅;×六儀撃刑格,×龍入天牢,×六儀撃刑格,×遊魂入墓,,△星髄月転,,△華蓋蓬星;×日奇被刑,×乙奇入墓,〇小蛇化龍,,×入獄自刑,,反吟;門迫
陰7局丙辰,癸,離,坤,天芮,死門,子丑,乙,壬,辛,丙,癸庚,戊,己,丁,丁,乙,壬,辛,丙,癸庚,戊,己,天任,天冲,天輔,天英,天芮,天柱,天心,天蓬,勾陳,六合,太陰,螣蛇,直符,九天,九地,朱雀,生門,傷門,杜門,景門,死門,驚門,開門,休門,〇奇儀相佐,,△格名小蛇,,×凶蛇入獄,,△謀事成就,,〇華蓋孛師;×太白入熒,×時格;×天羅,△青龍華蓋;×値符飛宮,,△犬遇青龍,,×火入勾陳,,門迫
陰7局丁巳,癸,坎,坤,天芮,死門,子丑,癸庚,戊,己,丁,乙,壬,辛,丙,丁,乙,壬,辛,丙,癸庚,戊,己,天芮,天柱,天心,天蓬,天任,天冲,天輔,天英,直符,九天,九地,朱雀,勾陳,六合,太陰,螣蛇,景門,死門,驚門,開門,休門,生門,傷門,杜門,×螣蛇妖矯;△丁丁之格,×時格;×螣蛇妖矯;×天羅,△青龍合霊,,×地網高張,,×朱雀入獄,◯丁奇得使,〇奇儀順遂,◯乙奇得使,×幼女奸淫;×太白擒蛇,,×囚獄被傷,,△太孛入刑,×丙奇入墓,反吟;門迫
陰7局戊午,癸,兌,坤,天芮,死門,子丑,己,丁,乙,壬,辛,丙,癸庚,戊,丁,乙,壬,辛,丙,癸庚,戊,己,天心,天蓬,天任,天冲,天輔,天英,天芮,天柱,九地,朱雀,勾陳,六合,太陰,螣蛇,直符,九天,開門,休門,生門,傷門,杜門,景門,死門,驚門,△朱雀入墓,,〇人遁吉格,◯丁奇得使;×丁奇入墓,×日奇入地,◯乙奇昇殿,×騰蛇相纏,×六儀撃刑格,×干合孛師,×六儀撃刑格,×華蓋孛師;×焚入太白,◯丙奇得使,〇天乙会合;×太白伏宮,×時格;×天羅,×貴人入獄,,
陰7局己未,癸,壬,坤,天芮,死門,子丑,戊,己,丁,乙,壬,辛,丙,癸庚,丁,乙,壬,辛,丙,癸庚,戊,己,天柱,天心,天蓬,天任,天冲,天輔,天英,天芮,九天,九地,朱雀,勾陳,六合,太陰,螣蛇,直符,驚門,開門,休門,生門,傷門,杜門,景門,死門,〇青龍耀明,,△地戸蓬星,,〇五神互合,,×青龍逃走,◯雲遁;◯風遁;×青龍逃走,×水蛇入火,,×天牢華蓋;×白虎出力,,〇飛鳥跌穴,,×華蓋地戸;×官符刑格,×刑格;×時格;×天羅,門迫
陰7局庚申,癸,坤,坤,天芮,死門,子丑,丁,乙,壬,辛,丙,癸庚,戊,己,丁,乙,壬,辛,丙,癸庚,戊,己,天蓬,天任,天冲,天輔,天英,天芮,天柱,天心,朱雀,勾陳,六合,太陰,螣蛇,直符,九天,九地,休門,生門,傷門,杜門,景門,死門,驚門,開門,〇奇入太陰,,△日奇伏吟,,×蛇入地羅,,×伏吟天庭,,×月奇孛師,◯丙奇昇殿,×天網四張;×太白入網;×反吟大格;×太白同宮,×伏宮格;×飛宮格;×時格;×天羅,×伏吟,,×地戸蓬鬼,,伏吟
陰7局辛酉,癸,巽,坤,天芮,死門,子丑,壬,辛,丙,癸庚,戊,己,丁,乙,丁,乙,壬,辛,丙,癸庚,戊,己,天冲,天輔,天英,天芮,天柱,天心,天蓬,天任,六合,太陰,螣蛇,直符,九天,九地,朱雀,勾陳,傷門,杜門,景門,死門,驚門,開門,休門,生門,△干合蛇刑,,×白虎猖狂,×白虎猖狂,×火入天羅,,×網蓋天牢;×白虎干格,×時格;×天羅;×六儀撃刑格,〇青龍返首,,×地刑玄武;×刑格返名,×六儀撃刑格,〇青龍転光,◯丁奇昇殿,×日奇入霧,◯乙奇得使,門迫
陰7局壬戌,癸,震,坤,天芮,死門,子丑,辛,丙,癸庚,戊,己,丁,乙,壬,丁,乙,壬,辛,丙,癸庚,戊,己,天輔,天英,天芮,天柱,天心,天蓬,天任,天冲,太陰,螣蛇,直符,九天,九地,朱雀,勾陳,六合,杜門,景門,死門,驚門,開門,休門,生門,傷門,〇獄神得奇,,〇日月併用,,×復見騰蛇;×金華水流,×時格;×天羅,×青龍折足,,×火孛地戸,,×朱雀投江;△朱雀入没,×朱雀投江,×利陰害陽,,×凶蛇入獄,,門迫
陰7局癸亥,癸,坤,坤,天芮,死門,子丑,丁,乙,壬,辛,丙,癸庚,戊,己,丁,乙,壬,辛,丙,癸庚,戊,己,天蓬,天任,天冲,天輔,天英,天芮,天柱,天心,朱雀,勾陳,六合,太陰,螣蛇,直符,九天,九地,休門,生門,傷門,杜門,景門,死門,驚門,開門,〇奇入太陰,,△日奇伏吟,,×蛇入地羅,,×伏吟天庭,,×月奇孛師,◯丙奇昇殿,×天網四張;×太白入網;×反吟大格;×太白同宮,×伏宮格;×飛宮格;×時格;×天羅,×伏吟,,×地戸蓬鬼,,伏吟
陰8局甲子,戊,艮,艮,天任,生門,戌亥,丙,戊,癸,壬,乙,丁辛,己,庚,丙,戊,癸,壬,乙,丁辛,己,庚,天蓬,天任,天冲,天輔,天英,天芮,天柱,天心,螣蛇,直符,九天,九地,朱雀,勾陳,六合,太陰,休門,生門,傷門,杜門,景門,死門,驚門,開門,×月奇孛師,◯丙奇得使,×伏吟,,×天網四張,,×蛇入地羅,×六儀撃刑格,△日奇伏吟,◯乙奇得使,〇奇入太陰;×朱雀入獄;〇獄神得奇;×伏吟天庭,,×地戸蓬鬼,,×太白同宮,,伏吟
陰8局乙丑,戊,離,艮,天任,生門,戌亥,丁辛,己,庚,丙,戊,癸,壬,乙,丙,戊,癸,壬,乙,丁辛,己,庚,天芮,天柱,天心,天蓬,天任,天冲,天輔,天英,勾陳,六合,太陰,螣蛇,直符,九天,九地,朱雀,杜門,景門,死門,驚門,開門,休門,生門,傷門,△星髄月転;×干合孛師,,△犬遇青龍,,×反吟大格,,×火入天羅,,△青龍合霊,,×螣蛇妖矯;×網蓋天牢,×螣蛇妖矯,×凶蛇入獄,,×日奇被刑,◯乙奇得使,門迫
陰8局丙寅,戊,坎,艮,天任,生門,戌亥,戊,癸,壬,乙,丁辛,己,庚,丙,丙,戊,癸,壬,乙,丁辛,己,庚,天任,天冲,天輔,天英,天芮,天柱,天心,天蓬,直符,九天,九地,朱雀,勾陳,六合,太陰,螣蛇,傷門,杜門,景門,死門,驚門,開門,休門,生門,〇青龍返首,,〇天乙会合,,×幼女奸淫,,×日奇入地,,〇人遁吉格;×白虎猖狂,×白虎猖狂;×六儀撃刑格,△朱雀入墓;×遊魂入墓,×六儀撃刑格,×官符刑格,×刑格,×焚入太白,×丙奇入墓,門迫
陰8局丁卯,戊,坤,艮,天任,生門,戌亥,乙,丁辛,己,庚,丙,戊,癸,壬,丙,戊,癸,壬,乙,丁辛,己,庚,天英,天芮,天柱,天心,天蓬,天任,天冲,天輔,朱雀,勾陳,六合,太陰,螣蛇,直符,九天,九地,景門,死門,驚門,開門,休門,生門,傷門,杜門,〇奇儀順遂,,〇青龍転光;×囚獄被傷,◯丁奇得使;×丁奇入墓,×地刑玄武,,×金華水流,,〇日月併用,◯丙奇昇殿,〇青龍耀明;×青龍折足,,×華蓋地戸,,×太白擒蛇,,反吟;門迫
陰8局戊辰,戊,艮,艮,天任,生門,戌亥,丙,戊,癸,壬,乙,丁辛,己,庚,丙,戊,癸,壬,乙,丁辛,己,庚,天蓬,天任,天冲,天輔,天英,天芮,天柱,天心,螣蛇,直符,九天,九地,朱雀,勾陳,六合,太陰,驚門,開門,休門,生門,傷門,杜門,景門,死門,×月奇孛師,◯丙奇得使,×伏吟,,×天網四張,,×蛇入地羅,×六儀撃刑格,△日奇伏吟,◯乙奇得使,〇奇入太陰;×朱雀入獄;〇獄神得奇;×伏吟天庭,,×地戸蓬鬼,,×太白同宮,,伏吟;門迫
陰8局己巳,戊,兌,艮,天任,生門,戌亥,壬,乙,丁辛,己,庚,丙,戊,癸,丙,戊,癸,壬,乙,丁辛,己,庚,天輔,天英,天芮,天柱,天心,天蓬,天任,天冲,九地,朱雀,勾陳,六合,太陰,螣蛇,直符,九天,開門,休門,生門,傷門,杜門,景門,死門,驚門,×水蛇入火,,×利陰害陽,,×朱雀投江;×天牢華蓋,◯玉女守門;×朱雀投江,×地網高張,,△太白蓬星,,〇星奇朱雀;△謀事成就,◯丙奇得使,×貴人入獄,,×太白入網,,
陰8局庚午,戊,壬,艮,天任,生門,戌亥,癸,壬,乙,丁辛,己,庚,丙,戊,丙,戊,癸,壬,乙,丁辛,己,庚,天冲,天輔,天英,天芮,天柱,天心,天蓬,天任,九天,九地,朱雀,勾陳,六合,太陰,螣蛇,直符,景門,死門,驚門,開門,休門,生門,傷門,杜門,〇華蓋孛師,,〇小蛇化龍,,△華蓋蓬星,◯乙奇昇殿,〇五神互合;×凶蛇入獄,◯丁奇得使,△地戸蓬星,,△丁丁之格;×白虎干格,,△太孛入刑,,×値符飛宮,×飛宮格,反吟;門迫
陰8局辛未,戊,坤,艮,天任,生門,戌亥,乙,丁辛,己,庚,丙,戊,癸,壬,丙,戊,癸,壬,乙,丁辛,己,庚,天英,天芮,天柱,天心,天蓬,天任,天冲,天輔,朱雀,勾陳,六合,太陰,螣蛇,直符,九天,九地,生門,傷門,杜門,景門,死門,驚門,開門,休門,〇奇儀順遂,,〇青龍転光;×囚獄被傷,◯丁奇得使;×丁奇入墓,×地刑玄武,,×金華水流,,〇日月併用,◯丙奇昇殿,〇青龍耀明;×青龍折足,,×華蓋地戸,,×太白擒蛇,,反吟;門迫
陰8局壬申,戊,巽,艮,天任,生門,戌亥,己,庚,丙,戊,癸,壬,乙,丁辛,丙,戊,癸,壬,乙,丁辛,己,庚,天柱,天心,天蓬,天任,天冲,天輔,天英,天芮,六合,太陰,螣蛇,直符,九天,九地,朱雀,勾陳,死門,驚門,開門,休門,生門,傷門,杜門,景門,×火孛地戸,,×太白伏宮,×伏宮格;×六儀撃刑格,×華蓋孛師,,×龍入天牢,,△華蓋蓬星,,△干合蛇刑;×騰蛇相纏,,×日奇入霧,,△朱雀入没;×白虎出力,,門迫
陰8局癸酉,戊,震,艮,天任,生門,戌亥,庚,丙,戊,癸,壬,乙,丁辛,己,丙,戊,癸,壬,乙,丁辛,己,庚,天心,天蓬,天任,天冲,天輔,天英,天芮,天柱,太陰,螣蛇,直符,九天,九地,朱雀,勾陳,六合,休門,生門,傷門,杜門,景門,死門,驚門,開門,×太白入熒,,〇飛鳥跌穴,,△青龍華蓋,×六儀撃刑格,×復見騰蛇,×六儀撃刑格,△格名小蛇,,〇奇儀相佐;×青龍逃走,×青龍逃走;×乙奇入墓,×火入勾陳;×入獄自刑,◯丁奇昇殿,×刑格返名,,
陰8局甲戌,己,兌,兌,天柱,驚門,申酉,丙,戊,癸,壬,乙,丁辛,己,庚,丙,戊,癸,壬,乙,丁辛,己,庚,天蓬,天任,天冲,天輔,天英,天芮,天柱,天心,九地,朱雀,勾陳,六合,太陰,螣蛇,直符,九天,休門,生門,傷門,杜門,景門,死門,驚門,開門,×月奇孛師,◯丙奇得使,×伏吟,,×天網四張,,×蛇入地羅,×六儀撃刑格,△日奇伏吟,◯乙奇得使,〇奇入太陰;×朱雀入獄;〇獄神得奇;×伏吟天庭,,×地戸蓬鬼,,×太白同宮,,伏吟
陰8局乙亥,己,離,兌,天柱,驚門,申酉,癸,壬,乙,丁辛,己,庚,丙,戊,丙,戊,癸,壬,乙,丁辛,己,庚,天冲,天輔,天英,天芮,天柱,天心,天蓬,天任,勾陳,六合,太陰,螣蛇,直符,九天,九地,朱雀,開門,休門,生門,傷門,杜門,景門,死門,驚門,〇華蓋孛師,,〇小蛇化龍,,△華蓋蓬星,◯乙奇昇殿,〇五神互合;×凶蛇入獄,◯丁奇得使,△地戸蓬星,,△丁丁之格;×白虎干格,,△太孛入刑,,×値符飛宮,,
陰8局丙子,己,坎,兌,天柱,驚門,申酉,己,庚,丙,戊,癸,壬,乙,丁辛,丙,戊,癸,壬,乙,丁辛,己,庚,天柱,天心,天蓬,天任,天冲,天輔,天英,天芮,直符,九天,九地,朱雀,勾陳,六合,太陰,螣蛇,生門,傷門,杜門,景門,死門,驚門,開門,休門,×火孛地戸,,×太白伏宮,×六儀撃刑格,×華蓋孛師,,×龍入天牢,,△華蓋蓬星,,△干合蛇刑;×騰蛇相纏,,×日奇入霧,◯地遁,△朱雀入没;×白虎出力,,門迫
陰8局丁丑,己,坤,兌,天柱,驚門,申酉,戊,癸,壬,乙,丁辛,己,庚,丙,丙,戊,癸,壬,乙,丁辛,己,庚,天任,天冲,天輔,天英,天芮,天柱,天心,天蓬,朱雀,勾陳,六合,太陰,螣蛇,直符,九天,九地,杜門,景門,死門,驚門,開門,休門,生門,傷門,〇青龍返首,,〇天乙会合,,×幼女奸淫,,×日奇入地,,〇人遁吉格;×白虎猖狂,×白虎猖狂;×六儀撃刑格,△朱雀入墓;×遊魂入墓,×六儀撃刑格,×官符刑格,×伏宮格;×刑格,×焚入太白,×丙奇入墓,門迫
陰8局戊寅,己,艮,兌,天柱,驚門,申酉,丁辛,己,庚,丙,戊,癸,壬,乙,丙,戊,癸,壬,乙,丁辛,己,庚,天芮,天柱,天心,天蓬,天任,天冲,天輔,天英,螣蛇,直符,九天,九地,朱雀,勾陳,六合,太陰,景門,死門,驚門,開門,休門,生門,傷門,杜門,△星髄月転;×干合孛師,,△犬遇青龍,,×反吟大格,,×火入天羅,,△青龍合霊,,×螣蛇妖矯;×網蓋天牢,×螣蛇妖矯,×凶蛇入獄,,×日奇被刑,◯乙奇得使,反吟;門迫
陰8局己卯,己,兌,兌,天柱,驚門,申酉,丙,戊,癸,壬,乙,丁辛,己,庚,丙,戊,癸,壬,乙,丁辛,己,庚,天蓬,天任,天冲,天輔,天英,天芮,天柱,天心,九地,朱雀,勾陳,六合,太陰,螣蛇,直符,九天,生門,傷門,杜門,景門,死門,驚門,開門,休門,×月奇孛師,◯丙奇得使,×伏吟,,×天網四張,,×蛇入地羅,×六儀撃刑格,△日奇伏吟,◯乙奇得使,〇奇入太陰;×朱雀入獄;〇獄神得奇;×伏吟天庭,◯玉女守門,×地戸蓬鬼,,×太白同宮,,伏吟;門迫
陰8局庚辰,己,壬,兌,天柱,驚門,申酉,庚,丙,戊,癸,壬,乙,丁辛,己,丙,戊,癸,壬,乙,丁辛,己,庚,天心,天蓬,天任,天冲,天輔,天英,天芮,天柱,九天,九地,朱雀,勾陳,六合,太陰,螣蛇,直符,驚門,開門,休門,生門,傷門,杜門,景門,死門,×太白入熒,,〇飛鳥跌穴,,△青龍華蓋,×六儀撃刑格,×復見騰蛇,×六儀撃刑格,△格名小蛇,,〇奇儀相佐;×青龍逃走,×青龍逃走;×乙奇入墓,×火入勾陳;×入獄自刑,◯丁奇昇殿,×刑格返名,×飛宮格,門迫
陰8局辛巳,己,坤,兌,天柱,驚門,申酉,戊,癸,壬,乙,丁辛,己,庚,丙,丙,戊,癸,壬,乙,丁辛,己,庚,天任,天冲,天輔,天英,天芮,天柱,天心,天蓬,朱雀,勾陳,六合,太陰,螣蛇,直符,九天,九地,傷門,杜門,景門,死門,驚門,開門,休門,生門,〇青龍返首,,〇天乙会合,,×幼女奸淫,,×日奇入地,,〇人遁吉格;×白虎猖狂,◯玉女守門;×白虎猖狂;×六儀撃刑格,△朱雀入墓;×遊魂入墓,×六儀撃刑格,×官符刑格,×伏宮格;×刑格,×焚入太白,×丙奇入墓,門迫
陰8局壬午,己,巽,兌,天柱,驚門,申酉,壬,乙,丁辛,己,庚,丙,戊,癸,丙,戊,癸,壬,乙,丁辛,己,庚,天輔,天英,天芮,天柱,天心,天蓬,天任,天冲,六合,太陰,螣蛇,直符,九天,九地,朱雀,勾陳,死門,驚門,開門,休門,生門,傷門,杜門,景門,×水蛇入火,,×利陰害陽,,×朱雀投江;×天牢華蓋,×朱雀投江,×地網高張,,△太白蓬星,,〇星奇朱雀;△謀事成就,◯丙奇得使,×貴人入獄,,×太白入網,,門迫
陰8局癸未,己,震,兌,天柱,驚門,申酉,乙,丁辛,己,庚,丙,戊,癸,壬,丙,戊,癸,壬,乙,丁辛,己,庚,天英,天芮,天柱,天心,天蓬,天任,天冲,天輔,太陰,螣蛇,直符,九天,九地,朱雀,勾陳,六合,休門,生門,傷門,杜門,景門,死門,驚門,開門,〇奇儀順遂,◯龍遁,〇青龍転光;×囚獄被傷,◯丁奇得使;×丁奇入墓,×地刑玄武,,×金華水流,,〇日月併用,◯丙奇昇殿,〇青龍耀明;×青龍折足,,×華蓋地戸,,×太白擒蛇,,反吟
陰8局甲申,庚,壬,乾,天心,開門,午未,丙,戊,癸,壬,乙,丁辛,己,庚,丙,戊,癸,壬,乙,丁辛,己,庚,天蓬,天任,天冲,天輔,天英,天芮,天柱,天心,九天,九地,朱雀,勾陳,六合,太陰,螣蛇,直符,休門,生門,傷門,杜門,景門,死門,驚門,開門,×月奇孛師,◯丙奇得使,×伏吟,,×天網四張,,×蛇入地羅,×六儀撃刑格,△日奇伏吟,◯乙奇得使,〇奇入太陰;×朱雀入獄;〇獄神得奇;×伏吟天庭,,×地戸蓬鬼,,×太白同宮,×伏宮格;×飛宮格,伏吟
陰8局乙酉,庚,離,乾,天心,開門,午未,壬,乙,丁辛,己,庚,丙,戊,癸,丙,戊,癸,壬,乙,丁辛,己,庚,天輔,天英,天芮,天柱,天心,天蓬,天任,天冲,勾陳,六合,太陰,螣蛇,直符,九天,九地,朱雀,傷門,杜門,景門,死門,驚門,開門,休門,生門,×水蛇入火,,×利陰害陽,,×朱雀投江;×天牢華蓋,×朱雀投江,×地網高張,,△太白蓬星,×時格,〇星奇朱雀;△謀事成就,◯丙奇得使,×貴人入獄,,×太白入網,,門迫
陰8局丙戌,庚,坎,乾,天心,開門,午未,庚,丙,戊,癸,壬,乙,丁辛,己,丙,戊,癸,壬,乙,丁辛,己,庚,天心,天蓬,天任,天冲,天輔,天英,天芮,天柱,直符,九天,九地,朱雀,勾陳,六合,太陰,螣蛇,景門,死門,驚門,開門,休門,生門,傷門,杜門,×太白入熒,×時格,〇飛鳥跌穴,,△青龍華蓋,×六儀撃刑格,×復見騰蛇,×六儀撃刑格,△格名小蛇,,〇奇儀相佐;×青龍逃走,◯雲遁;×青龍逃走;×乙奇入墓,×火入勾陳;×入獄自刑,◯丁奇昇殿,×刑格返名,,反吟;門迫
陰8局丁亥,庚,坤,乾,天心,開門,午未,癸,壬,乙,丁辛,己,庚,丙,戊,丙,戊,癸,壬,乙,丁辛,己,庚,天冲,天輔,天英,天芮,天柱,天心,天蓬,天任,朱雀,勾陳,六合,太陰,螣蛇,直符,九天,九地,死門,驚門,開門,休門,生門,傷門,杜門,景門,〇華蓋孛師,,〇小蛇化龍,,△華蓋蓬星,◯乙奇昇殿,〇五神互合;×凶蛇入獄,◯人遁;◯丁奇得使,△地戸蓬星,,△丁丁之格;×白虎干格,×時格,△太孛入刑,,×値符飛宮,,門迫
陰8局戊子,庚,艮,乾,天心,開門,午未,己,庚,丙,戊,癸,壬,乙,丁辛,丙,戊,癸,壬,乙,丁辛,己,庚,天柱,天心,天蓬,天任,天冲,天輔,天英,天芮,螣蛇,直符,九天,九地,朱雀,勾陳,六合,太陰,傷門,杜門,景門,死門,驚門,開門,休門,生門,×火孛地戸,,×太白伏宮,×時格;×六儀撃刑格,×華蓋孛師,,×龍入天牢,,△華蓋蓬星,,△干合蛇刑;×騰蛇相纏,,×日奇入霧,,△朱雀入没;×白虎出力,,門迫
陰8局己丑,庚,兌,乾,天心,開門,午未,戊,癸,壬,乙,丁辛,己,庚,丙,丙,戊,癸,壬,乙,丁辛,己,庚,天任,天冲,天輔,天英,天芮,天柱,天心,天蓬,九地,朱雀,勾陳,六合,太陰,螣蛇,直符,九天,開門,休門,生門,傷門,杜門,景門,死門,驚門,〇青龍返首,,〇天乙会合,,×幼女奸淫,,×日奇入地,,〇人遁吉格;×白虎猖狂,×白虎猖狂;×六儀撃刑格,△朱雀入墓;×遊魂入墓,×六儀撃刑格,×官符刑格,×刑格;×時格,×焚入太白,×丙奇入墓,
陰8局庚寅,庚,壬,乾,天心,開門,午未,丙,戊,癸,壬,乙,丁辛,己,庚,丙,戊,癸,壬,乙,丁辛,己,庚,天蓬,天任,天冲,天輔,天英,天芮,天柱,天心,九天,九地,朱雀,勾陳,六合,太陰,螣蛇,直符,杜門,景門,死門,驚門,開門,休門,生門,傷門,×月奇孛師,◯丙奇得使,×伏吟,,×天網四張,,×蛇入地羅,×六儀撃刑格,△日奇伏吟,◯乙奇得使,〇奇入太陰;×朱雀入獄;〇獄神得奇;×伏吟天庭,◯人遁,×地戸蓬鬼,,×太白同宮,×伏宮格;×飛宮格;×時格,伏吟;門迫
陰8局辛卯,庚,坤,乾,天心,開門,午未,癸,壬,乙,丁辛,己,庚,丙,戊,丙,戊,癸,壬,乙,丁辛,己,庚,天冲,天輔,天英,天芮,天柱,天心,天蓬,天任,朱雀,勾陳,六合,太陰,螣蛇,直符,九天,九地,驚門,開門,休門,生門,傷門,杜門,景門,死門,〇華蓋孛師,,〇小蛇化龍,,△華蓋蓬星,◯乙奇昇殿,〇五神互合;×凶蛇入獄,◯丁奇得使,△地戸蓬星,,△丁丁之格;×白虎干格,×時格,△太孛入刑,,×値符飛宮,,門迫
陰8局壬辰,庚,巽,乾,天心,開門,午未,乙,丁辛,己,庚,丙,戊,癸,壬,丙,戊,癸,壬,乙,丁辛,己,庚,天英,天芮,天柱,天心,天蓬,天任,天冲,天輔,六合,太陰,螣蛇,直符,九天,九地,朱雀,勾陳,生門,傷門,杜門,景門,死門,驚門,開門,休門,〇奇儀順遂,,〇青龍転光;×囚獄被傷,◯丁奇得使;×丁奇入墓,×地刑玄武,,×金華水流,×時格,〇日月併用,◯丙奇昇殿,〇青龍耀明;×青龍折足,,×華蓋地戸,,×太白擒蛇,,反吟;門迫
陰8局癸巳,庚,震,乾,天心,開門,午未,丁辛,己,庚,丙,戊,癸,壬,乙,丙,戊,癸,壬,乙,丁辛,己,庚,天芮,天柱,天心,天蓬,天任,天冲,天輔,天英,太陰,螣蛇,直符,九天,九地,朱雀,勾陳,六合,休門,生門,傷門,杜門,景門,死門,驚門,開門,△星髄月転;×干合孛師,◯人遁,△犬遇青龍,,×反吟大格,×時格,×火入天羅,,△青龍合霊,,×螣蛇妖矯;×網蓋天牢,×螣蛇妖矯,×凶蛇入獄,,×日奇被刑,◯乙奇得使,
陰8局甲午,辛,坤,坤,天芮,死門,辰巳,丙,戊,癸,壬,乙,丁辛,己,庚,丙,戊,癸,壬,乙,丁辛,己,庚,天蓬,天任,天冲,天輔,天英,天芮,天柱,天心,朱雀,勾陳,六合,太陰,螣蛇,直符,九天,九地,休門,生門,傷門,杜門,景門,死門,驚門,開門,×月奇孛師,◯丙奇得使,×伏吟,,×天網四張,,×蛇入地羅,×六儀撃刑格,△日奇伏吟,◯乙奇得使,〇奇入太陰;×朱雀入獄;〇獄神得奇;×伏吟天庭,◯玉女守門,×地戸蓬鬼,,×太白同宮,,伏吟
陰8局乙未,辛,離,坤,天芮,死門,辰巳,戊,癸,壬,乙,丁辛,己,庚,丙,丙,戊,癸,壬,乙,丁辛,己,庚,天任,天冲,天輔,天英,天芮,天柱,天心,天蓬,勾陳,六合,太陰,螣蛇,直符,九天,九地,朱雀,傷門,杜門,景門,死門,驚門,開門,休門,生門,〇青龍返首,,〇天乙会合,,×幼女奸淫,,×日奇入地,,〇人遁吉格;×白虎猖狂,×白虎猖狂;×六儀撃刑格,△朱雀入墓;×遊魂入墓,×六儀撃刑格,×官符刑格,×刑格,×焚入太白,×丙奇入墓,門迫
陰8局丙申,辛,坎,坤,天芮,死門,辰巳,丁辛,己,庚,丙,戊,癸,壬,乙,丙,戊,癸,壬,乙,丁辛,己,庚,天芮,天柱,天心,天蓬,天任,天冲,天輔,天英,直符,九天,九地,朱雀,勾陳,六合,太陰,螣蛇,杜門,景門,死門,驚門,開門,休門,生門,傷門,△星髄月転;×干合孛師,,△犬遇青龍,,×反吟大格,,×火入天羅,,△青龍合霊,,×螣蛇妖矯;×網蓋天牢,×螣蛇妖矯,×凶蛇入獄,,×日奇被刑,◯乙奇得使,門迫
陰8局丁酉,辛,坤,坤,天芮,死門,辰巳,丙,戊,癸,壬,乙,丁辛,己,庚,丙,戊,癸,壬,乙,丁辛,己,庚,天蓬,天任,天冲,天輔,天英,天芮,天柱,天心,朱雀,勾陳,六合,太陰,螣蛇,直符,九天,九地,休門,生門,傷門,杜門,景門,死門,驚門,開門,×月奇孛師,◯丙奇得使,×伏吟,,×天網四張,,×蛇入地羅,×六儀撃刑格,△日奇伏吟,◯乙奇得使,〇奇入太陰;×朱雀入獄;〇獄神得奇;×伏吟天庭,◯玉女守門,×地戸蓬鬼,,×太白同宮,,伏吟
陰8局戊戌,辛,艮,坤,天芮,死門,辰巳,乙,丁辛,己,庚,丙,戊,癸,壬,丙,戊,癸,壬,乙,丁辛,己,庚,天英,天芮,天柱,天心,天蓬,天任,天冲,天輔,螣蛇,直符,九天,九地,朱雀,勾陳,六合,太陰,死門,驚門,開門,休門,生門,傷門,杜門,景門,〇奇儀順遂,,〇青龍転光;×囚獄被傷,◯丁奇得使;×丁奇入墓,×地刑玄武,,×金華水流,,〇日月併用,◯丙奇昇殿,〇青龍耀明;×青龍折足,,×華蓋地戸,,×太白擒蛇,,反吟;門迫
陰8局己亥,辛,兌,坤,天芮,死門,辰巳,庚,丙,戊,癸,壬,乙,丁辛,己,丙,戊,癸,壬,乙,丁辛,己,庚,天心,天蓬,天任,天冲,天輔,天英,天芮,天柱,九地,朱雀,勾陳,六合,太陰,螣蛇,直符,九天,生門,傷門,杜門,景門,死門,驚門,開門,休門,×太白入熒,,〇飛鳥跌穴,,△青龍華蓋,×六儀撃刑格,×復見騰蛇,×六儀撃刑格,△格名小蛇,,〇奇儀相佐;×青龍逃走,×青龍逃走;×乙奇入墓,×火入勾陳;×入獄自刑,◯丁奇昇殿,×刑格返名,,門迫
陰8局庚子,辛,乾,坤,天芮,死門,辰巳,己,庚,丙,戊,癸,壬,乙,丁辛,丙,戊,癸,壬,乙,丁辛,己,庚,天柱,天心,天蓬,天任,天冲,天輔,天英,天芮,九天,九地,朱雀,勾陳,六合,太陰,螣蛇,直符,景門,死門,驚門,開門,休門,生門,傷門,杜門,×火孛地戸,,×太白伏宮,×六儀撃刑格,×華蓋孛師,,×龍入天牢,,△華蓋蓬星,,△干合蛇刑;×騰蛇相纏,,×日奇入霧,,△朱雀入没;×白虎出力,×飛宮格,反吟;門迫
陰8局辛丑,辛,坤,坤,天芮,死門,辰巳,丙,戊,癸,壬,乙,丁辛,己,庚,丙,戊,癸,壬,乙,丁辛,己,庚,天蓬,天任,天冲,天輔,天英,天芮,天柱,天心,朱雀,勾陳,六合,太陰,螣蛇,直符,九天,九地,開門,休門,生門,傷門,杜門,景門,死門,驚門,×月奇孛師,◯丙奇得使,×伏吟,,×天網四張,,×蛇入地羅,×六儀撃刑格,△日奇伏吟,◯乙奇得使,〇奇入太陰;×朱雀入獄;〇獄神得奇;×伏吟天庭,,×地戸蓬鬼,,×太白同宮,,伏吟
陰8局壬寅,辛,巽,坤,天芮,死門,辰巳,癸,壬,乙,丁辛,己,庚,丙,戊,丙,戊,癸,壬,乙,丁辛,己,庚,天冲,天輔,天英,天芮,天柱,天心,天蓬,天任,六合,太陰,螣蛇,直符,九天,九地,朱雀,勾陳,驚門,開門,休門,生門,傷門,杜門,景門,死門,〇華蓋孛師,,〇小蛇化龍,,△華蓋蓬星,◯乙奇昇殿,〇五神互合;×凶蛇入獄,◯丁奇得使,△地戸蓬星,,△丁丁之格;×白虎干格,×伏宮格,△太孛入刑,,×値符飛宮,,門迫
陰8局癸卯,辛,震,坤,天芮,死門,辰巳,壬,乙,丁辛,己,庚,丙,戊,癸,丙,戊,癸,壬,乙,丁辛,己,庚,天輔,天英,天芮,天柱,天心,天蓬,天任,天冲,太陰,螣蛇,直符,九天,九地,朱雀,勾陳,六合,休門,生門,傷門,杜門,景門,死門,驚門,開門,×水蛇入火,,×利陰害陽,,×朱雀投江;×天牢華蓋,×朱雀投江,×地網高張,,△太白蓬星,,〇星奇朱雀;△謀事成就,◯丙奇得使,×貴人入獄,,×太白入網,,
陰8局甲辰,壬,巽,巽,天輔,杜門,寅卯,丙,戊,癸,壬,乙,丁辛,己,庚,丙,戊,癸,壬,乙,丁辛,己,庚,天蓬,天任,天冲,天輔,天英,天芮,天柱,天心,六合,太陰,螣蛇,直符,九天,九地,朱雀,勾陳,休門,生門,傷門,杜門,景門,死門,驚門,開門,×月奇孛師,◯丙奇得使,×伏吟,,×天網四張,,×蛇入地羅,×六儀撃刑格,△日奇伏吟,◯乙奇得使,〇奇入太陰;×朱雀入獄;〇獄神得奇;×伏吟天庭,,×地戸蓬鬼,,×太白同宮,,伏吟
陰8局乙巳,壬,離,巽,天輔,杜門,寅卯,庚,丙,戊,癸,壬,乙,丁辛,己,丙,戊,癸,壬,乙,丁辛,己,庚,天心,天蓬,天任,天冲,天輔,天英,天芮,天柱,勾陳,六合,太陰,螣蛇,直符,九天,九地,朱雀,生門,傷門,杜門,景門,死門,驚門,開門,休門,×太白入熒,,〇飛鳥跌穴,,△青龍華蓋,×六儀撃刑格,×復見騰蛇,×六儀撃刑格,△格名小蛇,×地網,〇奇儀相佐;×青龍逃走,×青龍逃走;×乙奇入墓,×火入勾陳;×入獄自刑,◯丁奇昇殿,×刑格返名,,門迫
陰8局丙午,壬,坎,巽,天輔,杜門,寅卯,壬,乙,丁辛,己,庚,丙,戊,癸,丙,戊,癸,壬,乙,丁辛,己,庚,天輔,天英,天芮,天柱,天心,天蓬,天任,天冲,直符,九天,九地,朱雀,勾陳,六合,太陰,螣蛇,驚門,開門,休門,生門,傷門,杜門,景門,死門,×水蛇入火,×地網,×利陰害陽,,×朱雀投江;×天牢華蓋,×朱雀投江,×地網高張,,△太白蓬星,,〇星奇朱雀;△謀事成就,◯丙奇得使,×貴人入獄,,×太白入網,,門迫
陰8局丁未,壬,坤,巽,天輔,杜門,寅卯,己,庚,丙,戊,癸,壬,乙,丁辛,丙,戊,癸,壬,乙,丁辛,己,庚,天柱,天心,天蓬,天任,天冲,天輔,天英,天芮,朱雀,勾陳,六合,太陰,螣蛇,直符,九天,九地,杜門,景門,死門,驚門,開門,休門,生門,傷門,×火孛地戸,,×太白伏宮,×六儀撃刑格,×華蓋孛師,,×龍入天牢,,△華蓋蓬星,,△干合蛇刑;×騰蛇相纏,×地網,×日奇入霧,,△朱雀入没;×白虎出力,,門迫
陰8局戊申,壬,艮,巽,天輔,杜門,寅卯,癸,壬,乙,丁辛,己,庚,丙,戊,丙,戊,癸,壬,乙,丁辛,己,庚,天冲,天輔,天英,天芮,天柱,天心,天蓬,天任,螣蛇,直符,九天,九地,朱雀,勾陳,六合,太陰,開門,休門,生門,傷門,杜門,景門,死門,驚門,〇華蓋孛師,,〇小蛇化龍,×地網,△華蓋蓬星,◯乙奇昇殿,〇五神互合;×凶蛇入獄,◯丁奇得使,△地戸蓬星,,△丁丁之格;×白虎干格,,△太孛入刑,,×値符飛宮,,
陰8局己酉,壬,兌,巽,天輔,杜門,寅卯,丁辛,己,庚,丙,戊,癸,壬,乙,丙,戊,癸,壬,乙,丁辛,己,庚,天芮,天柱,天心,天蓬,天任,天冲,天輔,天英,九地,朱雀,勾陳,六合,太陰,螣蛇,直符,九天,傷門,杜門,景門,死門,驚門,開門,休門,生門,△星髄月転;×干合孛師,,△犬遇青龍,,×反吟大格,,×火入天羅,,△青龍合霊,,×螣蛇妖矯;×網蓋天牢,×螣蛇妖矯,×凶蛇入獄,×地網,×日奇被刑,◯乙奇得使,門迫
陰8局庚戌,壬,壬,巽,天輔,杜門,寅卯,乙,丁辛,己,庚,丙,戊,癸,壬,丙,戊,癸,壬,乙,丁辛,己,庚,天英,天芮,天柱,天心,天蓬,天任,天冲,天輔,九天,九地,朱雀,勾陳,六合,太陰,螣蛇,直符,死門,驚門,開門,休門,生門,傷門,杜門,景門,〇奇儀順遂,,〇青龍転光;×囚獄被傷,◯丁奇得使;×丁奇入墓,×地刑玄武,,×金華水流,×伏宮格,〇日月併用,◯丙奇昇殿,〇青龍耀明;×青龍折足,,×華蓋地戸,,×太白擒蛇,×飛宮格;×地網,反吟;門迫
陰8局辛亥,壬,坤,巽,天輔,杜門,寅卯,己,庚,丙,戊,癸,壬,乙,丁辛,丙,戊,癸,壬,乙,丁辛,己,庚,天柱,天心,天蓬,天任,天冲,天輔,天英,天芮,朱雀,勾陳,六合,太陰,螣蛇,直符,九天,九地,景門,死門,驚門,開門,休門,生門,傷門,杜門,×火孛地戸,,×太白伏宮,×六儀撃刑格,×華蓋孛師,,×龍入天牢,,△華蓋蓬星,,△干合蛇刑;×騰蛇相纏,×地網,×日奇入霧,,△朱雀入没;×白虎出力,◯玉女守門,反吟;門迫
陰8局壬子,壬,巽,巽,天輔,杜門,寅卯,丙,戊,癸,壬,乙,丁辛,己,庚,丙,戊,癸,壬,乙,丁辛,己,庚,天蓬,天任,天冲,天輔,天英,天芮,天柱,天心,六合,太陰,螣蛇,直符,九天,九地,朱雀,勾陳,驚門,開門,休門,生門,傷門,杜門,景門,死門,×月奇孛師,◯丙奇得使,×伏吟,,×天網四張,,×蛇入地羅,×地網;×六儀撃刑格,△日奇伏吟,◯乙奇得使,〇奇入太陰;×朱雀入獄;〇獄神得奇;×伏吟天庭,◯玉女守門,×地戸蓬鬼,,×太白同宮,,伏吟;門迫
陰8局癸丑,壬,震,巽,天輔,杜門,寅卯,戊,癸,壬,乙,丁辛,己,庚,丙,丙,戊,癸,壬,乙,丁辛,己,庚,天任,天冲,天輔,天英,天芮,天柱,天心,天蓬,太陰,螣蛇,直符,九天,九地,朱雀,勾陳,六合,休門,生門,傷門,杜門,景門,死門,驚門,開門,〇青龍返首,,〇天乙会合,,×幼女奸淫,×地網,×日奇入地,,〇人遁吉格;×白虎猖狂,×白虎猖狂;×六儀撃刑格,△朱雀入墓;×遊魂入墓,×六儀撃刑格,×官符刑格,×刑格,×焚入太白,×丙奇入墓,
陰8局甲寅,癸,震,震,天冲,傷門,子丑,丙,戊,癸,壬,乙,丁辛,己,庚,丙,戊,癸,壬,乙,丁辛,己,庚,天蓬,天任,天冲,天輔,天英,天芮,天柱,天心,太陰,螣蛇,直符,九天,九地,朱雀,勾陳,六合,休門,生門,傷門,杜門,景門,死門,驚門,開門,×月奇孛師,◯丙奇得使,×伏吟,,×天網四張,,×蛇入地羅,×六儀撃刑格,△日奇伏吟,◯乙奇得使,〇奇入太陰;×朱雀入獄;〇獄神得奇;×伏吟天庭,,×地戸蓬鬼,,×太白同宮,,伏吟
陰8局乙卯,癸,離,震,天冲,傷門,子丑,己,庚,丙,戊,癸,壬,乙,丁辛,丙,戊,癸,壬,乙,丁辛,己,庚,天柱,天心,天蓬,天任,天冲,天輔,天英,天芮,勾陳,六合,太陰,螣蛇,直符,九天,九地,朱雀,死門,驚門,開門,休門,生門,傷門,杜門,景門,×火孛地戸,,×太白伏宮,×六儀撃刑格,×華蓋孛師,,×龍入天牢,,△華蓋蓬星,×天羅,△干合蛇刑;×騰蛇相纏,,×日奇入霧,◯鬼遁,△朱雀入没;×白虎出力,,門迫
陰8局丙辰,癸,坎,震,天冲,傷門,子丑,癸,壬,乙,丁辛,己,庚,丙,戊,丙,戊,癸,壬,乙,丁辛,己,庚,天冲,天輔,天英,天芮,天柱,天心,天蓬,天任,直符,九天,九地,朱雀,勾陳,六合,太陰,螣蛇,傷門,杜門,景門,死門,驚門,開門,休門,生門,〇華蓋孛師,×天羅,〇小蛇化龍,,△華蓋蓬星,◯乙奇昇殿,〇五神互合;×凶蛇入獄,◯丁奇得使,△地戸蓬星,,△丁丁之格;×白虎干格,,△太孛入刑,,×値符飛宮,,門迫
陰8局丁巳,癸,坤,震,天冲,傷門,子丑,丁辛,己,庚,丙,戊,癸,壬,乙,丙,戊,癸,壬,乙,丁辛,己,庚,天芮,天柱,天心,天蓬,天任,天冲,天輔,天英,朱雀,勾陳,六合,太陰,螣蛇,直符,九天,九地,驚門,開門,休門,生門,傷門,杜門,景門,死門,△星髄月転;×干合孛師,,△犬遇青龍,,×反吟大格,×伏宮格,×火入天羅,,△青龍合霊,,×螣蛇妖矯;×網蓋天牢,×螣蛇妖矯;×天羅,×凶蛇入獄,,×日奇被刑,◯乙奇得使,門迫
陰8局戊午,癸,艮,震,天冲,傷門,子丑,戊,癸,壬,乙,丁辛,己,庚,丙,丙,戊,癸,壬,乙,丁辛,己,庚,天任,天冲,天輔,天英,天芮,天柱,天心,天蓬,螣蛇,直符,九天,九地,朱雀,勾陳,六合,太陰,生門,傷門,杜門,景門,死門,驚門,開門,休門,〇青龍返首,,〇天乙会合,×天羅,×幼女奸淫,,×日奇入地,,〇人遁吉格;×白虎猖狂,×白虎猖狂;×六儀撃刑格,△朱雀入墓;×遊魂入墓,×六儀撃刑格,×官符刑格,×刑格,×焚入太白,×丙奇入墓,門迫
陰8局己未,癸,兌,震,天冲,傷門,子丑,乙,丁辛,己,庚,丙,戊,癸,壬,丙,戊,癸,壬,乙,丁辛,己,庚,天英,天芮,天柱,天心,天蓬,天任,天冲,天輔,九地,朱雀,勾陳,六合,太陰,螣蛇,直符,九天,景門,死門,驚門,開門,休門,生門,傷門,杜門,〇奇儀順遂,,〇青龍転光;×囚獄被傷,◯丁奇得使;×丁奇入墓,×地刑玄武,,×金華水流,,〇日月併用,◯丙奇昇殿,〇青龍耀明;×青龍折足,,×華蓋地戸,×天羅,×太白擒蛇,,反吟;門迫
陰8局庚申,癸,壬,震,天冲,傷門,子丑,壬,乙,丁辛,己,庚,丙,戊,癸,丙,戊,癸,壬,乙,丁辛,己,庚,天輔,天英,天芮,天柱,天心,天蓬,天任,天冲,九天,九地,朱雀,勾陳,六合,太陰,螣蛇,直符,杜門,景門,死門,驚門,開門,休門,生門,傷門,×水蛇入火,,×利陰害陽,,×朱雀投江;×天牢華蓋,×朱雀投江,×地網高張,,△太白蓬星,,〇星奇朱雀;△謀事成就,◯丙奇得使,×貴人入獄,,×太白入網,×飛宮格;×天羅,門迫
陰8局辛酉,癸,坤,震,天冲,傷門,子丑,丁辛,己,庚,丙,戊,癸,壬,乙,丙,戊,癸,壬,乙,丁辛,己,庚,天芮,天柱,天心,天蓬,天任,天冲,天輔,天英,朱雀,勾陳,六合,太陰,螣蛇,直符,九天,九地,死門,驚門,開門,休門,生門,傷門,杜門,景門,△星髄月転;×干合孛師,,△犬遇青龍,,×反吟大格,×伏宮格,×火入天羅,,△青龍合霊,,×螣蛇妖矯;×網蓋天牢,×螣蛇妖矯;×天羅,×凶蛇入獄,,×日奇被刑,◯乙奇得使,門迫
陰8局壬戌,癸,巽,震,天冲,傷門,子丑,庚,丙,戊,癸,壬,乙,丁辛,己,丙,戊,癸,壬,乙,丁辛,己,庚,天心,天蓬,天任,天冲,天輔,天英,天芮,天柱,六合,太陰,螣蛇,直符,九天,九地,朱雀,勾陳,開門,休門,生門,傷門,杜門,景門,死門,驚門,×太白入熒,,〇飛鳥跌穴,,△青龍華蓋,×六儀撃刑格,×復見騰蛇,×天羅;×六儀撃刑格,△格名小蛇,,〇奇儀相佐;×青龍逃走,×青龍逃走;×乙奇入墓,×火入勾陳;×入獄自刑,◯丁奇昇殿,×刑格返名,,
陰8局癸亥,癸,震,震,天冲,傷門,子丑,丙,戊,癸,壬,乙,丁辛,己,庚,丙,戊,癸,壬,乙,丁辛,己,庚,天蓬,天任,天冲,天輔,天英,天芮,天柱,天心,太陰,螣蛇,直符,九天,九地,朱雀,勾陳,六合,休門,生門,傷門,杜門,景門,死門,驚門,開門,×月奇孛師,◯丙奇得使,×伏吟,,×天網四張,×天羅,×蛇入地羅,×六儀撃刑格,△日奇伏吟,◯乙奇得使,〇奇入太陰;×朱雀入獄;〇獄神得奇;×伏吟天庭,,×地戸蓬鬼,,×太白同宮,,伏吟
陰9局甲子,戊,離,離,天英,景門,戌亥,乙,己,丁,癸,戊,丙壬,庚,辛,乙,己,丁,癸,戊,丙壬,庚,辛,天蓬,天任,天冲,天輔,天英,天芮,天柱,天心,勾陳,六合,太陰,螣蛇,直符,九天,九地,朱雀,休門,生門,傷門,杜門,景門,死門,驚門,開門,△日奇伏吟,◯龍遁,×地戸蓬鬼,,〇奇入太陰,,×天網四張,×六儀撃刑格,×伏吟,,×月奇孛師;×火入天羅;×水蛇入火;×蛇入地羅,◯丙奇得使,×太白同宮,,×伏吟天庭,,伏吟
陰9局乙丑,戊,坎,離,天英,景門,戌亥,戊,丙壬,庚,辛,乙,己,丁,癸,乙,己,丁,癸,戊,丙壬,庚,辛,天英,天芮,天柱,天心,天蓬,天任,天冲,天輔,直符,九天,九地,朱雀,勾陳,六合,太陰,螣蛇,杜門,景門,死門,驚門,開門,休門,生門,傷門,△青龍合霊,,△太孛入刑;×凶蛇入獄,,△丁丁之格,,×天牢華蓋,,×利陰害陽,◯乙奇得使,×火孛地戸;×地網高張,×六儀撃刑格,△朱雀入没,◯丁奇昇殿,×網蓋天牢,,反吟;門迫
陰9局丙寅,戊,坤,離,天英,景門,戌亥,辛,乙,己,丁,癸,戊,丙壬,庚,乙,己,丁,癸,戊,丙壬,庚,辛,天心,天蓬,天任,天冲,天輔,天英,天芮,天柱,朱雀,勾陳,六合,太陰,螣蛇,直符,九天,九地,驚門,開門,休門,生門,傷門,杜門,景門,死門,×白虎猖狂,×白虎猖狂,×日奇入霧,◯地遁,△朱雀入墓,,×朱雀投江,◯丁奇得使;×朱雀投江,〇天乙会合,,〇青龍返首;×龍入天牢,,×焚入太白;×太白擒蛇,,×白虎干格,,門迫
陰9局丁卯,戊,震,離,天英,景門,戌亥,丁,癸,戊,丙壬,庚,辛,乙,己,乙,己,丁,癸,戊,丙壬,庚,辛,天冲,天輔,天英,天芮,天柱,天心,天蓬,天任,太陰,螣蛇,直符,九天,九地,朱雀,勾陳,六合,死門,驚門,開門,休門,生門,傷門,杜門,景門,〇人遁吉格,,×華蓋地戸,,〇青龍耀明,×六儀撃刑格,×華蓋孛師;×幼女奸淫,×六儀撃刑格,×太白伏宮,×伏宮格,×干合孛師;×凶蛇入獄,,×日奇被刑,,×遊魂入墓,,門迫
陰9局戊辰,戊,離,離,天英,景門,戌亥,乙,己,丁,癸,戊,丙壬,庚,辛,乙,己,丁,癸,戊,丙壬,庚,辛,天蓬,天任,天冲,天輔,天英,天芮,天柱,天心,勾陳,六合,太陰,螣蛇,直符,九天,九地,朱雀,開門,休門,生門,傷門,杜門,景門,死門,驚門,△日奇伏吟,,×地戸蓬鬼,,〇奇入太陰,,×天網四張,×六儀撃刑格,×伏吟,,×月奇孛師;×火入天羅;×水蛇入火;×蛇入地羅,◯丙奇得使,×太白同宮,,×伏吟天庭,,伏吟
陰9局己巳,戊,艮,離,天英,景門,戌亥,癸,戊,丙壬,庚,辛,乙,己,丁,乙,己,丁,癸,戊,丙壬,庚,辛,天輔,天英,天芮,天柱,天心,天蓬,天任,天冲,螣蛇,直符,九天,九地,朱雀,勾陳,六合,太陰,生門,傷門,杜門,景門,死門,驚門,開門,休門,△華蓋蓬星,,×貴人入獄,,〇星奇朱雀;△干合蛇刑,,×反吟大格,,×囚獄被傷,×六儀撃刑格,〇奇儀順遂;×日奇入地,×乙奇入墓,×刑格返名,,×朱雀入獄,◯人遁,門迫
陰9局庚午,戊,兌,離,天英,景門,戌亥,庚,辛,乙,己,丁,癸,戊,丙壬,乙,己,丁,癸,戊,丙壬,庚,辛,天柱,天心,天蓬,天任,天冲,天輔,天英,天芮,九地,朱雀,勾陳,六合,太陰,螣蛇,直符,九天,傷門,杜門,景門,死門,驚門,開門,休門,生門,△太白蓬星,,×入獄自刑,,〇奇儀相佐,◯乙奇昇殿,×地刑玄武,,〇青龍転光,,〇華蓋孛師;×復見騰蛇,,×値符飛宮,×飛宮格,△謀事成就;×騰蛇相纏,◯神遁;×丙奇入墓,門迫
陰9局辛未,戊,壬,離,天英,景門,戌亥,丙壬,庚,辛,乙,己,丁,癸,戊,乙,己,丁,癸,戊,丙壬,庚,辛,天芮,天柱,天心,天蓬,天任,天冲,天輔,天英,九天,九地,朱雀,勾陳,六合,太陰,螣蛇,直符,開門,休門,生門,傷門,杜門,景門,死門,驚門,〇日月併用;△格名小蛇,◯丙奇得使,×官符刑格,×刑格;×六儀撃刑格,〇獄神得奇,,△華蓋蓬星,,△犬遇青龍,,△星髄月転;〇五神互合,◯玉女守門,×太白入網,,×青龍折足,,
陰9局壬申,戊,坤,離,天英,景門,戌亥,辛,乙,己,丁,癸,戊,丙壬,庚,乙,己,丁,癸,戊,丙壬,庚,辛,天心,天蓬,天任,天冲,天輔,天英,天芮,天柱,朱雀,勾陳,六合,太陰,螣蛇,直符,九天,九地,景門,死門,驚門,開門,休門,生門,傷門,杜門,×白虎猖狂,×白虎猖狂,×日奇入霧,,△朱雀入墓,,×朱雀投江,◯丁奇得使;×朱雀投江,〇天乙会合,,〇青龍返首;×龍入天牢,,×焚入太白;×太白擒蛇,,×白虎干格,,反吟;門迫
陰9局癸酉,戊,巽,離,天英,景門,戌亥,己,丁,癸,戊,丙壬,庚,辛,乙,乙,己,丁,癸,戊,丙壬,庚,辛,天任,天冲,天輔,天英,天芮,天柱,天心,天蓬,六合,太陰,螣蛇,直符,九天,九地,朱雀,勾陳,休門,生門,傷門,杜門,景門,死門,驚門,開門,△地戸蓬星,,×火入勾陳,◯丁奇得使;×丁奇入墓,×螣蛇妖矯,×螣蛇妖矯,△青龍華蓋,,〇飛鳥跌穴;〇小蛇化龍,◯丙奇昇殿,×太白入熒;×金華水流,,×白虎出力,,×青龍逃走,◯雲遁;◯乙奇得使;×青龍逃走,
陰9局甲戌,己,艮,艮,天任,生門,申酉,乙,己,丁,癸,戊,丙壬,庚,辛,乙,己,丁,癸,戊,丙壬,庚,辛,天蓬,天任,天冲,天輔,天英,天芮,天柱,天心,螣蛇,直符,九天,九地,朱雀,勾陳,六合,太陰,休門,生門,傷門,杜門,景門,死門,驚門,開門,△日奇伏吟,◯龍遁,×地戸蓬鬼,,〇奇入太陰,,×天網四張,×六儀撃刑格,×伏吟,,×月奇孛師;×火入天羅;×水蛇入火;×蛇入地羅,◯丙奇得使,×太白同宮,,×伏吟天庭,,伏吟
陰9局乙亥,己,坎,艮,天任,生門,申酉,己,丁,癸,戊,丙壬,庚,辛,乙,乙,己,丁,癸,戊,丙壬,庚,辛,天任,天冲,天輔,天英,天芮,天柱,天心,天蓬,直符,九天,九地,朱雀,勾陳,六合,太陰,螣蛇,杜門,景門,死門,驚門,開門,休門,生門,傷門,△地戸蓬星,,×火入勾陳,◯丁奇得使;×丁奇入墓,×螣蛇妖矯,×螣蛇妖矯,△青龍華蓋,,〇飛鳥跌穴;〇小蛇化龍,◯丙奇昇殿,×太白入熒;×金華水流,,×白虎出力,,×青龍逃走,◯乙奇得使;×青龍逃走,門迫
陰9局丙子,己,坤,艮,天任,生門,申酉,戊,丙壬,庚,辛,乙,己,丁,癸,乙,己,丁,癸,戊,丙壬,庚,辛,天英,天芮,天柱,天心,天蓬,天任,天冲,天輔,朱雀,勾陳,六合,太陰,螣蛇,直符,九天,九地,傷門,杜門,景門,死門,驚門,開門,休門,生門,△青龍合霊,,△太孛入刑;×凶蛇入獄,,△丁丁之格,,×天牢華蓋,,×利陰害陽,◯乙奇得使,×火孛地戸;×地網高張,×六儀撃刑格,△朱雀入没,◯丁奇昇殿,×網蓋天牢,,反吟;門迫
陰9局丁丑,己,震,艮,天任,生門,申酉,辛,乙,己,丁,癸,戊,丙壬,庚,乙,己,丁,癸,戊,丙壬,庚,辛,天心,天蓬,天任,天冲,天輔,天英,天芮,天柱,太陰,螣蛇,直符,九天,九地,朱雀,勾陳,六合,景門,死門,驚門,開門,休門,生門,傷門,杜門,×白虎猖狂,×白虎猖狂,×日奇入霧,,△朱雀入墓,,×朱雀投江,◯丁奇得使;×朱雀投江,〇天乙会合,,〇青龍返首;×龍入天牢,,×焚入太白;×太白擒蛇,,×白虎干格,,反吟;門迫
陰9局戊寅,己,離,艮,天任,生門,申酉,丙壬,庚,辛,乙,己,丁,癸,戊,乙,己,丁,癸,戊,丙壬,庚,辛,天芮,天柱,天心,天蓬,天任,天冲,天輔,天英,勾陳,六合,太陰,螣蛇,直符,九天,九地,朱雀,驚門,開門,休門,生門,傷門,杜門,景門,死門,〇日月併用;△格名小蛇,◯丙奇得使,×官符刑格,×伏宮格;×刑格;×六儀撃刑格,〇獄神得奇,,△華蓋蓬星,◯風遁,△犬遇青龍,,△星髄月転;〇五神互合,,×太白入網,,×青龍折足,,門迫
陰9局己卯,己,艮,艮,天任,生門,申酉,乙,己,丁,癸,戊,丙壬,庚,辛,乙,己,丁,癸,戊,丙壬,庚,辛,天蓬,天任,天冲,天輔,天英,天芮,天柱,天心,螣蛇,直符,九天,九地,朱雀,勾陳,六合,太陰,開門,休門,生門,傷門,杜門,景門,死門,驚門,△日奇伏吟,,×地戸蓬鬼,,〇奇入太陰,◯玉女守門,×天網四張,×六儀撃刑格,×伏吟,,×月奇孛師;×火入天羅;×水蛇入火;×蛇入地羅,◯丙奇得使,×太白同宮,,×伏吟天庭,,伏吟
陰9局庚辰,己,兌,艮,天任,生門,申酉,癸,戊,丙壬,庚,辛,乙,己,丁,乙,己,丁,癸,戊,丙壬,庚,辛,天輔,天英,天芮,天柱,天心,天蓬,天任,天冲,九地,朱雀,勾陳,六合,太陰,螣蛇,直符,九天,景門,死門,驚門,開門,休門,生門,傷門,杜門,△華蓋蓬星,,×貴人入獄,,〇星奇朱雀;△干合蛇刑,,×反吟大格,,×囚獄被傷,×六儀撃刑格,〇奇儀順遂;×日奇入地,×乙奇入墓,×刑格返名,×飛宮格,×朱雀入獄,,反吟;門迫
陰9局辛巳,己,壬,艮,天任,生門,申酉,丁,癸,戊,丙壬,庚,辛,乙,己,乙,己,丁,癸,戊,丙壬,庚,辛,天冲,天輔,天英,天芮,天柱,天心,天蓬,天任,九天,九地,朱雀,勾陳,六合,太陰,螣蛇,直符,生門,傷門,杜門,景門,死門,驚門,開門,休門,〇人遁吉格,◯玉女守門,×華蓋地戸,,〇青龍耀明,×六儀撃刑格,×華蓋孛師;×幼女奸淫,×六儀撃刑格,×太白伏宮,,×干合孛師;×凶蛇入獄,,×日奇被刑,,×遊魂入墓,,門迫
陰9局壬午,己,坤,艮,天任,生門,申酉,戊,丙壬,庚,辛,乙,己,丁,癸,乙,己,丁,癸,戊,丙壬,庚,辛,天英,天芮,天柱,天心,天蓬,天任,天冲,天輔,朱雀,勾陳,六合,太陰,螣蛇,直符,九天,九地,死門,驚門,開門,休門,生門,傷門,杜門,景門,△青龍合霊,,△太孛入刑;×凶蛇入獄,,△丁丁之格,,×天牢華蓋,,×利陰害陽,◯乙奇得使,×火孛地戸;×地網高張,×六儀撃刑格,△朱雀入没,◯丁奇昇殿,×網蓋天牢,,反吟;門迫
陰9局癸未,己,巽,艮,天任,生門,申酉,庚,辛,乙,己,丁,癸,戊,丙壬,乙,己,丁,癸,戊,丙壬,庚,辛,天柱,天心,天蓬,天任,天冲,天輔,天英,天芮,六合,太陰,螣蛇,直符,九天,九地,朱雀,勾陳,休門,生門,傷門,杜門,景門,死門,驚門,開門,△太白蓬星,,×入獄自刑,,〇奇儀相佐,◯乙奇昇殿,×地刑玄武,,〇青龍転光,,〇華蓋孛師;×復見騰蛇,,×値符飛宮,,△謀事成就;×騰蛇相纏,×丙奇入墓,
陰9局甲申,庚,兌,兌,天柱,驚門,午未,乙,己,丁,癸,戊,丙壬,庚,辛,乙,己,丁,癸,戊,丙壬,庚,辛,天蓬,天任,天冲,天輔,天英,天芮,天柱,天心,九地,朱雀,勾陳,六合,太陰,螣蛇,直符,九天,休門,生門,傷門,杜門,景門,死門,驚門,開門,△日奇伏吟,◯龍遁,×地戸蓬鬼,,〇奇入太陰,,×天網四張,×六儀撃刑格,×伏吟,,×月奇孛師;×火入天羅;×水蛇入火;×蛇入地羅,◯丙奇得使,×太白同宮,×伏宮格;×飛宮格,×伏吟天庭,,伏吟
陰9局乙酉,庚,坎,兌,天柱,驚門,午未,庚,辛,乙,己,丁,癸,戊,丙壬,乙,己,丁,癸,戊,丙壬,庚,辛,天柱,天心,天蓬,天任,天冲,天輔,天英,天芮,直符,九天,九地,朱雀,勾陳,六合,太陰,螣蛇,開門,休門,生門,傷門,杜門,景門,死門,驚門,△太白蓬星,×時格,×入獄自刑,,〇奇儀相佐,◯乙奇昇殿,×地刑玄武,,〇青龍転光,,〇華蓋孛師;×復見騰蛇,,×値符飛宮,,△謀事成就;×騰蛇相纏,×丙奇入墓,
陰9局丙戌,庚,坤,兌,天柱,驚門,午未,己,丁,癸,戊,丙壬,庚,辛,乙,乙,己,丁,癸,戊,丙壬,庚,辛,天任,天冲,天輔,天英,天芮,天柱,天心,天蓬,朱雀,勾陳,六合,太陰,螣蛇,直符,九天,九地,生門,傷門,杜門,景門,死門,驚門,開門,休門,△地戸蓬星,,×火入勾陳,◯丁奇得使;×丁奇入墓,×螣蛇妖矯,×螣蛇妖矯,△青龍華蓋,,〇飛鳥跌穴;〇小蛇化龍,◯丙奇昇殿,×太白入熒;×金華水流,×時格,×白虎出力,,×青龍逃走,◯雲遁;◯乙奇得使;×青龍逃走,門迫
陰9局丁亥,庚,震,兌,天柱,驚門,午未,戊,丙壬,庚,辛,乙,己,丁,癸,乙,己,丁,癸,戊,丙壬,庚,辛,天英,天芮,天柱,天心,天蓬,天任,天冲,天輔,太陰,螣蛇,直符,九天,九地,朱雀,勾陳,六合,杜門,景門,死門,驚門,開門,休門,生門,傷門,△青龍合霊,,△太孛入刑;×凶蛇入獄,,△丁丁之格,×時格,×天牢華蓋,,×利陰害陽,◯鬼遁;◯乙奇得使,×火孛地戸;×地網高張,×六儀撃刑格,△朱雀入没,◯丁奇昇殿,×網蓋天牢,,反吟;門迫
陰9局戊子,庚,離,兌,天柱,驚門,午未,丁,癸,戊,丙壬,庚,辛,乙,己,乙,己,丁,癸,戊,丙壬,庚,辛,天冲,天輔,天英,天芮,天柱,天心,天蓬,天任,勾陳,六合,太陰,螣蛇,直符,九天,九地,朱雀,景門,死門,驚門,開門,休門,生門,傷門,杜門,〇人遁吉格,,×華蓋地戸,,〇青龍耀明,×六儀撃刑格,×華蓋孛師;×幼女奸淫,×六儀撃刑格,×太白伏宮,×時格,×干合孛師;×凶蛇入獄,,×日奇被刑,,×遊魂入墓,,反吟;門迫
陰9局己丑,庚,艮,兌,天柱,驚門,午未,丙壬,庚,辛,乙,己,丁,癸,戊,乙,己,丁,癸,戊,丙壬,庚,辛,天芮,天柱,天心,天蓬,天任,天冲,天輔,天英,螣蛇,直符,九天,九地,朱雀,勾陳,六合,太陰,生門,傷門,杜門,景門,死門,驚門,開門,休門,〇日月併用;△格名小蛇,◯丙奇得使,×官符刑格,×刑格;×時格;×六儀撃刑格,〇獄神得奇,,△華蓋蓬星,,△犬遇青龍,,△星髄月転;〇五神互合,◯玉女守門,×太白入網,,×青龍折足,,門迫
陰9局庚寅,庚,兌,兌,天柱,驚門,午未,乙,己,丁,癸,戊,丙壬,庚,辛,乙,己,丁,癸,戊,丙壬,庚,辛,天蓬,天任,天冲,天輔,天英,天芮,天柱,天心,九地,朱雀,勾陳,六合,太陰,螣蛇,直符,九天,驚門,開門,休門,生門,傷門,杜門,景門,死門,△日奇伏吟,,×地戸蓬鬼,,〇奇入太陰,,×天網四張,×六儀撃刑格,×伏吟,,×月奇孛師;×火入天羅;×水蛇入火;×蛇入地羅,◯丙奇得使,×太白同宮,×伏宮格;×飛宮格;×時格,×伏吟天庭,,伏吟;門迫
陰9局辛卯,庚,壬,兌,天柱,驚門,午未,辛,乙,己,丁,癸,戊,丙壬,庚,乙,己,丁,癸,戊,丙壬,庚,辛,天心,天蓬,天任,天冲,天輔,天英,天芮,天柱,九天,九地,朱雀,勾陳,六合,太陰,螣蛇,直符,傷門,杜門,景門,死門,驚門,開門,休門,生門,×白虎猖狂,×白虎猖狂,×日奇入霧,◯鬼遁,△朱雀入墓,,×朱雀投江,◯丁奇得使;×朱雀投江,〇天乙会合,,〇青龍返首;×龍入天牢,,×焚入太白;×太白擒蛇,,×白虎干格,×時格,門迫
陰9局壬辰,庚,坤,兌,天柱,驚門,午未,己,丁,癸,戊,丙壬,庚,辛,乙,乙,己,丁,癸,戊,丙壬,庚,辛,天任,天冲,天輔,天英,天芮,天柱,天心,天蓬,朱雀,勾陳,六合,太陰,螣蛇,直符,九天,九地,死門,驚門,開門,休門,生門,傷門,杜門,景門,△地戸蓬星,,×火入勾陳,◯丁奇得使;◯玉女守門;×丁奇入墓,×螣蛇妖矯,×螣蛇妖矯,△青龍華蓋,,〇飛鳥跌穴;〇小蛇化龍,◯丙奇昇殿,×太白入熒;×金華水流,×時格,×白虎出力,,×青龍逃走,◯乙奇得使;×青龍逃走,門迫
陰9局癸巳,庚,巽,兌,天柱,驚門,午未,癸,戊,丙壬,庚,辛,乙,己,丁,乙,己,丁,癸,戊,丙壬,庚,辛,天輔,天英,天芮,天柱,天心,天蓬,天任,天冲,六合,太陰,螣蛇,直符,九天,九地,朱雀,勾陳,休門,生門,傷門,杜門,景門,死門,驚門,開門,△華蓋蓬星,,×貴人入獄,,〇星奇朱雀;△干合蛇刑,,×反吟大格,×時格,×囚獄被傷,×六儀撃刑格,〇奇儀順遂;×日奇入地,×乙奇入墓,×刑格返名,,×朱雀入獄,,
陰9局甲午,辛,壬,乾,天心,開門,辰巳,乙,己,丁,癸,戊,丙壬,庚,辛,乙,己,丁,癸,戊,丙壬,庚,辛,天蓬,天任,天冲,天輔,天英,天芮,天柱,天心,九天,九地,朱雀,勾陳,六合,太陰,螣蛇,直符,休門,生門,傷門,杜門,景門,死門,驚門,開門,△日奇伏吟,◯龍遁,×地戸蓬鬼,,〇奇入太陰,,×天網四張,×六儀撃刑格,×伏吟,,×月奇孛師;×火入天羅;×水蛇入火;×蛇入地羅,◯丙奇得使,×太白同宮,,×伏吟天庭,,伏吟
陰9局乙未,辛,坎,乾,天心,開門,辰巳,辛,乙,己,丁,癸,戊,丙壬,庚,乙,己,丁,癸,戊,丙壬,庚,辛,天心,天蓬,天任,天冲,天輔,天英,天芮,天柱,直符,九天,九地,朱雀,勾陳,六合,太陰,螣蛇,傷門,杜門,景門,死門,驚門,開門,休門,生門,×白虎猖狂,×白虎猖狂,×日奇入霧,,△朱雀入墓,,×朱雀投江,◯丁奇得使;×朱雀投江,〇天乙会合,,〇青龍返首;×龍入天牢,,×焚入太白;×太白擒蛇,,×白虎干格,×伏宮格,門迫
陰9局丙申,辛,坤,乾,天心,開門,辰巳,丁,癸,戊,丙壬,庚,辛,乙,己,乙,己,丁,癸,戊,丙壬,庚,辛,天冲,天輔,天英,天芮,天柱,天心,天蓬,天任,朱雀,勾陳,六合,太陰,螣蛇,直符,九天,九地,景門,死門,驚門,開門,休門,生門,傷門,杜門,〇人遁吉格,,×華蓋地戸,,〇青龍耀明,×六儀撃刑格,×華蓋孛師;×幼女奸淫,×六儀撃刑格,×太白伏宮,,×干合孛師;×凶蛇入獄,,×日奇被刑,,×遊魂入墓,,反吟;門迫
陰9局丁酉,辛,震,乾,天心,開門,辰巳,丙壬,庚,辛,乙,己,丁,癸,戊,乙,己,丁,癸,戊,丙壬,庚,辛,天芮,天柱,天心,天蓬,天任,天冲,天輔,天英,太陰,螣蛇,直符,九天,九地,朱雀,勾陳,六合,死門,驚門,開門,休門,生門,傷門,杜門,景門,〇日月併用;△格名小蛇,◯丙奇得使,×官符刑格,×刑格;×六儀撃刑格,〇獄神得奇,,△華蓋蓬星,◯風遁,△犬遇青龍,,△星髄月転;〇五神互合,,×太白入網,,×青龍折足,,門迫
陰9局戊戌,辛,離,乾,天心,開門,辰巳,癸,戊,丙壬,庚,辛,乙,己,丁,乙,己,丁,癸,戊,丙壬,庚,辛,天輔,天英,天芮,天柱,天心,天蓬,天任,天冲,勾陳,六合,太陰,螣蛇,直符,九天,九地,朱雀,傷門,杜門,景門,死門,驚門,開門,休門,生門,△華蓋蓬星,,×貴人入獄,,〇星奇朱雀;△干合蛇刑,,×反吟大格,,×囚獄被傷,×六儀撃刑格,〇奇儀順遂;×日奇入地,◯雲遁;×乙奇入墓,×刑格返名,,×朱雀入獄,,門迫
陰9局己亥,辛,艮,乾,天心,開門,辰巳,庚,辛,乙,己,丁,癸,戊,丙壬,乙,己,丁,癸,戊,丙壬,庚,辛,天柱,天心,天蓬,天任,天冲,天輔,天英,天芮,螣蛇,直符,九天,九地,朱雀,勾陳,六合,太陰,開門,休門,生門,傷門,杜門,景門,死門,驚門,△太白蓬星,,×入獄自刑,,〇奇儀相佐,◯乙奇昇殿,×地刑玄武,,〇青龍転光,,〇華蓋孛師;×復見騰蛇,,×値符飛宮,,△謀事成就;×騰蛇相纏,×丙奇入墓,
陰9局庚子,辛,兌,乾,天心,開門,辰巳,己,丁,癸,戊,丙壬,庚,辛,乙,乙,己,丁,癸,戊,丙壬,庚,辛,天任,天冲,天輔,天英,天芮,天柱,天心,天蓬,九地,朱雀,勾陳,六合,太陰,螣蛇,直符,九天,杜門,景門,死門,驚門,開門,休門,生門,傷門,△地戸蓬星,,×火入勾陳,◯丁奇得使;×丁奇入墓,×螣蛇妖矯,×螣蛇妖矯,△青龍華蓋,,〇飛鳥跌穴;〇小蛇化龍,◯丙奇昇殿,×太白入熒;×金華水流,,×白虎出力,×飛宮格,×青龍逃走,◯乙奇得使;×青龍逃走,門迫
陰9局辛丑,辛,壬,乾,天心,開門,辰巳,乙,己,丁,癸,戊,丙壬,庚,辛,乙,己,丁,癸,戊,丙壬,庚,辛,天蓬,天任,天冲,天輔,天英,天芮,天柱,天心,九天,九地,朱雀,勾陳,六合,太陰,螣蛇,直符,驚門,開門,休門,生門,傷門,杜門,景門,死門,△日奇伏吟,,×地戸蓬鬼,,〇奇入太陰,,×天網四張,×六儀撃刑格,×伏吟,,×月奇孛師;×火入天羅;×水蛇入火;×蛇入地羅,◯丙奇得使,×太白同宮,,×伏吟天庭,,伏吟;門迫
陰9局壬寅,辛,坤,乾,天心,開門,辰巳,丁,癸,戊,丙壬,庚,辛,乙,己,乙,己,丁,癸,戊,丙壬,庚,辛,天冲,天輔,天英,天芮,天柱,天心,天蓬,天任,朱雀,勾陳,六合,太陰,螣蛇,直符,九天,九地,生門,傷門,杜門,景門,死門,驚門,開門,休門,〇人遁吉格,,×華蓋地戸,,〇青龍耀明,×六儀撃刑格,×華蓋孛師;×幼女奸淫,×六儀撃刑格,×太白伏宮,,×干合孛師;×凶蛇入獄,,×日奇被刑,,×遊魂入墓,,門迫
陰9局癸卯,辛,巽,乾,天心,開門,辰巳,戊,丙壬,庚,辛,乙,己,丁,癸,乙,己,丁,癸,戊,丙壬,庚,辛,天英,天芮,天柱,天心,天蓬,天任,天冲,天輔,六合,太陰,螣蛇,直符,九天,九地,朱雀,勾陳,休門,生門,傷門,杜門,景門,死門,驚門,開門,△青龍合霊,,△太孛入刑;×凶蛇入獄,,△丁丁之格,,×天牢華蓋,,×利陰害陽,◯乙奇得使,×火孛地戸;×地網高張,×六儀撃刑格,△朱雀入没,◯丁奇昇殿,×網蓋天牢,,反吟
陰9局甲辰,壬,坤,坤,天芮,死門,寅卯,乙,己,丁,癸,戊,丙壬,庚,辛,乙,己,丁,癸,戊,丙壬,庚,辛,天蓬,天任,天冲,天輔,天英,天芮,天柱,天心,朱雀,勾陳,六合,太陰,螣蛇,直符,九天,九地,休門,生門,傷門,杜門,景門,死門,驚門,開門,△日奇伏吟,◯龍遁,×地戸蓬鬼,,〇奇入太陰,,×天網四張,×六儀撃刑格,×伏吟,,×月奇孛師;×火入天羅;×水蛇入火;×蛇入地羅,◯丙奇得使,×太白同宮,,×伏吟天庭,,伏吟
陰9局乙巳,壬,坎,坤,天芮,死門,寅卯,丙壬,庚,辛,乙,己,丁,癸,戊,乙,己,丁,癸,戊,丙壬,庚,辛,天芮,天柱,天心,天蓬,天任,天冲,天輔,天英,直符,九天,九地,朱雀,勾陳,六合,太陰,螣蛇,傷門,杜門,景門,死門,驚門,開門,休門,生門,〇日月併用;△格名小蛇,◯丙奇得使;×地網,×官符刑格,×刑格;×六儀撃刑格,〇獄神得奇,,△華蓋蓬星,,△犬遇青龍,,△星髄月転;〇五神互合,,×太白入網,,×青龍折足,,門迫
陰9局丙午,壬,坤,坤,天芮,死門,寅卯,乙,己,丁,癸,戊,丙壬,庚,辛,乙,己,丁,癸,戊,丙壬,庚,辛,天蓬,天任,天冲,天輔,天英,天芮,天柱,天心,朱雀,勾陳,六合,太陰,螣蛇,直符,九天,九地,杜門,景門,死門,驚門,開門,休門,生門,傷門,△日奇伏吟,,×地戸蓬鬼,,〇奇入太陰,◯玉女守門,×天網四張,×六儀撃刑格,×伏吟,,×月奇孛師;×火入天羅;×水蛇入火;×蛇入地羅,◯丙奇得使;×地網,×太白同宮,,×伏吟天庭,,伏吟;門迫
陰9局丁未,壬,震,坤,天芮,死門,寅卯,癸,戊,丙壬,庚,辛,乙,己,丁,乙,己,丁,癸,戊,丙壬,庚,辛,天輔,天英,天芮,天柱,天心,天蓬,天任,天冲,太陰,螣蛇,直符,九天,九地,朱雀,勾陳,六合,休門,生門,傷門,杜門,景門,死門,驚門,開門,△華蓋蓬星,,×貴人入獄,,〇星奇朱雀;△干合蛇刑,×地網,×反吟大格,,×囚獄被傷,×六儀撃刑格,〇奇儀順遂;×日奇入地,×乙奇入墓,×刑格返名,,×朱雀入獄,,
陰9局戊申,壬,離,坤,天芮,死門,寅卯,己,丁,癸,戊,丙壬,庚,辛,乙,乙,己,丁,癸,戊,丙壬,庚,辛,天任,天冲,天輔,天英,天芮,天柱,天心,天蓬,勾陳,六合,太陰,螣蛇,直符,九天,九地,朱雀,死門,驚門,開門,休門,生門,傷門,杜門,景門,△地戸蓬星,,×火入勾陳,◯丁奇得使;×丁奇入墓,×螣蛇妖矯,×螣蛇妖矯,△青龍華蓋,,〇飛鳥跌穴;〇小蛇化龍,◯丙奇昇殿;×地網,×太白入熒;×金華水流,×伏宮格,×白虎出力,,×青龍逃走,◯乙奇得使;×青龍逃走,門迫
陰9局己酉,壬,艮,坤,天芮,死門,寅卯,戊,丙壬,庚,辛,乙,己,丁,癸,乙,己,丁,癸,戊,丙壬,庚,辛,天英,天芮,天柱,天心,天蓬,天任,天冲,天輔,螣蛇,直符,九天,九地,朱雀,勾陳,六合,太陰,生門,傷門,杜門,景門,死門,驚門,開門,休門,△青龍合霊,,△太孛入刑;×凶蛇入獄,×地網,△丁丁之格,,×天牢華蓋,,×利陰害陽,◯乙奇得使,×火孛地戸;×地網高張,×六儀撃刑格,△朱雀入没,◯丁奇昇殿,×網蓋天牢,,反吟;門迫
陰9局庚戌,壬,兌,坤,天芮,死門,寅卯,辛,乙,己,丁,癸,戊,丙壬,庚,乙,己,丁,癸,戊,丙壬,庚,辛,天心,天蓬,天任,天冲,天輔,天英,天芮,天柱,九地,朱雀,勾陳,六合,太陰,螣蛇,直符,九天,景門,死門,驚門,開門,休門,生門,傷門,杜門,×白虎猖狂,×白虎猖狂,×日奇入霧,,△朱雀入墓,,×朱雀投江,◯丁奇得使;×朱雀投江,〇天乙会合,,〇青龍返首;×龍入天牢,,×焚入太白;×太白擒蛇,×飛宮格;×地網,×白虎干格,,反吟;門迫
陰9局辛亥,壬,乾,坤,天芮,死門,寅卯,庚,辛,乙,己,丁,癸,戊,丙壬,乙,己,丁,癸,戊,丙壬,庚,辛,天柱,天心,天蓬,天任,天冲,天輔,天英,天芮,九天,九地,朱雀,勾陳,六合,太陰,螣蛇,直符,開門,休門,生門,傷門,杜門,景門,死門,驚門,△太白蓬星,,×入獄自刑,,〇奇儀相佐,◯乙奇昇殿,×地刑玄武,,〇青龍転光,,〇華蓋孛師;×復見騰蛇,,×値符飛宮,,△謀事成就;×騰蛇相纏,×地網;×丙奇入墓,
陰9局壬子,壬,坤,坤,天芮,死門,寅卯,乙,己,丁,癸,戊,丙壬,庚,辛,乙,己,丁,癸,戊,丙壬,庚,辛,天蓬,天任,天冲,天輔,天英,天芮,天柱,天心,朱雀,勾陳,六合,太陰,螣蛇,直符,九天,九地,驚門,開門,休門,生門,傷門,杜門,景門,死門,△日奇伏吟,,×地戸蓬鬼,,〇奇入太陰,,×天網四張,×六儀撃刑格,×伏吟,,×月奇孛師;×火入天羅;×水蛇入火;×蛇入地羅,◯丙奇得使;×地網,×太白同宮,,×伏吟天庭,,伏吟;門迫
陰9局癸丑,壬,巽,坤,天芮,死門,寅卯,丁,癸,戊,丙壬,庚,辛,乙,己,乙,己,丁,癸,戊,丙壬,庚,辛,天冲,天輔,天英,天芮,天柱,天心,天蓬,天任,六合,太陰,螣蛇,直符,九天,九地,朱雀,勾陳,休門,生門,傷門,杜門,景門,死門,驚門,開門,〇人遁吉格,,×華蓋地戸,,〇青龍耀明,×六儀撃刑格,×華蓋孛師;×幼女奸淫,×地網;×六儀撃刑格,×太白伏宮,,×干合孛師;×凶蛇入獄,,×日奇被刑,,×遊魂入墓,,
陰9局甲寅,癸,巽,巽,天輔,杜門,子丑,乙,己,丁,癸,戊,丙壬,庚,辛,乙,己,丁,癸,戊,丙壬,庚,辛,天蓬,天任,天冲,天輔,天英,天芮,天柱,天心,六合,太陰,螣蛇,直符,九天,九地,朱雀,勾陳,休門,生門,傷門,杜門,景門,死門,驚門,開門,△日奇伏吟,◯龍遁,×地戸蓬鬼,,〇奇入太陰,,×天網四張,×六儀撃刑格,×伏吟,,×月奇孛師;×火入天羅;×水蛇入火;×蛇入地羅,◯丙奇得使,×太白同宮,,×伏吟天庭,,伏吟
陰9局乙卯,癸,坎,巽,天輔,杜門,子丑,癸,戊,丙壬,庚,辛,乙,己,丁,乙,己,丁,癸,戊,丙壬,庚,辛,天輔,天英,天芮,天柱,天心,天蓬,天任,天冲,直符,九天,九地,朱雀,勾陳,六合,太陰,螣蛇,生門,傷門,杜門,景門,死門,驚門,開門,休門,△華蓋蓬星,×天羅,×貴人入獄,,〇星奇朱雀;△干合蛇刑,,×反吟大格,×伏宮格,×囚獄被傷,×六儀撃刑格,〇奇儀順遂;×日奇入地,×乙奇入墓,×刑格返名,,×朱雀入獄,,門迫
陰9局丙辰,癸,坤,巽,天輔,杜門,子丑,庚,辛,乙,己,丁,癸,戊,丙壬,乙,己,丁,癸,戊,丙壬,庚,辛,天柱,天心,天蓬,天任,天冲,天輔,天英,天芮,朱雀,勾陳,六合,太陰,螣蛇,直符,九天,九地,驚門,開門,休門,生門,傷門,杜門,景門,死門,△太白蓬星,,×入獄自刑,,〇奇儀相佐,◯乙奇昇殿,×地刑玄武,,〇青龍転光,,〇華蓋孛師;×復見騰蛇,×天羅,×値符飛宮,,△謀事成就;×騰蛇相纏,×丙奇入墓,門迫
陰9局丁巳,癸,震,巽,天輔,杜門,子丑,己,丁,癸,戊,丙壬,庚,辛,乙,乙,己,丁,癸,戊,丙壬,庚,辛,天任,天冲,天輔,天英,天芮,天柱,天心,天蓬,太陰,螣蛇,直符,九天,九地,朱雀,勾陳,六合,杜門,景門,死門,驚門,開門,休門,生門,傷門,△地戸蓬星,,×火入勾陳,◯丁奇得使;×丁奇入墓,×螣蛇妖矯,×螣蛇妖矯;×天羅,△青龍華蓋,,〇飛鳥跌穴;〇小蛇化龍,◯丙奇昇殿,×太白入熒;×金華水流,,×白虎出力,,×青龍逃走,◯乙奇得使;×青龍逃走,門迫
陰9局戊午,癸,離,巽,天輔,杜門,子丑,辛,乙,己,丁,癸,戊,丙壬,庚,乙,己,丁,癸,戊,丙壬,庚,辛,天心,天蓬,天任,天冲,天輔,天英,天芮,天柱,勾陳,六合,太陰,螣蛇,直符,九天,九地,朱雀,開門,休門,生門,傷門,杜門,景門,死門,驚門,×白虎猖狂,×白虎猖狂,×日奇入霧,,△朱雀入墓,,×朱雀投江,◯丁奇得使;×朱雀投江,〇天乙会合,×天羅,〇青龍返首;×龍入天牢,,×焚入太白;×太白擒蛇,,×白虎干格,,
陰9局己未,癸,艮,巽,天輔,杜門,子丑,丁,癸,戊,丙壬,庚,辛,乙,己,乙,己,丁,癸,戊,丙壬,庚,辛,天冲,天輔,天英,天芮,天柱,天心,天蓬,天任,螣蛇,直符,九天,九地,朱雀,勾陳,六合,太陰,傷門,杜門,景門,死門,驚門,開門,休門,生門,〇人遁吉格,,×華蓋地戸,×天羅,〇青龍耀明,×六儀撃刑格,×華蓋孛師;×幼女奸淫,×六儀撃刑格,×太白伏宮,,×干合孛師;×凶蛇入獄,,×日奇被刑,,×遊魂入墓,,門迫
陰9局庚申,癸,兌,巽,天輔,杜門,子丑,丙壬,庚,辛,乙,己,丁,癸,戊,乙,己,丁,癸,戊,丙壬,庚,辛,天芮,天柱,天心,天蓬,天任,天冲,天輔,天英,九地,朱雀,勾陳,六合,太陰,螣蛇,直符,九天,死門,驚門,開門,休門,生門,傷門,杜門,景門,〇日月併用;△格名小蛇,◯丙奇得使,×官符刑格,×刑格;×六儀撃刑格,〇獄神得奇,,△華蓋蓬星,◯風遁,△犬遇青龍,,△星髄月転;〇五神互合,,×太白入網,×飛宮格;×天羅,×青龍折足,,門迫
陰9局辛酉,癸,壬,巽,天輔,杜門,子丑,戊,丙壬,庚,辛,乙,己,丁,癸,乙,己,丁,癸,戊,丙壬,庚,辛,天英,天芮,天柱,天心,天蓬,天任,天冲,天輔,九天,九地,朱雀,勾陳,六合,太陰,螣蛇,直符,景門,死門,驚門,開門,休門,生門,傷門,杜門,△青龍合霊,,△太孛入刑;×凶蛇入獄,,△丁丁之格,,×天牢華蓋,,×利陰害陽,◯乙奇得使,×火孛地戸;×地網高張,×六儀撃刑格,△朱雀入没,◯丁奇昇殿,×網蓋天牢,×天羅,反吟;門迫
陰9局壬戌,癸,坤,巽,天輔,杜門,子丑,庚,辛,乙,己,丁,癸,戊,丙壬,乙,己,丁,癸,戊,丙壬,庚,辛,天柱,天心,天蓬,天任,天冲,天輔,天英,天芮,朱雀,勾陳,六合,太陰,螣蛇,直符,九天,九地,驚門,開門,休門,生門,傷門,杜門,景門,死門,△太白蓬星,,×入獄自刑,,〇奇儀相佐,◯乙奇昇殿,×地刑玄武,,〇青龍転光,,〇華蓋孛師;×復見騰蛇,×天羅,×値符飛宮,,△謀事成就;×騰蛇相纏,×丙奇入墓,門迫
陰9局癸亥,癸,巽,巽,天輔,杜門,子丑,乙,己,丁,癸,戊,丙壬,庚,辛,乙,己,丁,癸,戊,丙壬,庚,辛,天蓬,天任,天冲,天輔,天英,天芮,天柱,天心,六合,太陰,螣蛇,直符,九天,九地,朱雀,勾陳,休門,生門,傷門,杜門,景門,死門,驚門,開門,△日奇伏吟,◯龍遁,×地戸蓬鬼,,〇奇入太陰,,×天網四張,×天羅;×六儀撃刑格,×伏吟,,×月奇孛師;×火入天羅;×水蛇入火;×蛇入地羅,◯丙奇得使,×太白同宮,,×伏吟天庭,,伏吟
陽1局甲子,戊,坎,坎,天蓬,休門,戌亥,戊,丙,庚,辛,乙,己壬,丁,癸,戊,丙,庚,辛,乙,己壬,丁,癸,天蓬,天任,天冲,天輔,天英,天芮,天柱,天心,直符,螣蛇,太陰,六合,勾陳,朱雀,九地,九天,休門,生門,傷門,杜門,景門,死門,驚門,開門,×伏吟,,×月奇孛師,,×太白同宮,,×伏吟天庭,,△日奇伏吟,◯乙奇得使,×地戸蓬鬼;×地網高張;×凶蛇入獄;×蛇入地羅,×六儀撃刑格,〇奇入太陰,◯丁奇昇殿,×天網四張,,伏吟
陽1局乙丑,戊,離,坎,天蓬,休門,戌亥,乙,己壬,丁,癸,戊,丙,庚,辛,戊,丙,庚,辛,乙,己壬,丁,癸,天英,天芮,天柱,天心,天蓬,天任,天冲,天輔,勾陳,朱雀,九地,九天,直符,螣蛇,太陰,六合,杜門,景門,死門,驚門,開門,休門,生門,傷門,×利陰害陽,,×火孛地戸;×水蛇入火,,△朱雀入没,,×網蓋天牢,×六儀撃刑格,△青龍合霊,,△太孛入刑;×火入天羅,◯丙奇得使,△丁丁之格,,×天牢華蓋,,反吟;門迫
陽1局丙寅,戊,艮,坎,天蓬,休門,戌亥,癸,戊,丙,庚,辛,乙,己壬,丁,戊,丙,庚,辛,乙,己壬,丁,癸,天心,天蓬,天任,天冲,天輔,天英,天芮,天柱,九天,直符,螣蛇,太陰,六合,勾陳,朱雀,九地,驚門,開門,休門,生門,傷門,杜門,景門,死門,〇天乙会合,,〇青龍返首,,×焚入太白,,×白虎干格,,×白虎猖狂,×白虎猖狂;×六儀撃刑格,×日奇入霧;×日奇入地,×乙奇入墓,△朱雀入墓;△干合蛇刑,,×朱雀投江,×朱雀投江,門迫
陽1局丁卯,戊,兌,坎,天蓬,休門,戌亥,庚,辛,乙,己壬,丁,癸,戊,丙,戊,丙,庚,辛,乙,己壬,丁,癸,天冲,天輔,天英,天芮,天柱,天心,天蓬,天任,太陰,六合,勾陳,朱雀,九地,九天,直符,螣蛇,死門,驚門,開門,休門,生門,傷門,杜門,景門,×太白伏宮,×伏宮格,×干合孛師,,×日奇被刑,◯乙奇昇殿,×遊魂入墓;×騰蛇相纏,×六儀撃刑格,〇人遁吉格,,×華蓋地戸;×復見騰蛇,,〇青龍耀明,,×華蓋孛師,×丙奇入墓,門迫
陽1局戊辰,戊,坎,坎,天蓬,休門,戌亥,戊,丙,庚,辛,乙,己壬,丁,癸,戊,丙,庚,辛,乙,己壬,丁,癸,天蓬,天任,天冲,天輔,天英,天芮,天柱,天心,直符,螣蛇,太陰,六合,勾陳,朱雀,九地,九天,杜門,景門,死門,驚門,開門,休門,生門,傷門,×伏吟,,×月奇孛師,,×太白同宮,,×伏吟天庭,,△日奇伏吟,◯乙奇得使,×地戸蓬鬼;×地網高張;×凶蛇入獄;×蛇入地羅,×六儀撃刑格,〇奇入太陰,◯丁奇昇殿,×天網四張,,伏吟;門迫
陽1局己巳,戊,坤,坎,天蓬,休門,戌亥,辛,乙,己壬,丁,癸,戊,丙,庚,戊,丙,庚,辛,乙,己壬,丁,癸,天輔,天英,天芮,天柱,天心,天蓬,天任,天冲,六合,勾陳,朱雀,九地,九天,直符,螣蛇,太陰,生門,傷門,杜門,景門,死門,驚門,開門,休門,×囚獄被傷,,〇奇儀順遂,,×刑格返名;×太白擒蛇,,×朱雀入獄,◯丁奇得使,△華蓋蓬星,,×貴人入獄;×龍入天牢,,〇星奇朱雀,,×反吟大格,,門迫
陽1局庚午,戊,震,坎,天蓬,休門,戌亥,丁,癸,戊,丙,庚,辛,乙,己壬,戊,丙,庚,辛,乙,己壬,丁,癸,天柱,天心,天蓬,天任,天冲,天輔,天英,天芮,九地,九天,直符,螣蛇,太陰,六合,勾陳,朱雀,傷門,杜門,景門,死門,驚門,開門,休門,生門,〇青龍転光,,〇華蓋孛師,,×値符飛宮,×飛宮格;×六儀撃刑格,△謀事成就,,△太白蓬星,,×入獄自刑;×凶蛇入獄,,〇奇儀相佐,,×地刑玄武;×幼女奸淫,,門迫
陽1局辛未,戊,巽,坎,天蓬,休門,戌亥,己壬,丁,癸,戊,丙,庚,辛,乙,戊,丙,庚,辛,乙,己壬,丁,癸,天芮,天柱,天心,天蓬,天任,天冲,天輔,天英,朱雀,九地,九天,直符,螣蛇,太陰,六合,勾陳,開門,休門,生門,傷門,杜門,景門,死門,驚門,△犬遇青龍;〇小蛇化龍,,△星髄月転,◯丁奇得使;◯玉女守門;×丁奇入墓,×太白入網,,×青龍折足,,〇日月併用,◯丙奇昇殿,×官符刑格;×金華水流,×刑格,〇獄神得奇,,△華蓋蓬星,◯乙奇得使,
陽1局壬申,戊,坤,坎,天蓬,休門,戌亥,辛,乙,己壬,丁,癸,戊,丙,庚,戊,丙,庚,辛,乙,己壬,丁,癸,天輔,天英,天芮,天柱,天心,天蓬,天任,天冲,六合,勾陳,朱雀,九地,九天,直符,螣蛇,太陰,景門,死門,驚門,開門,休門,生門,傷門,杜門,×囚獄被傷,,〇奇儀順遂,,×刑格返名;×太白擒蛇,,×朱雀入獄,◯丁奇得使,△華蓋蓬星,,×貴人入獄;×龍入天牢,,〇星奇朱雀,,×反吟大格,,反吟;門迫
陽1局癸酉,戊,壬,坎,天蓬,休門,戌亥,丙,庚,辛,乙,己壬,丁,癸,戊,戊,丙,庚,辛,乙,己壬,丁,癸,天任,天冲,天輔,天英,天芮,天柱,天心,天蓬,螣蛇,太陰,六合,勾陳,朱雀,九地,九天,直符,休門,生門,傷門,杜門,景門,死門,驚門,開門,〇飛鳥跌穴,◯丙奇得使,×太白入熒,×六儀撃刑格,×白虎出力,,×青龍逃走,×青龍逃走,△地戸蓬星;△格名小蛇,,×火入勾陳;〇五神互合,,×螣蛇妖矯,×螣蛇妖矯,△青龍華蓋,,
陽1局甲戌,己,坤,坤,天芮,死門,申酉,戊,丙,庚,辛,乙,己壬,丁,癸,戊,丙,庚,辛,乙,己壬,丁,癸,天蓬,天任,天冲,天輔,天英,天芮,天柱,天心,六合,勾陳,朱雀,九地,九天,直符,螣蛇,太陰,休門,生門,傷門,杜門,景門,死門,驚門,開門,×伏吟,,×月奇孛師,,×太白同宮,,×伏吟天庭,,△日奇伏吟,◯乙奇得使,×地戸蓬鬼;×地網高張;×凶蛇入獄;×蛇入地羅,×六儀撃刑格,〇奇入太陰,◯丁奇昇殿,×天網四張,,伏吟
陽1局乙亥,己,離,坤,天芮,死門,申酉,丙,庚,辛,乙,己壬,丁,癸,戊,戊,丙,庚,辛,乙,己壬,丁,癸,天任,天冲,天輔,天英,天芮,天柱,天心,天蓬,勾陳,朱雀,九地,九天,直符,螣蛇,太陰,六合,杜門,景門,死門,驚門,開門,休門,生門,傷門,〇飛鳥跌穴,◯丙奇得使,×太白入熒,×六儀撃刑格,×白虎出力,,×青龍逃走,×青龍逃走,△地戸蓬星;△格名小蛇,×地網,×火入勾陳;〇五神互合,,×螣蛇妖矯,×螣蛇妖矯,△青龍華蓋,,門迫
陽1局丙子,己,艮,坤,天芮,死門,申酉,乙,己壬,丁,癸,戊,丙,庚,辛,戊,丙,庚,辛,乙,己壬,丁,癸,天英,天芮,天柱,天心,天蓬,天任,天冲,天輔,九天,直符,螣蛇,太陰,六合,勾陳,朱雀,九地,傷門,杜門,景門,死門,驚門,開門,休門,生門,×利陰害陽,,×火孛地戸;×水蛇入火,×地網,△朱雀入没,,×網蓋天牢,×六儀撃刑格,△青龍合霊,,△太孛入刑;×火入天羅,◯丙奇得使,△丁丁之格,,×天牢華蓋,,反吟;門迫
陽1局丁丑,己,兌,坤,天芮,死門,申酉,癸,戊,丙,庚,辛,乙,己壬,丁,戊,丙,庚,辛,乙,己壬,丁,癸,天心,天蓬,天任,天冲,天輔,天英,天芮,天柱,太陰,六合,勾陳,朱雀,九地,九天,直符,螣蛇,休門,生門,傷門,杜門,景門,死門,驚門,開門,〇天乙会合,,〇青龍返首,,×焚入太白,,×白虎干格,,×白虎猖狂,×白虎猖狂;×六儀撃刑格,×日奇入霧;×日奇入地,×乙奇入墓,△朱雀入墓;△干合蛇刑,×地網,×朱雀投江,×朱雀投江,
陽1局戊寅,己,坎,坤,天芮,死門,申酉,己壬,丁,癸,戊,丙,庚,辛,乙,戊,丙,庚,辛,乙,己壬,丁,癸,天芮,天柱,天心,天蓬,天任,天冲,天輔,天英,直符,螣蛇,太陰,六合,勾陳,朱雀,九地,九天,驚門,開門,休門,生門,傷門,杜門,景門,死門,△犬遇青龍;〇小蛇化龍,×地網,△星髄月転,◯丁奇得使;×丁奇入墓,×太白入網,,×青龍折足,,〇日月併用,◯丙奇昇殿,×官符刑格;×金華水流,×伏宮格;×刑格,〇獄神得奇,,△華蓋蓬星,◯乙奇得使,門迫
陽1局己卯,己,坤,坤,天芮,死門,申酉,戊,丙,庚,辛,乙,己壬,丁,癸,戊,丙,庚,辛,乙,己壬,丁,癸,天蓬,天任,天冲,天輔,天英,天芮,天柱,天心,六合,勾陳,朱雀,九地,九天,直符,螣蛇,太陰,開門,休門,生門,傷門,杜門,景門,死門,驚門,×伏吟,,×月奇孛師,,×太白同宮,,×伏吟天庭,,△日奇伏吟,◯乙奇得使,×地戸蓬鬼;×地網高張;×凶蛇入獄;×蛇入地羅,×地網;×六儀撃刑格,〇奇入太陰,◯丁奇昇殿;◯玉女守門,×天網四張,,伏吟
陽1局庚辰,己,震,坤,天芮,死門,申酉,辛,乙,己壬,丁,癸,戊,丙,庚,戊,丙,庚,辛,乙,己壬,丁,癸,天輔,天英,天芮,天柱,天心,天蓬,天任,天冲,九地,九天,直符,螣蛇,太陰,六合,勾陳,朱雀,景門,死門,驚門,開門,休門,生門,傷門,杜門,×囚獄被傷,,〇奇儀順遂,,×刑格返名;×太白擒蛇,×飛宮格;×地網,×朱雀入獄,◯丁奇得使,△華蓋蓬星,,×貴人入獄;×龍入天牢,,〇星奇朱雀,,×反吟大格,,反吟;門迫
陽1局辛巳,己,巽,坤,天芮,死門,申酉,庚,辛,乙,己壬,丁,癸,戊,丙,戊,丙,庚,辛,乙,己壬,丁,癸,天冲,天輔,天英,天芮,天柱,天心,天蓬,天任,朱雀,九地,九天,直符,螣蛇,太陰,六合,勾陳,生門,傷門,杜門,景門,死門,驚門,開門,休門,×太白伏宮,,×干合孛師,,×日奇被刑,◯乙奇昇殿,×遊魂入墓;×騰蛇相纏,×地網;×六儀撃刑格,〇人遁吉格,◯玉女守門,×華蓋地戸;×復見騰蛇,,〇青龍耀明,,×華蓋孛師,×丙奇入墓,門迫
陽1局壬午,己,坤,坤,天芮,死門,申酉,戊,丙,庚,辛,乙,己壬,丁,癸,戊,丙,庚,辛,乙,己壬,丁,癸,天蓬,天任,天冲,天輔,天英,天芮,天柱,天心,六合,勾陳,朱雀,九地,九天,直符,螣蛇,太陰,死門,驚門,開門,休門,生門,傷門,杜門,景門,×伏吟,,×月奇孛師,,×太白同宮,,×伏吟天庭,,△日奇伏吟,◯乙奇得使,×地戸蓬鬼;×地網高張;×凶蛇入獄;×蛇入地羅,×地網;×六儀撃刑格,〇奇入太陰,◯丁奇昇殿,×天網四張,,伏吟;門迫
陽1局癸未,己,壬,坤,天芮,死門,申酉,丁,癸,戊,丙,庚,辛,乙,己壬,戊,丙,庚,辛,乙,己壬,丁,癸,天柱,天心,天蓬,天任,天冲,天輔,天英,天芮,螣蛇,太陰,六合,勾陳,朱雀,九地,九天,直符,休門,生門,傷門,杜門,景門,死門,驚門,開門,〇青龍転光,,〇華蓋孛師,,×値符飛宮,×六儀撃刑格,△謀事成就,,△太白蓬星,,×入獄自刑;×凶蛇入獄,,〇奇儀相佐,,×地刑玄武;×幼女奸淫,×地網,
陽1局甲申,庚,震,震,天冲,傷門,午未,戊,丙,庚,辛,乙,己壬,丁,癸,戊,丙,庚,辛,乙,己壬,丁,癸,天蓬,天任,天冲,天輔,天英,天芮,天柱,天心,九地,九天,直符,螣蛇,太陰,六合,勾陳,朱雀,休門,生門,傷門,杜門,景門,死門,驚門,開門,×伏吟,,×月奇孛師,◯神遁,×太白同宮,×伏宮格;×飛宮格,×伏吟天庭,,△日奇伏吟,◯乙奇得使,×地戸蓬鬼;×地網高張;×凶蛇入獄;×蛇入地羅,×六儀撃刑格,〇奇入太陰,◯丁奇昇殿,×天網四張,,伏吟
陽1局乙酉,庚,離,震,天冲,傷門,午未,丁,癸,戊,丙,庚,辛,乙,己壬,戊,丙,庚,辛,乙,己壬,丁,癸,天柱,天心,天蓬,天任,天冲,天輔,天英,天芮,勾陳,朱雀,九地,九天,直符,螣蛇,太陰,六合,開門,休門,生門,傷門,杜門,景門,死門,驚門,〇青龍転光,,〇華蓋孛師,,×値符飛宮,×六儀撃刑格,△謀事成就,,△太白蓬星,×時格,×入獄自刑;×凶蛇入獄,,〇奇儀相佐,,×地刑玄武;×幼女奸淫,,
陽1局丙戌,庚,艮,震,天冲,傷門,午未,丙,庚,辛,乙,己壬,丁,癸,戊,戊,丙,庚,辛,乙,己壬,丁,癸,天任,天冲,天輔,天英,天芮,天柱,天心,天蓬,九天,直符,螣蛇,太陰,六合,勾陳,朱雀,九地,死門,驚門,開門,休門,生門,傷門,杜門,景門,〇飛鳥跌穴,◯丙奇得使,×太白入熒,×時格;×六儀撃刑格,×白虎出力,,×青龍逃走,◯雲遁;◯風遁;×青龍逃走,△地戸蓬星;△格名小蛇,,×火入勾陳;〇五神互合,◯玉女守門,×螣蛇妖矯,×螣蛇妖矯,△青龍華蓋,,門迫
陽1局丁亥,庚,兌,震,天冲,傷門,午未,乙,己壬,丁,癸,戊,丙,庚,辛,戊,丙,庚,辛,乙,己壬,丁,癸,天英,天芮,天柱,天心,天蓬,天任,天冲,天輔,太陰,六合,勾陳,朱雀,九地,九天,直符,螣蛇,杜門,景門,死門,驚門,開門,休門,生門,傷門,×利陰害陽,,×火孛地戸;×水蛇入火,,△朱雀入没,,×網蓋天牢,×六儀撃刑格,△青龍合霊,,△太孛入刑;×火入天羅,◯丙奇得使,△丁丁之格,×時格,×天牢華蓋,,反吟;門迫
陽1局戊子,庚,坎,震,天冲,傷門,午未,庚,辛,乙,己壬,丁,癸,戊,丙,戊,丙,庚,辛,乙,己壬,丁,癸,天冲,天輔,天英,天芮,天柱,天心,天蓬,天任,直符,螣蛇,太陰,六合,勾陳,朱雀,九地,九天,景門,死門,驚門,開門,休門,生門,傷門,杜門,×太白伏宮,×時格,×干合孛師,,×日奇被刑,◯乙奇昇殿,×遊魂入墓;×騰蛇相纏,×六儀撃刑格,〇人遁吉格,,×華蓋地戸;×復見騰蛇,,〇青龍耀明,,×華蓋孛師,×丙奇入墓,反吟;門迫
陽1局己丑,庚,坤,震,天冲,傷門,午未,己壬,丁,癸,戊,丙,庚,辛,乙,戊,丙,庚,辛,乙,己壬,丁,癸,天芮,天柱,天心,天蓬,天任,天冲,天輔,天英,六合,勾陳,朱雀,九地,九天,直符,螣蛇,太陰,生門,傷門,杜門,景門,死門,驚門,開門,休門,△犬遇青龍;〇小蛇化龍,,△星髄月転,◯丁奇得使;◯玉女守門;×丁奇入墓,×太白入網,,×青龍折足,,〇日月併用,◯丙奇昇殿,×官符刑格;×金華水流,×刑格;×時格,〇獄神得奇,,△華蓋蓬星,◯乙奇得使,門迫
陽1局庚寅,庚,震,震,天冲,傷門,午未,戊,丙,庚,辛,乙,己壬,丁,癸,戊,丙,庚,辛,乙,己壬,丁,癸,天蓬,天任,天冲,天輔,天英,天芮,天柱,天心,九地,九天,直符,螣蛇,太陰,六合,勾陳,朱雀,驚門,開門,休門,生門,傷門,杜門,景門,死門,×伏吟,,×月奇孛師,,×太白同宮,×伏宮格;×飛宮格;×時格,×伏吟天庭,,△日奇伏吟,◯乙奇得使,×地戸蓬鬼;×地網高張;×凶蛇入獄;×蛇入地羅,×六儀撃刑格,〇奇入太陰,◯丁奇昇殿,×天網四張,,伏吟;門迫
陽1局辛卯,庚,巽,震,天冲,傷門,午未,癸,戊,丙,庚,辛,乙,己壬,丁,戊,丙,庚,辛,乙,己壬,丁,癸,天心,天蓬,天任,天冲,天輔,天英,天芮,天柱,朱雀,九地,九天,直符,螣蛇,太陰,六合,勾陳,傷門,杜門,景門,死門,驚門,開門,休門,生門,〇天乙会合,,〇青龍返首,,×焚入太白,,×白虎干格,×時格,×白虎猖狂,×白虎猖狂;×六儀撃刑格,×日奇入霧;×日奇入地,◯地遁;◯雲遁;×乙奇入墓,△朱雀入墓;△干合蛇刑,,×朱雀投江,×朱雀投江,門迫
陽1局壬辰,庚,坤,震,天冲,傷門,午未,己壬,丁,癸,戊,丙,庚,辛,乙,戊,丙,庚,辛,乙,己壬,丁,癸,天芮,天柱,天心,天蓬,天任,天冲,天輔,天英,六合,勾陳,朱雀,九地,九天,直符,螣蛇,太陰,死門,驚門,開門,休門,生門,傷門,杜門,景門,△犬遇青龍;〇小蛇化龍,,△星髄月転,◯丁奇得使;×丁奇入墓,×太白入網,,×青龍折足,,〇日月併用,◯神遁;◯丙奇昇殿,×官符刑格;×金華水流,×刑格;×時格,〇獄神得奇,,△華蓋蓬星,◯乙奇得使,門迫
陽1局癸巳,庚,壬,震,天冲,傷門,午未,辛,乙,己壬,丁,癸,戊,丙,庚,戊,丙,庚,辛,乙,己壬,丁,癸,天輔,天英,天芮,天柱,天心,天蓬,天任,天冲,螣蛇,太陰,六合,勾陳,朱雀,九地,九天,直符,休門,生門,傷門,杜門,景門,死門,驚門,開門,×囚獄被傷,,〇奇儀順遂,,×刑格返名;×太白擒蛇,,×朱雀入獄,◯丁奇得使,△華蓋蓬星,,×貴人入獄;×龍入天牢,,〇星奇朱雀,,×反吟大格,×時格,
陽1局甲午,辛,巽,巽,天輔,杜門,辰巳,戊,丙,庚,辛,乙,己壬,丁,癸,戊,丙,庚,辛,乙,己壬,丁,癸,天蓬,天任,天冲,天輔,天英,天芮,天柱,天心,朱雀,九地,九天,直符,螣蛇,太陰,六合,勾陳,休門,生門,傷門,杜門,景門,死門,驚門,開門,×伏吟,,×月奇孛師,,×太白同宮,,×伏吟天庭,,△日奇伏吟,◯乙奇得使,×地戸蓬鬼;×地網高張;×凶蛇入獄;×蛇入地羅,×六儀撃刑格,〇奇入太陰,◯丁奇昇殿,×天網四張,,伏吟
陽1局乙未,辛,離,巽,天輔,杜門,辰巳,癸,戊,丙,庚,辛,乙,己壬,丁,戊,丙,庚,辛,乙,己壬,丁,癸,天心,天蓬,天任,天冲,天輔,天英,天芮,天柱,勾陳,朱雀,九地,九天,直符,螣蛇,太陰,六合,驚門,開門,休門,生門,傷門,杜門,景門,死門,〇天乙会合,,〇青龍返首,,×焚入太白,,×白虎干格,×伏宮格,×白虎猖狂,×白虎猖狂;×六儀撃刑格,×日奇入霧;×日奇入地,×乙奇入墓,△朱雀入墓;△干合蛇刑,,×朱雀投江,×朱雀投江,門迫
陽1局丙申,辛,艮,巽,天輔,杜門,辰巳,庚,辛,乙,己壬,丁,癸,戊,丙,戊,丙,庚,辛,乙,己壬,丁,癸,天冲,天輔,天英,天芮,天柱,天心,天蓬,天任,九天,直符,螣蛇,太陰,六合,勾陳,朱雀,九地,景門,死門,驚門,開門,休門,生門,傷門,杜門,×太白伏宮,,×干合孛師,,×日奇被刑,◯乙奇昇殿,×遊魂入墓;×騰蛇相纏,×六儀撃刑格,〇人遁吉格,,×華蓋地戸;×復見騰蛇,,〇青龍耀明,,×華蓋孛師,×丙奇入墓,反吟;門迫
陽1局丁酉,辛,兌,巽,天輔,杜門,辰巳,己壬,丁,癸,戊,丙,庚,辛,乙,戊,丙,庚,辛,乙,己壬,丁,癸,天芮,天柱,天心,天蓬,天任,天冲,天輔,天英,太陰,六合,勾陳,朱雀,九地,九天,直符,螣蛇,死門,驚門,開門,休門,生門,傷門,杜門,景門,△犬遇青龍;〇小蛇化龍,,△星髄月転,◯丁奇得使;×丁奇入墓,×太白入網,,×青龍折足,,〇日月併用,◯丙奇昇殿,×官符刑格;×金華水流,×刑格,〇獄神得奇,,△華蓋蓬星,◯乙奇得使,門迫
陽1局戊戌,辛,坎,巽,天輔,杜門,辰巳,辛,乙,己壬,丁,癸,戊,丙,庚,戊,丙,庚,辛,乙,己壬,丁,癸,天輔,天英,天芮,天柱,天心,天蓬,天任,天冲,直符,螣蛇,太陰,六合,勾陳,朱雀,九地,九天,傷門,杜門,景門,死門,驚門,開門,休門,生門,×囚獄被傷,,〇奇儀順遂,,×刑格返名;×太白擒蛇,,×朱雀入獄,◯丁奇得使,△華蓋蓬星,,×貴人入獄;×龍入天牢,,〇星奇朱雀,,×反吟大格,,門迫
陽1局己亥,辛,坤,巽,天輔,杜門,辰巳,丁,癸,戊,丙,庚,辛,乙,己壬,戊,丙,庚,辛,乙,己壬,丁,癸,天柱,天心,天蓬,天任,天冲,天輔,天英,天芮,六合,勾陳,朱雀,九地,九天,直符,螣蛇,太陰,開門,休門,生門,傷門,杜門,景門,死門,驚門,〇青龍転光,,〇華蓋孛師,,×値符飛宮,×六儀撃刑格,△謀事成就,,△太白蓬星,,×入獄自刑;×凶蛇入獄,,〇奇儀相佐,,×地刑玄武;×幼女奸淫,,
陽1局庚子,辛,震,巽,天輔,杜門,辰巳,丙,庚,辛,乙,己壬,丁,癸,戊,戊,丙,庚,辛,乙,己壬,丁,癸,天任,天冲,天輔,天英,天芮,天柱,天心,天蓬,九地,九天,直符,螣蛇,太陰,六合,勾陳,朱雀,杜門,景門,死門,驚門,開門,休門,生門,傷門,〇飛鳥跌穴,◯丙奇得使,×太白入熒,×六儀撃刑格,×白虎出力,×飛宮格,×青龍逃走,×青龍逃走,△地戸蓬星;△格名小蛇,,×火入勾陳;〇五神互合,,×螣蛇妖矯,×螣蛇妖矯,△青龍華蓋,,門迫
陽1局辛丑,辛,巽,巽,天輔,杜門,辰巳,戊,丙,庚,辛,乙,己壬,丁,癸,戊,丙,庚,辛,乙,己壬,丁,癸,天蓬,天任,天冲,天輔,天英,天芮,天柱,天心,朱雀,九地,九天,直符,螣蛇,太陰,六合,勾陳,驚門,開門,休門,生門,傷門,杜門,景門,死門,×伏吟,,×月奇孛師,,×太白同宮,,×伏吟天庭,,△日奇伏吟,◯乙奇得使,×地戸蓬鬼;×地網高張;×凶蛇入獄;×蛇入地羅,×六儀撃刑格,〇奇入太陰,◯丁奇昇殿,×天網四張,,伏吟;門迫
陽1局壬寅,辛,坤,巽,天輔,杜門,辰巳,丁,癸,戊,丙,庚,辛,乙,己壬,戊,丙,庚,辛,乙,己壬,丁,癸,天柱,天心,天蓬,天任,天冲,天輔,天英,天芮,六合,勾陳,朱雀,九地,九天,直符,螣蛇,太陰,生門,傷門,杜門,景門,死門,驚門,開門,休門,〇青龍転光,,〇華蓋孛師,,×値符飛宮,×六儀撃刑格,△謀事成就,,△太白蓬星,,×入獄自刑;×凶蛇入獄,,〇奇儀相佐,,×地刑玄武;×幼女奸淫,,門迫
陽1局癸卯,辛,壬,巽,天輔,杜門,辰巳,乙,己壬,丁,癸,戊,丙,庚,辛,戊,丙,庚,辛,乙,己壬,丁,癸,天英,天芮,天柱,天心,天蓬,天任,天冲,天輔,螣蛇,太陰,六合,勾陳,朱雀,九地,九天,直符,休門,生門,傷門,杜門,景門,死門,驚門,開門,×利陰害陽,◯龍遁,×火孛地戸;×水蛇入火,,△朱雀入没,,×網蓋天牢,×六儀撃刑格,△青龍合霊,,△太孛入刑;×火入天羅,◯丙奇得使,△丁丁之格,,×天牢華蓋,,反吟
陽1局甲辰,壬,坤,坤,天芮,死門,寅卯,戊,丙,庚,辛,乙,己壬,丁,癸,戊,丙,庚,辛,乙,己壬,丁,癸,天蓬,天任,天冲,天輔,天英,天芮,天柱,天心,六合,勾陳,朱雀,九地,九天,直符,螣蛇,太陰,休門,生門,傷門,杜門,景門,死門,驚門,開門,×伏吟,,×月奇孛師,,×太白同宮,,×伏吟天庭,,△日奇伏吟,◯乙奇得使,×地戸蓬鬼;×地網高張;×凶蛇入獄;×蛇入地羅,×六儀撃刑格,〇奇入太陰,◯丁奇昇殿,×天網四張,,伏吟
陽1局乙巳,壬,離,坤,天芮,死門,寅卯,丙,庚,辛,乙,己壬,丁,癸,戊,戊,丙,庚,辛,乙,己壬,丁,癸,天任,天冲,天輔,天英,天芮,天柱,天心,天蓬,勾陳,朱雀,九地,九天,直符,螣蛇,太陰,六合,驚門,開門,休門,生門,傷門,杜門,景門,死門,〇飛鳥跌穴,◯丙奇得使,×太白入熒,×六儀撃刑格,×白虎出力,,×青龍逃走,◯雲遁;◯風遁;×青龍逃走,△地戸蓬星;△格名小蛇,×地網,×火入勾陳;〇五神互合,,×螣蛇妖矯,×螣蛇妖矯,△青龍華蓋,,門迫
陽1局丙午,壬,艮,坤,天芮,死門,寅卯,乙,己壬,丁,癸,戊,丙,庚,辛,戊,丙,庚,辛,乙,己壬,丁,癸,天英,天芮,天柱,天心,天蓬,天任,天冲,天輔,九天,直符,螣蛇,太陰,六合,勾陳,朱雀,九地,開門,休門,生門,傷門,杜門,景門,死門,驚門,×利陰害陽,,×火孛地戸;×水蛇入火,×地網,△朱雀入没,,×網蓋天牢,×六儀撃刑格,△青龍合霊,,△太孛入刑;×火入天羅,◯丙奇得使,△丁丁之格,,×天牢華蓋,,反吟
陽1局丁未,壬,兌,坤,天芮,死門,寅卯,癸,戊,丙,庚,辛,乙,己壬,丁,戊,丙,庚,辛,乙,己壬,丁,癸,天心,天蓬,天任,天冲,天輔,天英,天芮,天柱,太陰,六合,勾陳,朱雀,九地,九天,直符,螣蛇,景門,死門,驚門,開門,休門,生門,傷門,杜門,〇天乙会合,,〇青龍返首,,×焚入太白,,×白虎干格,,×白虎猖狂,×白虎猖狂;×六儀撃刑格,×日奇入霧;×日奇入地,×乙奇入墓,△朱雀入墓;△干合蛇刑,×地網,×朱雀投江,×朱雀投江,反吟;門迫
陽1局戊申,壬,坎,坤,天芮,死門,寅卯,己壬,丁,癸,戊,丙,庚,辛,乙,戊,丙,庚,辛,乙,己壬,丁,癸,天芮,天柱,天心,天蓬,天任,天冲,天輔,天英,直符,螣蛇,太陰,六合,勾陳,朱雀,九地,九天,生門,傷門,杜門,景門,死門,驚門,開門,休門,△犬遇青龍;〇小蛇化龍,×地網,△星髄月転,◯丁奇得使;×丁奇入墓,×太白入網,,×青龍折足,,〇日月併用,◯丙奇昇殿,×官符刑格;×金華水流,×伏宮格;×刑格,〇獄神得奇,,△華蓋蓬星,◯乙奇得使,門迫
陽1局己酉,壬,坤,坤,天芮,死門,寅卯,戊,丙,庚,辛,乙,己壬,丁,癸,戊,丙,庚,辛,乙,己壬,丁,癸,天蓬,天任,天冲,天輔,天英,天芮,天柱,天心,六合,勾陳,朱雀,九地,九天,直符,螣蛇,太陰,死門,驚門,開門,休門,生門,傷門,杜門,景門,×伏吟,,×月奇孛師,,×太白同宮,,×伏吟天庭,,△日奇伏吟,◯乙奇得使,×地戸蓬鬼;×地網高張;×凶蛇入獄;×蛇入地羅,×地網;×六儀撃刑格,〇奇入太陰,◯丁奇昇殿,×天網四張,,伏吟;門迫
陽1局庚戌,壬,震,坤,天芮,死門,寅卯,辛,乙,己壬,丁,癸,戊,丙,庚,戊,丙,庚,辛,乙,己壬,丁,癸,天輔,天英,天芮,天柱,天心,天蓬,天任,天冲,九地,九天,直符,螣蛇,太陰,六合,勾陳,朱雀,休門,生門,傷門,杜門,景門,死門,驚門,開門,×囚獄被傷,,〇奇儀順遂,,×刑格返名;×太白擒蛇,×飛宮格;×地網,×朱雀入獄,◯丁奇得使,△華蓋蓬星,,×貴人入獄;×龍入天牢,,〇星奇朱雀,,×反吟大格,,
陽1局辛亥,壬,巽,坤,天芮,死門,寅卯,庚,辛,乙,己壬,丁,癸,戊,丙,戊,丙,庚,辛,乙,己壬,丁,癸,天冲,天輔,天英,天芮,天柱,天心,天蓬,天任,朱雀,九地,九天,直符,螣蛇,太陰,六合,勾陳,杜門,景門,死門,驚門,開門,休門,生門,傷門,×太白伏宮,,×干合孛師,,×日奇被刑,◯乙奇昇殿,×遊魂入墓;×騰蛇相纏,×地網;×六儀撃刑格,〇人遁吉格,,×華蓋地戸;×復見騰蛇,,〇青龍耀明,,×華蓋孛師,×丙奇入墓,門迫
陽1局壬子,壬,坤,坤,天芮,死門,寅卯,戊,丙,庚,辛,乙,己壬,丁,癸,戊,丙,庚,辛,乙,己壬,丁,癸,天蓬,天任,天冲,天輔,天英,天芮,天柱,天心,六合,勾陳,朱雀,九地,九天,直符,螣蛇,太陰,傷門,杜門,景門,死門,驚門,開門,休門,生門,×伏吟,,×月奇孛師,,×太白同宮,,×伏吟天庭,,△日奇伏吟,◯乙奇得使,×地戸蓬鬼;×地網高張;×凶蛇入獄;×蛇入地羅,×地網;×六儀撃刑格,〇奇入太陰,◯丁奇昇殿,×天網四張,,伏吟;門迫
陽1局癸丑,壬,乾,坤,天芮,死門,寅卯,丁,癸,戊,丙,庚,辛,乙,己壬,戊,丙,庚,辛,乙,己壬,丁,癸,天柱,天心,天蓬,天任,天冲,天輔,天英,天芮,螣蛇,太陰,六合,勾陳,朱雀,九地,九天,直符,休門,生門,傷門,杜門,景門,死門,驚門,開門,〇青龍転光,,〇華蓋孛師,,×値符飛宮,×六儀撃刑格,△謀事成就,,△太白蓬星,,×入獄自刑;×凶蛇入獄,,〇奇儀相佐,,×地刑玄武;×幼女奸淫,×地網,
陽1局甲寅,癸,壬,乾,天心,開門,子丑,戊,丙,庚,辛,乙,己壬,丁,癸,戊,丙,庚,辛,乙,己壬,丁,癸,天蓬,天任,天冲,天輔,天英,天芮,天柱,天心,螣蛇,太陰,六合,勾陳,朱雀,九地,九天,直符,休門,生門,傷門,杜門,景門,死門,驚門,開門,×伏吟,,×月奇孛師,,×太白同宮,,×伏吟天庭,,△日奇伏吟,◯乙奇得使,×地戸蓬鬼;×地網高張;×凶蛇入獄;×蛇入地羅,×六儀撃刑格,〇奇入太陰,◯丁奇昇殿,×天網四張,,伏吟
陽1局乙卯,癸,離,乾,天心,開門,子丑,辛,乙,己壬,丁,癸,戊,丙,庚,戊,丙,庚,辛,乙,己壬,丁,癸,天輔,天英,天芮,天柱,天心,天蓬,天任,天冲,勾陳,朱雀,九地,九天,直符,螣蛇,太陰,六合,生門,傷門,杜門,景門,死門,驚門,開門,休門,×囚獄被傷,,〇奇儀順遂,,×刑格返名;×太白擒蛇,,×朱雀入獄,◯丁奇得使,△華蓋蓬星,×天羅,×貴人入獄;×龍入天牢,,〇星奇朱雀,,×反吟大格,×伏宮格,門迫
陽1局丙辰,癸,艮,乾,天心,開門,子丑,丁,癸,戊,丙,庚,辛,乙,己壬,戊,丙,庚,辛,乙,己壬,丁,癸,天柱,天心,天蓬,天任,天冲,天輔,天英,天芮,九天,直符,螣蛇,太陰,六合,勾陳,朱雀,九地,驚門,開門,休門,生門,傷門,杜門,景門,死門,〇青龍転光,,〇華蓋孛師,×天羅,×値符飛宮,×六儀撃刑格,△謀事成就,,△太白蓬星,,×入獄自刑;×凶蛇入獄,,〇奇儀相佐,,×地刑玄武;×幼女奸淫,,門迫
陽1局丁巳,癸,兌,乾,天心,開門,子丑,丙,庚,辛,乙,己壬,丁,癸,戊,戊,丙,庚,辛,乙,己壬,丁,癸,天任,天冲,天輔,天英,天芮,天柱,天心,天蓬,太陰,六合,勾陳,朱雀,九地,九天,直符,螣蛇,杜門,景門,死門,驚門,開門,休門,生門,傷門,〇飛鳥跌穴,◯丙奇得使,×太白入熒,×六儀撃刑格,×白虎出力,,×青龍逃走,×青龍逃走,△地戸蓬星;△格名小蛇,,×火入勾陳;〇五神互合,,×螣蛇妖矯,×螣蛇妖矯;×天羅,△青龍華蓋,,門迫
陽1局戊午,癸,坎,乾,天心,開門,子丑,癸,戊,丙,庚,辛,乙,己壬,丁,戊,丙,庚,辛,乙,己壬,丁,癸,天心,天蓬,天任,天冲,天輔,天英,天芮,天柱,直符,螣蛇,太陰,六合,勾陳,朱雀,九地,九天,開門,休門,生門,傷門,杜門,景門,死門,驚門,〇天乙会合,×天羅,〇青龍返首,,×焚入太白,,×白虎干格,,×白虎猖狂,×白虎猖狂;×六儀撃刑格,×日奇入霧;×日奇入地,×乙奇入墓,△朱雀入墓;△干合蛇刑,,×朱雀投江,×朱雀投江,
陽1局己未,癸,坤,乾,天心,開門,子丑,庚,辛,乙,己壬,丁,癸,戊,丙,戊,丙,庚,辛,乙,己壬,丁,癸,天冲,天輔,天英,天芮,天柱,天心,天蓬,天任,六合,勾陳,朱雀,九地,九天,直符,螣蛇,太陰,傷門,杜門,景門,死門,驚門,開門,休門,生門,×太白伏宮,,×干合孛師,,×日奇被刑,◯乙奇昇殿,×遊魂入墓;×騰蛇相纏,×六儀撃刑格,〇人遁吉格,,×華蓋地戸;×復見騰蛇,×天羅,〇青龍耀明,,×華蓋孛師,×丙奇入墓,門迫
陽1局庚申,癸,震,乾,天心,開門,子丑,己壬,丁,癸,戊,丙,庚,辛,乙,戊,丙,庚,辛,乙,己壬,丁,癸,天芮,天柱,天心,天蓬,天任,天冲,天輔,天英,九地,九天,直符,螣蛇,太陰,六合,勾陳,朱雀,死門,驚門,開門,休門,生門,傷門,杜門,景門,△犬遇青龍;〇小蛇化龍,,△星髄月転,◯丁奇得使;×丁奇入墓,×太白入網,×飛宮格;×天羅,×青龍折足,,〇日月併用,◯丙奇昇殿,×官符刑格;×金華水流,×刑格,〇獄神得奇,,△華蓋蓬星,◯乙奇得使,門迫
陽1局辛酉,癸,巽,乾,天心,開門,子丑,乙,己壬,丁,癸,戊,丙,庚,辛,戊,丙,庚,辛,乙,己壬,丁,癸,天英,天芮,天柱,天心,天蓬,天任,天冲,天輔,朱雀,九地,九天,直符,螣蛇,太陰,六合,勾陳,景門,死門,驚門,開門,休門,生門,傷門,杜門,×利陰害陽,,×火孛地戸;×水蛇入火,,△朱雀入没,,×網蓋天牢,×天羅;×六儀撃刑格,△青龍合霊,,△太孛入刑;×火入天羅,◯丙奇得使,△丁丁之格,,×天牢華蓋,,反吟;門迫
陽1局壬戌,癸,坤,乾,天心,開門,子丑,庚,辛,乙,己壬,丁,癸,戊,丙,戊,丙,庚,辛,乙,己壬,丁,癸,天冲,天輔,天英,天芮,天柱,天心,天蓬,天任,六合,勾陳,朱雀,九地,九天,直符,螣蛇,太陰,傷門,杜門,景門,死門,驚門,開門,休門,生門,×太白伏宮,,×干合孛師,,×日奇被刑,◯乙奇昇殿,×遊魂入墓;×騰蛇相纏,×六儀撃刑格,〇人遁吉格,,×華蓋地戸;×復見騰蛇,×天羅,〇青龍耀明,,×華蓋孛師,×丙奇入墓,門迫
陽1局癸亥,癸,壬,乾,天心,開門,子丑,戊,丙,庚,辛,乙,己壬,丁,癸,戊,丙,庚,辛,乙,己壬,丁,癸,天蓬,天任,天冲,天輔,天英,天芮,天柱,天心,螣蛇,太陰,六合,勾陳,朱雀,九地,九天,直符,休門,生門,傷門,杜門,景門,死門,驚門,開門,×伏吟,,×月奇孛師,,×太白同宮,,×伏吟天庭,,△日奇伏吟,◯乙奇得使,×地戸蓬鬼;×地網高張;×凶蛇入獄;×蛇入地羅,×六儀撃刑格,〇奇入太陰,◯丁奇昇殿,×天網四張,×天羅,伏吟
陽2局甲子,戊,坤,坤,天芮,死門,戌亥,乙,丁,己,庚,丙,戊辛,癸,壬,乙,丁,己,庚,丙,戊辛,癸,壬,天蓬,天任,天冲,天輔,天英,天芮,天柱,天心,六合,勾陳,朱雀,九地,九天,直符,螣蛇,太陰,休門,生門,傷門,杜門,景門,死門,驚門,開門,△日奇伏吟,◯龍遁,〇奇入太陰,◯丁奇得使;×丁奇入墓,×地戸蓬鬼,,×太白同宮,,×月奇孛師,◯丙奇昇殿,×伏吟;×青龍折足;×囚獄被傷;×伏吟天庭,,×天網四張,,×蛇入地羅,,伏吟
陽2局乙丑,戊,坎,坤,天芮,死門,戌亥,戊辛,癸,壬,乙,丁,己,庚,丙,乙,丁,己,庚,丙,戊辛,癸,壬,天芮,天柱,天心,天蓬,天任,天冲,天輔,天英,直符,螣蛇,太陰,六合,勾陳,朱雀,九地,九天,杜門,景門,死門,驚門,開門,休門,生門,傷門,△青龍合霊;×白虎猖狂,×白虎猖狂,×螣蛇妖矯,×螣蛇妖矯,×凶蛇入獄,,×日奇被刑,,△星髄月転,,△犬遇青龍;×遊魂入墓,×六儀撃刑格,×反吟大格,,×火入天羅,×丙奇入墓,門迫
陽2局丙寅,戊,離,坤,天芮,死門,戌亥,丁,己,庚,丙,戊辛,癸,壬,乙,乙,丁,己,庚,丙,戊辛,癸,壬,天任,天冲,天輔,天英,天芮,天柱,天心,天蓬,勾陳,朱雀,九地,九天,直符,螣蛇,太陰,六合,傷門,杜門,景門,死門,驚門,開門,休門,生門,〇人遁吉格,,△朱雀入墓,,×官符刑格,×刑格,×焚入太白,,〇青龍返首;×干合孛師,×六儀撃刑格,〇天乙会合;×網蓋天牢,,×幼女奸淫,,×日奇入地,◯乙奇得使,門迫
陽2局丁卯,戊,艮,坤,天芮,死門,戌亥,丙,戊辛,癸,壬,乙,丁,己,庚,乙,丁,己,庚,丙,戊辛,癸,壬,天英,天芮,天柱,天心,天蓬,天任,天冲,天輔,九天,直符,螣蛇,太陰,六合,勾陳,朱雀,九地,休門,生門,傷門,杜門,景門,死門,驚門,開門,〇日月併用,◯丙奇得使,〇青龍耀明;〇獄神得奇,,×華蓋地戸,,×太白擒蛇,×六儀撃刑格,〇奇儀順遂,◯乙奇得使,〇青龍転光;×朱雀入獄,◯玉女守門,×地刑玄武,,×金華水流,,反吟
陽2局戊辰,戊,坤,坤,天芮,死門,戌亥,乙,丁,己,庚,丙,戊辛,癸,壬,乙,丁,己,庚,丙,戊辛,癸,壬,天蓬,天任,天冲,天輔,天英,天芮,天柱,天心,六合,勾陳,朱雀,九地,九天,直符,螣蛇,太陰,驚門,開門,休門,生門,傷門,杜門,景門,死門,△日奇伏吟,,〇奇入太陰,◯丁奇得使;×丁奇入墓,×地戸蓬鬼,,×太白同宮,,×月奇孛師,◯丙奇昇殿,×伏吟;×青龍折足;×囚獄被傷;×伏吟天庭,,×天網四張,,×蛇入地羅,,伏吟;門迫
陽2局己巳,戊,震,坤,天芮,死門,戌亥,庚,丙,戊辛,癸,壬,乙,丁,己,乙,丁,己,庚,丙,戊辛,癸,壬,天輔,天英,天芮,天柱,天心,天蓬,天任,天冲,九地,九天,直符,螣蛇,太陰,六合,勾陳,朱雀,開門,休門,生門,傷門,杜門,景門,死門,驚門,△太白蓬星,,〇星奇朱雀,,×貴人入獄;×入獄自刑,×六儀撃刑格,×太白入網,×六儀撃刑格,×水蛇入火,,×利陰害陽;×青龍逃走,×青龍逃走;×乙奇入墓,×朱雀投江,◯丁奇昇殿;◯玉女守門;×朱雀投江,×地網高張,,
陽2局庚午,戊,巽,坤,天芮,死門,戌亥,己,庚,丙,戊辛,癸,壬,乙,丁,乙,丁,己,庚,丙,戊辛,癸,壬,天冲,天輔,天英,天芮,天柱,天心,天蓬,天任,朱雀,九地,九天,直符,螣蛇,太陰,六合,勾陳,景門,死門,驚門,開門,休門,生門,傷門,杜門,△地戸蓬星,,△丁丁之格,×六儀撃刑格,△太孛入刑,,×値符飛宮;×白虎出力,×飛宮格,〇華蓋孛師,,〇小蛇化龍;×騰蛇相纏,,△華蓋蓬星,,〇五神互合,,反吟;門迫
陽2局辛未,戊,坤,坤,天芮,死門,戌亥,乙,丁,己,庚,丙,戊辛,癸,壬,乙,丁,己,庚,丙,戊辛,癸,壬,天蓬,天任,天冲,天輔,天英,天芮,天柱,天心,六合,勾陳,朱雀,九地,九天,直符,螣蛇,太陰,生門,傷門,杜門,景門,死門,驚門,開門,休門,△日奇伏吟,,〇奇入太陰,◯丁奇得使;×丁奇入墓,×地戸蓬鬼,,×太白同宮,,×月奇孛師,◯丙奇昇殿,×伏吟;×青龍折足;×囚獄被傷;×伏吟天庭,,×天網四張,,×蛇入地羅,,伏吟;門迫
陽2局壬申,戊,壬,坤,天芮,死門,戌亥,癸,壬,乙,丁,己,庚,丙,戊辛,乙,丁,己,庚,丙,戊辛,癸,壬,天柱,天心,天蓬,天任,天冲,天輔,天英,天芮,螣蛇,太陰,六合,勾陳,朱雀,九地,九天,直符,死門,驚門,開門,休門,生門,傷門,杜門,景門,△華蓋蓬星,,△干合蛇刑,,×日奇入霧,◯地遁;◯乙奇昇殿,△朱雀入没,◯丁奇得使,×火孛地戸,,×太白伏宮;×白虎干格,×伏宮格,×華蓋孛師,,×龍入天牢;×凶蛇入獄,,門迫
陽2局癸酉,戊,兌,坤,天芮,死門,戌亥,壬,乙,丁,己,庚,丙,戊辛,癸,乙,丁,己,庚,丙,戊辛,癸,壬,天心,天蓬,天任,天冲,天輔,天英,天芮,天柱,太陰,六合,勾陳,朱雀,九地,九天,直符,螣蛇,休門,生門,傷門,杜門,景門,死門,驚門,開門,△格名小蛇,,〇奇儀相佐,,×火入勾陳,,×刑格返名,,×太白入熒,,〇飛鳥跌穴;△謀事成就,◯丙奇得使,△青龍華蓋;×天牢華蓋,,×復見騰蛇,,
陽2局甲戌,己,震,震,天冲,傷門,申酉,乙,丁,己,庚,丙,戊辛,癸,壬,乙,丁,己,庚,丙,戊辛,癸,壬,天蓬,天任,天冲,天輔,天英,天芮,天柱,天心,九地,九天,直符,螣蛇,太陰,六合,勾陳,朱雀,休門,生門,傷門,杜門,景門,死門,驚門,開門,△日奇伏吟,◯龍遁,〇奇入太陰,◯丁奇得使;×丁奇入墓,×地戸蓬鬼,,×太白同宮,,×月奇孛師,◯丙奇昇殿,×伏吟;×青龍折足;×囚獄被傷;×伏吟天庭,,×天網四張,,×蛇入地羅,,伏吟
陽2局乙亥,己,坎,震,天冲,傷門,申酉,己,庚,丙,戊辛,癸,壬,乙,丁,乙,丁,己,庚,丙,戊辛,癸,壬,天冲,天輔,天英,天芮,天柱,天心,天蓬,天任,直符,螣蛇,太陰,六合,勾陳,朱雀,九地,九天,開門,休門,生門,傷門,杜門,景門,死門,驚門,△地戸蓬星,,△丁丁之格,×六儀撃刑格,△太孛入刑,,×値符飛宮;×白虎出力,,〇華蓋孛師,,〇小蛇化龍;×騰蛇相纏,,△華蓋蓬星,,〇五神互合,,
陽2局丙子,己,離,震,天冲,傷門,申酉,癸,壬,乙,丁,己,庚,丙,戊辛,乙,丁,己,庚,丙,戊辛,癸,壬,天柱,天心,天蓬,天任,天冲,天輔,天英,天芮,勾陳,朱雀,九地,九天,直符,螣蛇,太陰,六合,死門,驚門,開門,休門,生門,傷門,杜門,景門,△華蓋蓬星,,△干合蛇刑,,×日奇入霧,◯地遁;◯鬼遁;◯乙奇昇殿,△朱雀入没,◯丁奇得使,×火孛地戸,,×太白伏宮;×白虎干格,,×華蓋孛師,,×龍入天牢;×凶蛇入獄,,門迫
陽2局丁丑,己,艮,震,天冲,傷門,申酉,丁,己,庚,丙,戊辛,癸,壬,乙,乙,丁,己,庚,丙,戊辛,癸,壬,天任,天冲,天輔,天英,天芮,天柱,天心,天蓬,九天,直符,螣蛇,太陰,六合,勾陳,朱雀,九地,杜門,景門,死門,驚門,開門,休門,生門,傷門,〇人遁吉格,,△朱雀入墓,,×官符刑格,×伏宮格;×刑格,×焚入太白,,〇青龍返首;×干合孛師,×六儀撃刑格,〇天乙会合;×網蓋天牢,,×幼女奸淫,,×日奇入地,◯乙奇得使,門迫
陽2局戊寅,己,坤,震,天冲,傷門,申酉,戊辛,癸,壬,乙,丁,己,庚,丙,乙,丁,己,庚,丙,戊辛,癸,壬,天芮,天柱,天心,天蓬,天任,天冲,天輔,天英,六合,勾陳,朱雀,九地,九天,直符,螣蛇,太陰,景門,死門,驚門,開門,休門,生門,傷門,杜門,△青龍合霊;×白虎猖狂,×白虎猖狂,×螣蛇妖矯,×螣蛇妖矯,×凶蛇入獄,,×日奇被刑,◯風遁;◯鬼遁,△星髄月転,,△犬遇青龍;×遊魂入墓,×六儀撃刑格,×反吟大格,,×火入天羅,×丙奇入墓,反吟;門迫
陽2局己卯,己,震,震,天冲,傷門,申酉,乙,丁,己,庚,丙,戊辛,癸,壬,乙,丁,己,庚,丙,戊辛,癸,壬,天蓬,天任,天冲,天輔,天英,天芮,天柱,天心,九地,九天,直符,螣蛇,太陰,六合,勾陳,朱雀,生門,傷門,杜門,景門,死門,驚門,開門,休門,△日奇伏吟,,〇奇入太陰,◯丁奇得使;◯玉女守門;×丁奇入墓,×地戸蓬鬼,,×太白同宮,,×月奇孛師,◯丙奇昇殿,×伏吟;×青龍折足;×囚獄被傷;×伏吟天庭,,×天網四張,,×蛇入地羅,,伏吟;門迫
陽2局庚辰,己,巽,震,天冲,傷門,申酉,壬,乙,丁,己,庚,丙,戊辛,癸,乙,丁,己,庚,丙,戊辛,癸,壬,天心,天蓬,天任,天冲,天輔,天英,天芮,天柱,朱雀,九地,九天,直符,螣蛇,太陰,六合,勾陳,驚門,開門,休門,生門,傷門,杜門,景門,死門,△格名小蛇,,〇奇儀相佐,◯鬼遁,×火入勾陳,,×刑格返名,×飛宮格,×太白入熒,,〇飛鳥跌穴;△謀事成就,◯丙奇得使,△青龍華蓋;×天牢華蓋,,×復見騰蛇,,門迫
陽2局辛巳,己,坤,震,天冲,傷門,申酉,戊辛,癸,壬,乙,丁,己,庚,丙,乙,丁,己,庚,丙,戊辛,癸,壬,天芮,天柱,天心,天蓬,天任,天冲,天輔,天英,六合,勾陳,朱雀,九地,九天,直符,螣蛇,太陰,傷門,杜門,景門,死門,驚門,開門,休門,生門,△青龍合霊;×白虎猖狂,×白虎猖狂,×螣蛇妖矯,×螣蛇妖矯,×凶蛇入獄,,×日奇被刑,,△星髄月転,,△犬遇青龍;×遊魂入墓,×六儀撃刑格,×反吟大格,,×火入天羅,×丙奇入墓,門迫
陽2局壬午,己,壬,震,天冲,傷門,申酉,庚,丙,戊辛,癸,壬,乙,丁,己,乙,丁,己,庚,丙,戊辛,癸,壬,天輔,天英,天芮,天柱,天心,天蓬,天任,天冲,螣蛇,太陰,六合,勾陳,朱雀,九地,九天,直符,死門,驚門,開門,休門,生門,傷門,杜門,景門,△太白蓬星,,〇星奇朱雀,,×貴人入獄;×入獄自刑,×六儀撃刑格,×太白入網,×六儀撃刑格,×水蛇入火,,×利陰害陽;×青龍逃走,×青龍逃走;×乙奇入墓,×朱雀投江,◯丁奇昇殿;×朱雀投江,×地網高張,,門迫
陽2局癸未,己,兌,震,天冲,傷門,申酉,丙,戊辛,癸,壬,乙,丁,己,庚,乙,丁,己,庚,丙,戊辛,癸,壬,天英,天芮,天柱,天心,天蓬,天任,天冲,天輔,太陰,六合,勾陳,朱雀,九地,九天,直符,螣蛇,休門,生門,傷門,杜門,景門,死門,驚門,開門,〇日月併用,◯丙奇得使,〇青龍耀明;〇獄神得奇,,×華蓋地戸,,×太白擒蛇,×六儀撃刑格,〇奇儀順遂,◯乙奇得使,〇青龍転光;×朱雀入獄,,×地刑玄武,,×金華水流,,反吟
陽2局甲申,庚,巽,巽,天輔,杜門,午未,乙,丁,己,庚,丙,戊辛,癸,壬,乙,丁,己,庚,丙,戊辛,癸,壬,天蓬,天任,天冲,天輔,天英,天芮,天柱,天心,朱雀,九地,九天,直符,螣蛇,太陰,六合,勾陳,休門,生門,傷門,杜門,景門,死門,驚門,開門,△日奇伏吟,◯龍遁,〇奇入太陰,◯丁奇得使;×丁奇入墓,×地戸蓬鬼,,×太白同宮,×伏宮格;×飛宮格,×月奇孛師,◯丙奇昇殿,×伏吟;×青龍折足;×囚獄被傷;×伏吟天庭,,×天網四張,,×蛇入地羅,,伏吟
陽2局乙酉,庚,坎,巽,天輔,杜門,午未,庚,丙,戊辛,癸,壬,乙,丁,己,乙,丁,己,庚,丙,戊辛,癸,壬,天輔,天英,天芮,天柱,天心,天蓬,天任,天冲,直符,螣蛇,太陰,六合,勾陳,朱雀,九地,九天,驚門,開門,休門,生門,傷門,杜門,景門,死門,△太白蓬星,×時格,〇星奇朱雀,,×貴人入獄;×入獄自刑,×六儀撃刑格,×太白入網,×六儀撃刑格,×水蛇入火,,×利陰害陽;×青龍逃走,×青龍逃走;×乙奇入墓,×朱雀投江,◯丁奇昇殿;×朱雀投江,×地網高張,,門迫
陽2局丙戌,庚,離,巽,天輔,杜門,午未,壬,乙,丁,己,庚,丙,戊辛,癸,乙,丁,己,庚,丙,戊辛,癸,壬,天心,天蓬,天任,天冲,天輔,天英,天芮,天柱,勾陳,朱雀,九地,九天,直符,螣蛇,太陰,六合,景門,死門,驚門,開門,休門,生門,傷門,杜門,△格名小蛇,,〇奇儀相佐,,×火入勾陳,,×刑格返名,,×太白入熒,×時格,〇飛鳥跌穴;△謀事成就,◯丙奇得使,△青龍華蓋;×天牢華蓋,,×復見騰蛇,,反吟;門迫
陽2局丁亥,庚,艮,巽,天輔,杜門,午未,己,庚,丙,戊辛,癸,壬,乙,丁,乙,丁,己,庚,丙,戊辛,癸,壬,天冲,天輔,天英,天芮,天柱,天心,天蓬,天任,九天,直符,螣蛇,太陰,六合,勾陳,朱雀,九地,死門,驚門,開門,休門,生門,傷門,杜門,景門,△地戸蓬星,,△丁丁之格,×時格;×六儀撃刑格,△太孛入刑,,×値符飛宮;×白虎出力,,〇華蓋孛師,,〇小蛇化龍;×騰蛇相纏,,△華蓋蓬星,,〇五神互合,,門迫
陽2局戊子,庚,坤,巽,天輔,杜門,午未,癸,壬,乙,丁,己,庚,丙,戊辛,乙,丁,己,庚,丙,戊辛,癸,壬,天柱,天心,天蓬,天任,天冲,天輔,天英,天芮,六合,勾陳,朱雀,九地,九天,直符,螣蛇,太陰,傷門,杜門,景門,死門,驚門,開門,休門,生門,△華蓋蓬星,,△干合蛇刑,,×日奇入霧,◯乙奇昇殿,△朱雀入没,◯丁奇得使,×火孛地戸,,×太白伏宮;×白虎干格,×時格,×華蓋孛師,,×龍入天牢;×凶蛇入獄,,門迫
陽2局己丑,庚,震,巽,天輔,杜門,午未,丁,己,庚,丙,戊辛,癸,壬,乙,乙,丁,己,庚,丙,戊辛,癸,壬,天任,天冲,天輔,天英,天芮,天柱,天心,天蓬,九地,九天,直符,螣蛇,太陰,六合,勾陳,朱雀,開門,休門,生門,傷門,杜門,景門,死門,驚門,〇人遁吉格,,△朱雀入墓,,×官符刑格,×刑格;×時格,×焚入太白,,〇青龍返首;×干合孛師,×六儀撃刑格,〇天乙会合;×網蓋天牢,,×幼女奸淫,,×日奇入地,◯乙奇得使,
陽2局庚寅,庚,巽,巽,天輔,杜門,午未,乙,丁,己,庚,丙,戊辛,癸,壬,乙,丁,己,庚,丙,戊辛,癸,壬,天蓬,天任,天冲,天輔,天英,天芮,天柱,天心,朱雀,九地,九天,直符,螣蛇,太陰,六合,勾陳,杜門,景門,死門,驚門,開門,休門,生門,傷門,△日奇伏吟,,〇奇入太陰,◯丁奇得使;×丁奇入墓,×地戸蓬鬼,,×太白同宮,×伏宮格;×飛宮格;×時格,×月奇孛師,◯丙奇昇殿,×伏吟;×青龍折足;×囚獄被傷;×伏吟天庭,,×天網四張,,×蛇入地羅,,伏吟;門迫
陽2局辛卯,庚,坤,巽,天輔,杜門,午未,癸,壬,乙,丁,己,庚,丙,戊辛,乙,丁,己,庚,丙,戊辛,癸,壬,天柱,天心,天蓬,天任,天冲,天輔,天英,天芮,六合,勾陳,朱雀,九地,九天,直符,螣蛇,太陰,驚門,開門,休門,生門,傷門,杜門,景門,死門,△華蓋蓬星,,△干合蛇刑,,×日奇入霧,◯乙奇昇殿,△朱雀入没,◯丁奇得使,×火孛地戸,,×太白伏宮;×白虎干格,×時格,×華蓋孛師,,×龍入天牢;×凶蛇入獄,,門迫
陽2局壬辰,庚,壬,巽,天輔,杜門,午未,丙,戊辛,癸,壬,乙,丁,己,庚,乙,丁,己,庚,丙,戊辛,癸,壬,天英,天芮,天柱,天心,天蓬,天任,天冲,天輔,螣蛇,太陰,六合,勾陳,朱雀,九地,九天,直符,生門,傷門,杜門,景門,死門,驚門,開門,休門,〇日月併用,◯丙奇得使,〇青龍耀明;〇獄神得奇,,×華蓋地戸,,×太白擒蛇,×六儀撃刑格,〇奇儀順遂,◯乙奇得使,〇青龍転光;×朱雀入獄,,×地刑玄武,,×金華水流,×時格,反吟;門迫
陽2局癸巳,庚,兌,巽,天輔,杜門,午未,戊辛,癸,壬,乙,丁,己,庚,丙,乙,丁,己,庚,丙,戊辛,癸,壬,天芮,天柱,天心,天蓬,天任,天冲,天輔,天英,太陰,六合,勾陳,朱雀,九地,九天,直符,螣蛇,休門,生門,傷門,杜門,景門,死門,驚門,開門,△青龍合霊;×白虎猖狂,×白虎猖狂,×螣蛇妖矯,×螣蛇妖矯,×凶蛇入獄,,×日奇被刑,,△星髄月転,,△犬遇青龍;×遊魂入墓,×六儀撃刑格,×反吟大格,×時格,×火入天羅,×丙奇入墓,
陽2局甲午,辛,坤,坤,天芮,死門,辰巳,乙,丁,己,庚,丙,戊辛,癸,壬,乙,丁,己,庚,丙,戊辛,癸,壬,天蓬,天任,天冲,天輔,天英,天芮,天柱,天心,六合,勾陳,朱雀,九地,九天,直符,螣蛇,太陰,休門,生門,傷門,杜門,景門,死門,驚門,開門,△日奇伏吟,◯龍遁,〇奇入太陰,◯丁奇得使;×丁奇入墓,×地戸蓬鬼,,×太白同宮,,×月奇孛師,◯丙奇昇殿,×伏吟;×青龍折足;×囚獄被傷;×伏吟天庭,,×天網四張,,×蛇入地羅,,伏吟
陽2局乙未,辛,坎,坤,天芮,死門,辰巳,戊辛,癸,壬,乙,丁,己,庚,丙,乙,丁,己,庚,丙,戊辛,癸,壬,天芮,天柱,天心,天蓬,天任,天冲,天輔,天英,直符,螣蛇,太陰,六合,勾陳,朱雀,九地,九天,驚門,開門,休門,生門,傷門,杜門,景門,死門,△青龍合霊;×白虎猖狂,×白虎猖狂,×螣蛇妖矯,×螣蛇妖矯,×凶蛇入獄,,×日奇被刑,◯風遁,△星髄月転,,△犬遇青龍;×遊魂入墓,×六儀撃刑格,×反吟大格,,×火入天羅,×丙奇入墓,門迫
陽2局丙申,辛,離,坤,天芮,死門,辰巳,丁,己,庚,丙,戊辛,癸,壬,乙,乙,丁,己,庚,丙,戊辛,癸,壬,天任,天冲,天輔,天英,天芮,天柱,天心,天蓬,勾陳,朱雀,九地,九天,直符,螣蛇,太陰,六合,開門,休門,生門,傷門,杜門,景門,死門,驚門,〇人遁吉格,,△朱雀入墓,,×官符刑格,×刑格,×焚入太白,,〇青龍返首;×干合孛師,×六儀撃刑格,〇天乙会合;×網蓋天牢,,×幼女奸淫,,×日奇入地,◯乙奇得使,
陽2局丁酉,辛,艮,坤,天芮,死門,辰巳,丙,戊辛,癸,壬,乙,丁,己,庚,乙,丁,己,庚,丙,戊辛,癸,壬,天英,天芮,天柱,天心,天蓬,天任,天冲,天輔,九天,直符,螣蛇,太陰,六合,勾陳,朱雀,九地,景門,死門,驚門,開門,休門,生門,傷門,杜門,〇日月併用,◯丙奇得使,〇青龍耀明;〇獄神得奇,,×華蓋地戸,,×太白擒蛇,×六儀撃刑格,〇奇儀順遂,◯乙奇得使,〇青龍転光;×朱雀入獄,,×地刑玄武,,×金華水流,,反吟;門迫
陽2局戊戌,辛,坤,坤,天芮,死門,辰巳,乙,丁,己,庚,丙,戊辛,癸,壬,乙,丁,己,庚,丙,戊辛,癸,壬,天蓬,天任,天冲,天輔,天英,天芮,天柱,天心,六合,勾陳,朱雀,九地,九天,直符,螣蛇,太陰,生門,傷門,杜門,景門,死門,驚門,開門,休門,△日奇伏吟,,〇奇入太陰,◯丁奇得使;×丁奇入墓,×地戸蓬鬼,,×太白同宮,,×月奇孛師,◯丙奇昇殿,×伏吟;×青龍折足;×囚獄被傷;×伏吟天庭,,×天網四張,,×蛇入地羅,,伏吟;門迫
陽2局己亥,辛,震,坤,天芮,死門,辰巳,庚,丙,戊辛,癸,壬,乙,丁,己,乙,丁,己,庚,丙,戊辛,癸,壬,天輔,天英,天芮,天柱,天心,天蓬,天任,天冲,九地,九天,直符,螣蛇,太陰,六合,勾陳,朱雀,死門,驚門,開門,休門,生門,傷門,杜門,景門,△太白蓬星,,〇星奇朱雀,,×貴人入獄;×入獄自刑,×六儀撃刑格,×太白入網,×六儀撃刑格,×水蛇入火,,×利陰害陽;×青龍逃走,×青龍逃走;×乙奇入墓,×朱雀投江,◯丁奇昇殿;×朱雀投江,×地網高張,,門迫
陽2局庚子,辛,巽,坤,天芮,死門,辰巳,己,庚,丙,戊辛,癸,壬,乙,丁,乙,丁,己,庚,丙,戊辛,癸,壬,天冲,天輔,天英,天芮,天柱,天心,天蓬,天任,朱雀,九地,九天,直符,螣蛇,太陰,六合,勾陳,休門,生門,傷門,杜門,景門,死門,驚門,開門,△地戸蓬星,,△丁丁之格,×六儀撃刑格,△太孛入刑,,×値符飛宮;×白虎出力,×飛宮格,〇華蓋孛師,,〇小蛇化龍;×騰蛇相纏,,△華蓋蓬星,,〇五神互合,,
陽2局辛丑,辛,坤,坤,天芮,死門,辰巳,乙,丁,己,庚,丙,戊辛,癸,壬,乙,丁,己,庚,丙,戊辛,癸,壬,天蓬,天任,天冲,天輔,天英,天芮,天柱,天心,六合,勾陳,朱雀,九地,九天,直符,螣蛇,太陰,杜門,景門,死門,驚門,開門,休門,生門,傷門,△日奇伏吟,,〇奇入太陰,◯丁奇得使;×丁奇入墓,×地戸蓬鬼,,×太白同宮,,×月奇孛師,◯丙奇昇殿,×伏吟;×青龍折足;×囚獄被傷;×伏吟天庭,,×天網四張,,×蛇入地羅,,伏吟;門迫
陽2局壬寅,辛,乾,坤,天芮,死門,辰巳,癸,壬,乙,丁,己,庚,丙,戊辛,乙,丁,己,庚,丙,戊辛,癸,壬,天柱,天心,天蓬,天任,天冲,天輔,天英,天芮,螣蛇,太陰,六合,勾陳,朱雀,九地,九天,直符,傷門,杜門,景門,死門,驚門,開門,休門,生門,△華蓋蓬星,,△干合蛇刑,,×日奇入霧,◯乙奇昇殿,△朱雀入没,◯丁奇得使;◯玉女守門,×火孛地戸,,×太白伏宮;×白虎干格,×伏宮格,×華蓋孛師,,×龍入天牢;×凶蛇入獄,,門迫
陽2局癸卯,辛,兌,坤,天芮,死門,辰巳,壬,乙,丁,己,庚,丙,戊辛,癸,乙,丁,己,庚,丙,戊辛,癸,壬,天心,天蓬,天任,天冲,天輔,天英,天芮,天柱,太陰,六合,勾陳,朱雀,九地,九天,直符,螣蛇,休門,生門,傷門,杜門,景門,死門,驚門,開門,△格名小蛇,,〇奇儀相佐,,×火入勾陳,,×刑格返名,,×太白入熒,,〇飛鳥跌穴;△謀事成就,◯丙奇得使,△青龍華蓋;×天牢華蓋,,×復見騰蛇,,
陽2局甲辰,壬,壬,乾,天心,開門,寅卯,乙,丁,己,庚,丙,戊辛,癸,壬,乙,丁,己,庚,丙,戊辛,癸,壬,天蓬,天任,天冲,天輔,天英,天芮,天柱,天心,螣蛇,太陰,六合,勾陳,朱雀,九地,九天,直符,休門,生門,傷門,杜門,景門,死門,驚門,開門,△日奇伏吟,◯龍遁,〇奇入太陰,◯丁奇得使;×丁奇入墓,×地戸蓬鬼,,×太白同宮,,×月奇孛師,◯丙奇昇殿,×伏吟;×青龍折足;×囚獄被傷;×伏吟天庭,,×天網四張,,×蛇入地羅,,伏吟
陽2局乙巳,壬,坎,乾,天心,開門,寅卯,壬,乙,丁,己,庚,丙,戊辛,癸,乙,丁,己,庚,丙,戊辛,癸,壬,天心,天蓬,天任,天冲,天輔,天英,天芮,天柱,直符,螣蛇,太陰,六合,勾陳,朱雀,九地,九天,生門,傷門,杜門,景門,死門,驚門,開門,休門,△格名小蛇,×地網,〇奇儀相佐,,×火入勾陳,,×刑格返名,,×太白入熒,,〇飛鳥跌穴;△謀事成就,◯丙奇得使,△青龍華蓋;×天牢華蓋,,×復見騰蛇,,門迫
陽2局丙午,壬,離,乾,天心,開門,寅卯,庚,丙,戊辛,癸,壬,乙,丁,己,乙,丁,己,庚,丙,戊辛,癸,壬,天輔,天英,天芮,天柱,天心,天蓬,天任,天冲,勾陳,朱雀,九地,九天,直符,螣蛇,太陰,六合,驚門,開門,休門,生門,傷門,杜門,景門,死門,△太白蓬星,,〇星奇朱雀,,×貴人入獄;×入獄自刑,×六儀撃刑格,×太白入網,×六儀撃刑格,×水蛇入火,×地網,×利陰害陽;×青龍逃走,×青龍逃走;×乙奇入墓,×朱雀投江,◯丁奇昇殿;×朱雀投江,×地網高張,,門迫
陽2局丁未,壬,艮,乾,天心,開門,寅卯,癸,壬,乙,丁,己,庚,丙,戊辛,乙,丁,己,庚,丙,戊辛,癸,壬,天柱,天心,天蓬,天任,天冲,天輔,天英,天芮,九天,直符,螣蛇,太陰,六合,勾陳,朱雀,九地,杜門,景門,死門,驚門,開門,休門,生門,傷門,△華蓋蓬星,,△干合蛇刑,×地網,×日奇入霧,◯乙奇昇殿,△朱雀入没,◯丁奇得使,×火孛地戸,,×太白伏宮;×白虎干格,,×華蓋孛師,,×龍入天牢;×凶蛇入獄,,門迫
陽2局戊申,壬,坤,乾,天心,開門,寅卯,己,庚,丙,戊辛,癸,壬,乙,丁,乙,丁,己,庚,丙,戊辛,癸,壬,天冲,天輔,天英,天芮,天柱,天心,天蓬,天任,六合,勾陳,朱雀,九地,九天,直符,螣蛇,太陰,開門,休門,生門,傷門,杜門,景門,死門,驚門,△地戸蓬星,,△丁丁之格,×六儀撃刑格,△太孛入刑,,×値符飛宮;×白虎出力,,〇華蓋孛師,,〇小蛇化龍;×騰蛇相纏,×地網,△華蓋蓬星,,〇五神互合,,
陽2局己酉,壬,震,乾,天心,開門,寅卯,戊辛,癸,壬,乙,丁,己,庚,丙,乙,丁,己,庚,丙,戊辛,癸,壬,天芮,天柱,天心,天蓬,天任,天冲,天輔,天英,九地,九天,直符,螣蛇,太陰,六合,勾陳,朱雀,傷門,杜門,景門,死門,驚門,開門,休門,生門,△青龍合霊;×白虎猖狂,×白虎猖狂,×螣蛇妖矯,×螣蛇妖矯,×凶蛇入獄,×地網,×日奇被刑,,△星髄月転,,△犬遇青龍;×遊魂入墓,×六儀撃刑格,×反吟大格,,×火入天羅,×丙奇入墓,門迫
陽2局庚戌,壬,巽,乾,天心,開門,寅卯,丙,戊辛,癸,壬,乙,丁,己,庚,乙,丁,己,庚,丙,戊辛,癸,壬,天英,天芮,天柱,天心,天蓬,天任,天冲,天輔,朱雀,九地,九天,直符,螣蛇,太陰,六合,勾陳,死門,驚門,開門,休門,生門,傷門,杜門,景門,〇日月併用,◯丙奇得使,〇青龍耀明;〇獄神得奇,,×華蓋地戸,,×太白擒蛇,×飛宮格;×地網;×六儀撃刑格,〇奇儀順遂,◯乙奇得使,〇青龍転光;×朱雀入獄,,×地刑玄武,,×金華水流,×伏宮格,反吟;門迫
陽2局辛亥,壬,坤,乾,天心,開門,寅卯,己,庚,丙,戊辛,癸,壬,乙,丁,乙,丁,己,庚,丙,戊辛,癸,壬,天冲,天輔,天英,天芮,天柱,天心,天蓬,天任,六合,勾陳,朱雀,九地,九天,直符,螣蛇,太陰,景門,死門,驚門,開門,休門,生門,傷門,杜門,△地戸蓬星,,△丁丁之格,×六儀撃刑格,△太孛入刑,,×値符飛宮;×白虎出力,,〇華蓋孛師,,〇小蛇化龍;×騰蛇相纏,×地網,△華蓋蓬星,,〇五神互合,,反吟;門迫
陽2局壬子,壬,壬,乾,天心,開門,寅卯,乙,丁,己,庚,丙,戊辛,癸,壬,乙,丁,己,庚,丙,戊辛,癸,壬,天蓬,天任,天冲,天輔,天英,天芮,天柱,天心,螣蛇,太陰,六合,勾陳,朱雀,九地,九天,直符,傷門,杜門,景門,死門,驚門,開門,休門,生門,△日奇伏吟,,〇奇入太陰,◯丁奇得使;×丁奇入墓,×地戸蓬鬼,,×太白同宮,,×月奇孛師,◯丙奇昇殿,×伏吟;×青龍折足;×囚獄被傷;×伏吟天庭,,×天網四張,,×蛇入地羅,×地網,伏吟;門迫
陽2局癸丑,壬,兌,乾,天心,開門,寅卯,丁,己,庚,丙,戊辛,癸,壬,乙,乙,丁,己,庚,丙,戊辛,癸,壬,天任,天冲,天輔,天英,天芮,天柱,天心,天蓬,太陰,六合,勾陳,朱雀,九地,九天,直符,螣蛇,休門,生門,傷門,杜門,景門,死門,驚門,開門,〇人遁吉格,◯人遁,△朱雀入墓,,×官符刑格,×刑格,×焚入太白,,〇青龍返首;×干合孛師,×六儀撃刑格,〇天乙会合;×網蓋天牢,,×幼女奸淫,×地網,×日奇入地,◯乙奇得使,
陽2局甲寅,癸,兌,兌,天柱,驚門,子丑,乙,丁,己,庚,丙,戊辛,癸,壬,乙,丁,己,庚,丙,戊辛,癸,壬,天蓬,天任,天冲,天輔,天英,天芮,天柱,天心,太陰,六合,勾陳,朱雀,九地,九天,直符,螣蛇,休門,生門,傷門,杜門,景門,死門,驚門,開門,△日奇伏吟,◯龍遁,〇奇入太陰,◯丁奇得使;×丁奇入墓,×地戸蓬鬼,,×太白同宮,,×月奇孛師,◯丙奇昇殿,×伏吟;×青龍折足;×囚獄被傷;×伏吟天庭,,×天網四張,,×蛇入地羅,,伏吟
陽2局乙卯,癸,坎,兌,天柱,驚門,子丑,癸,壬,乙,丁,己,庚,丙,戊辛,乙,丁,己,庚,丙,戊辛,癸,壬,天柱,天心,天蓬,天任,天冲,天輔,天英,天芮,直符,螣蛇,太陰,六合,勾陳,朱雀,九地,九天,死門,驚門,開門,休門,生門,傷門,杜門,景門,△華蓋蓬星,×天羅,△干合蛇刑,,×日奇入霧,◯地遁;◯乙奇昇殿,△朱雀入没,◯丁奇得使,×火孛地戸,,×太白伏宮;×白虎干格,,×華蓋孛師,,×龍入天牢;×凶蛇入獄,,門迫
陽2局丙辰,癸,離,兌,天柱,驚門,子丑,己,庚,丙,戊辛,癸,壬,乙,丁,乙,丁,己,庚,丙,戊辛,癸,壬,天冲,天輔,天英,天芮,天柱,天心,天蓬,天任,勾陳,朱雀,九地,九天,直符,螣蛇,太陰,六合,傷門,杜門,景門,死門,驚門,開門,休門,生門,△地戸蓬星,,△丁丁之格,×六儀撃刑格,△太孛入刑,,×値符飛宮;×白虎出力,,〇華蓋孛師,×天羅,〇小蛇化龍;×騰蛇相纏,,△華蓋蓬星,,〇五神互合,,門迫
陽2局丁巳,癸,艮,兌,天柱,驚門,子丑,戊辛,癸,壬,乙,丁,己,庚,丙,乙,丁,己,庚,丙,戊辛,癸,壬,天芮,天柱,天心,天蓬,天任,天冲,天輔,天英,九天,直符,螣蛇,太陰,六合,勾陳,朱雀,九地,驚門,開門,休門,生門,傷門,杜門,景門,死門,△青龍合霊;×白虎猖狂,×白虎猖狂,×螣蛇妖矯,×螣蛇妖矯;×天羅,×凶蛇入獄,,×日奇被刑,◯風遁,△星髄月転,,△犬遇青龍;×遊魂入墓,×六儀撃刑格,×反吟大格,×伏宮格,×火入天羅,×丙奇入墓,門迫
陽2局戊午,癸,坤,兌,天柱,驚門,子丑,丁,己,庚,丙,戊辛,癸,壬,乙,乙,丁,己,庚,丙,戊辛,癸,壬,天任,天冲,天輔,天英,天芮,天柱,天心,天蓬,六合,勾陳,朱雀,九地,九天,直符,螣蛇,太陰,生門,傷門,杜門,景門,死門,驚門,開門,休門,〇人遁吉格,,△朱雀入墓,,×官符刑格,×刑格,×焚入太白,,〇青龍返首;×干合孛師,×六儀撃刑格,〇天乙会合;×網蓋天牢,×天羅,×幼女奸淫,,×日奇入地,◯乙奇得使,門迫
陽2局己未,癸,震,兌,天柱,驚門,子丑,丙,戊辛,癸,壬,乙,丁,己,庚,乙,丁,己,庚,丙,戊辛,癸,壬,天英,天芮,天柱,天心,天蓬,天任,天冲,天輔,九地,九天,直符,螣蛇,太陰,六合,勾陳,朱雀,景門,死門,驚門,開門,休門,生門,傷門,杜門,〇日月併用,◯丙奇得使,〇青龍耀明;〇獄神得奇,,×華蓋地戸,×天羅,×太白擒蛇,×六儀撃刑格,〇奇儀順遂,◯乙奇得使,〇青龍転光;×朱雀入獄,,×地刑玄武,,×金華水流,,反吟;門迫
陽2局庚申,癸,巽,兌,天柱,驚門,子丑,庚,丙,戊辛,癸,壬,乙,丁,己,乙,丁,己,庚,丙,戊辛,癸,壬,天輔,天英,天芮,天柱,天心,天蓬,天任,天冲,朱雀,九地,九天,直符,螣蛇,太陰,六合,勾陳,杜門,景門,死門,驚門,開門,休門,生門,傷門,△太白蓬星,,〇星奇朱雀,,×貴人入獄;×入獄自刑,×六儀撃刑格,×太白入網,×飛宮格;×天羅;×六儀撃刑格,×水蛇入火,,×利陰害陽;×青龍逃走,◯雲遁;×青龍逃走;×乙奇入墓,×朱雀投江,◯丁奇昇殿;×朱雀投江,×地網高張,,門迫
陽2局辛酉,癸,坤,兌,天柱,驚門,子丑,丁,己,庚,丙,戊辛,癸,壬,乙,乙,丁,己,庚,丙,戊辛,癸,壬,天任,天冲,天輔,天英,天芮,天柱,天心,天蓬,六合,勾陳,朱雀,九地,九天,直符,螣蛇,太陰,生門,傷門,杜門,景門,死門,驚門,開門,休門,〇人遁吉格,,△朱雀入墓,,×官符刑格,×刑格,×焚入太白,,〇青龍返首;×干合孛師,×六儀撃刑格,〇天乙会合;×網蓋天牢,×天羅,×幼女奸淫,,×日奇入地,◯乙奇得使,門迫
陽2局壬戌,癸,壬,兌,天柱,驚門,子丑,壬,乙,丁,己,庚,丙,戊辛,癸,乙,丁,己,庚,丙,戊辛,癸,壬,天心,天蓬,天任,天冲,天輔,天英,天芮,天柱,螣蛇,太陰,六合,勾陳,朱雀,九地,九天,直符,開門,休門,生門,傷門,杜門,景門,死門,驚門,△格名小蛇,,〇奇儀相佐,,×火入勾陳,,×刑格返名,,×太白入熒,,〇飛鳥跌穴;△謀事成就,◯丙奇得使,△青龍華蓋;×天牢華蓋,,×復見騰蛇,×天羅,
陽2局癸亥,癸,兌,兌,天柱,驚門,子丑,乙,丁,己,庚,丙,戊辛,癸,壬,乙,丁,己,庚,丙,戊辛,癸,壬,天蓬,天任,天冲,天輔,天英,天芮,天柱,天心,太陰,六合,勾陳,朱雀,九地,九天,直符,螣蛇,休門,生門,傷門,杜門,景門,死門,驚門,開門,△日奇伏吟,◯龍遁,〇奇入太陰,◯丁奇得使;×丁奇入墓,×地戸蓬鬼,,×太白同宮,,×月奇孛師,◯丙奇昇殿,×伏吟;×青龍折足;×囚獄被傷;×伏吟天庭,,×天網四張,×天羅,×蛇入地羅,,伏吟
陽3局甲子,戊,震,震,天冲,傷門,戌亥,丙,癸,戊,己,丁,乙庚,壬,辛,丙,癸,戊,己,丁,乙庚,壬,辛,天蓬,天任,天冲,天輔,天英,天芮,天柱,天心,九地,九天,直符,螣蛇,太陰,六合,勾陳,朱雀,休門,生門,傷門,杜門,景門,死門,驚門,開門,×月奇孛師,◯丙奇得使,×天網四張,,×伏吟,×六儀撃刑格,×地戸蓬鬼,,〇奇入太陰,,△日奇伏吟;×日奇被刑;△太白蓬星;×太白同宮,×乙奇入墓,×蛇入地羅,,×伏吟天庭,,伏吟
陽3局乙丑,戊,坤,震,天冲,傷門,戌亥,乙庚,壬,辛,丙,癸,戊,己,丁,丙,癸,戊,己,丁,乙庚,壬,辛,天芮,天柱,天心,天蓬,天任,天冲,天輔,天英,六合,勾陳,朱雀,九地,九天,直符,螣蛇,太陰,開門,休門,生門,傷門,杜門,景門,死門,驚門,〇奇儀順遂;×太白入熒,,×幼女奸淫,,×囚獄被傷,,△太孛入刑,,×螣蛇妖矯,×螣蛇妖矯,△青龍合霊;×値符飛宮,×飛宮格,×地網高張,,×朱雀入獄,,
陽3局丙寅,戊,坎,震,天冲,傷門,戌亥,戊,己,丁,乙庚,壬,辛,丙,癸,丙,癸,戊,己,丁,乙庚,壬,辛,天冲,天輔,天英,天芮,天柱,天心,天蓬,天任,直符,螣蛇,太陰,六合,勾陳,朱雀,九地,九天,死門,驚門,開門,休門,生門,傷門,杜門,景門,〇青龍返首,,×地刑玄武,,〇青龍転光,,×日奇入霧;×官符刑格,◯風遁;×刑格,△干合蛇刑,,×白虎猖狂;×白虎出力,×白虎猖狂,×火入天羅,,×網蓋天牢,,門迫
陽3局丁卯,戊,離,震,天冲,傷門,戌亥,壬,辛,丙,癸,戊,己,丁,乙庚,丙,癸,戊,己,丁,乙庚,壬,辛,天柱,天心,天蓬,天任,天冲,天輔,天英,天芮,勾陳,朱雀,九地,九天,直符,螣蛇,太陰,六合,杜門,景門,死門,驚門,開門,休門,生門,傷門,×水蛇入火,,×天牢華蓋,,〇飛鳥跌穴,,×華蓋地戸,×六儀撃刑格,〇青龍耀明,,△地戸蓬星;×刑格返名,×六儀撃刑格,〇五神互合,◯丁奇昇殿,×青龍逃走;×白虎干格,◯乙奇得使;×青龍逃走,門迫
陽3局戊辰,戊,震,震,天冲,傷門,戌亥,丙,癸,戊,己,丁,乙庚,壬,辛,丙,癸,戊,己,丁,乙庚,壬,辛,天蓬,天任,天冲,天輔,天英,天芮,天柱,天心,九地,九天,直符,螣蛇,太陰,六合,勾陳,朱雀,景門,死門,驚門,開門,休門,生門,傷門,杜門,×月奇孛師,◯丙奇得使,×天網四張,,×伏吟,×六儀撃刑格,×地戸蓬鬼,,〇奇入太陰,◯人遁,△日奇伏吟;×日奇被刑;△太白蓬星;×太白同宮,×乙奇入墓,×蛇入地羅,,×伏吟天庭,,伏吟;反吟;門迫
陽3局己巳,戊,巽,震,天冲,傷門,戌亥,辛,丙,癸,戊,己,丁,乙庚,壬,丙,癸,戊,己,丁,乙庚,壬,辛,天心,天蓬,天任,天冲,天輔,天英,天芮,天柱,朱雀,九地,九天,直符,螣蛇,太陰,六合,勾陳,生門,傷門,杜門,景門,死門,驚門,開門,休門,×干合孛師,,×華蓋孛師,,〇天乙会合,,×貴人入獄,,△朱雀入墓,,〇人遁吉格;△朱雀入没,,×日奇入地;×金華水流,,×騰蛇相纏,,門迫
陽3局庚午,戊,坤,震,天冲,傷門,戌亥,乙庚,壬,辛,丙,癸,戊,己,丁,丙,癸,戊,己,丁,乙庚,壬,辛,天芮,天柱,天心,天蓬,天任,天冲,天輔,天英,六合,勾陳,朱雀,九地,九天,直符,螣蛇,太陰,驚門,開門,休門,生門,傷門,杜門,景門,死門,〇奇儀順遂;×太白入熒,,×幼女奸淫,,×囚獄被傷,,△太孛入刑,,×螣蛇妖矯,×螣蛇妖矯,△青龍合霊;×値符飛宮,×飛宮格,×地網高張,,×朱雀入獄,,門迫
陽3局辛未,戊,壬,震,天冲,傷門,戌亥,己,丁,乙庚,壬,辛,丙,癸,戊,丙,癸,戊,己,丁,乙庚,壬,辛,天輔,天英,天芮,天柱,天心,天蓬,天任,天冲,螣蛇,太陰,六合,勾陳,朱雀,九地,九天,直符,傷門,杜門,景門,死門,驚門,開門,休門,生門,×火孛地戸,,×朱雀投江,◯丁奇得使;×朱雀投江;×丁奇入墓,×利陰害陽;×太白伏宮,◯乙奇昇殿;×伏宮格,×凶蛇入獄,×六儀撃刑格,〇獄神得奇,×六儀撃刑格,〇日月併用;×焚入太白,◯丙奇得使,×復見騰蛇,,×青龍折足,,門迫
陽3局壬申,戊,兌,震,天冲,傷門,戌亥,丁,乙庚,壬,辛,丙,癸,戊,己,丙,癸,戊,己,丁,乙庚,壬,辛,天英,天芮,天柱,天心,天蓬,天任,天冲,天輔,太陰,六合,勾陳,朱雀,九地,九天,直符,螣蛇,死門,驚門,開門,休門,生門,傷門,杜門,景門,△星髄月転,,△華蓋蓬星;×反吟大格,×六儀撃刑格,〇小蛇化龍,,×入獄自刑,,〇星奇朱雀,◯天遁;◯丙奇昇殿,△華蓋蓬星;×太白入網,,×龍入天牢,,×遊魂入墓,,反吟;門迫
陽3局癸酉,戊,艮,震,天冲,傷門,戌亥,癸,戊,己,丁,乙庚,壬,辛,丙,丙,癸,戊,己,丁,乙庚,壬,辛,天任,天冲,天輔,天英,天芮,天柱,天心,天蓬,九天,直符,螣蛇,太陰,六合,勾陳,朱雀,九地,休門,生門,傷門,杜門,景門,死門,驚門,開門,〇華蓋孛師,,△青龍華蓋,,△犬遇青龍,,×火入勾陳,◯丁奇得使,〇奇儀相佐;△丁丁之格,◯乙奇得使,△格名小蛇;×太白擒蛇,,×凶蛇入獄,,△謀事成就,×丙奇入墓,
陽3局甲戌,己,巽,巽,天輔,杜門,申酉,丙,癸,戊,己,丁,乙庚,壬,辛,丙,癸,戊,己,丁,乙庚,壬,辛,天蓬,天任,天冲,天輔,天英,天芮,天柱,天心,朱雀,九地,九天,直符,螣蛇,太陰,六合,勾陳,休門,生門,傷門,杜門,景門,死門,驚門,開門,×月奇孛師,◯丙奇得使,×天網四張,,×伏吟,×六儀撃刑格,×地戸蓬鬼,,〇奇入太陰,,△日奇伏吟;×日奇被刑;△太白蓬星;×太白同宮,×乙奇入墓,×蛇入地羅,,×伏吟天庭,,伏吟
陽3局乙亥,己,坤,巽,天輔,杜門,申酉,壬,辛,丙,癸,戊,己,丁,乙庚,丙,癸,戊,己,丁,乙庚,壬,辛,天柱,天心,天蓬,天任,天冲,天輔,天英,天芮,六合,勾陳,朱雀,九地,九天,直符,螣蛇,太陰,驚門,開門,休門,生門,傷門,杜門,景門,死門,×水蛇入火,,×天牢華蓋,,〇飛鳥跌穴,,×華蓋地戸,×六儀撃刑格,〇青龍耀明,,△地戸蓬星;×刑格返名,×飛宮格;×六儀撃刑格,〇五神互合,◯丁奇昇殿,×青龍逃走;×白虎干格,◯乙奇得使;×青龍逃走,門迫
陽3局丙子,己,坎,巽,天輔,杜門,申酉,己,丁,乙庚,壬,辛,丙,癸,戊,丙,癸,戊,己,丁,乙庚,壬,辛,天輔,天英,天芮,天柱,天心,天蓬,天任,天冲,直符,螣蛇,太陰,六合,勾陳,朱雀,九地,九天,景門,死門,驚門,開門,休門,生門,傷門,杜門,×火孛地戸,,×朱雀投江,◯丁奇得使;×朱雀投江;×丁奇入墓,×利陰害陽;×太白伏宮,◯乙奇昇殿,×凶蛇入獄,×六儀撃刑格,〇獄神得奇,×六儀撃刑格,〇日月併用;×焚入太白,◯丙奇得使,×復見騰蛇,,×青龍折足,,反吟;門迫
陽3局丁丑,己,離,巽,天輔,杜門,申酉,辛,丙,癸,戊,己,丁,乙庚,壬,丙,癸,戊,己,丁,乙庚,壬,辛,天心,天蓬,天任,天冲,天輔,天英,天芮,天柱,勾陳,朱雀,九地,九天,直符,螣蛇,太陰,六合,死門,驚門,開門,休門,生門,傷門,杜門,景門,×干合孛師,,×華蓋孛師,,〇天乙会合,,×貴人入獄,,△朱雀入墓,,〇人遁吉格;△朱雀入没,,×日奇入地;×金華水流,,×騰蛇相纏,,門迫
陽3局戊寅,己,震,巽,天輔,杜門,申酉,癸,戊,己,丁,乙庚,壬,辛,丙,丙,癸,戊,己,丁,乙庚,壬,辛,天任,天冲,天輔,天英,天芮,天柱,天心,天蓬,九地,九天,直符,螣蛇,太陰,六合,勾陳,朱雀,傷門,杜門,景門,死門,驚門,開門,休門,生門,〇華蓋孛師,,△青龍華蓋,,△犬遇青龍,,×火入勾陳,◯丁奇得使,〇奇儀相佐;△丁丁之格,◯乙奇得使,△格名小蛇;×太白擒蛇,,×凶蛇入獄,,△謀事成就,×丙奇入墓,門迫
陽3局己卯,己,巽,巽,天輔,杜門,申酉,丙,癸,戊,己,丁,乙庚,壬,辛,丙,癸,戊,己,丁,乙庚,壬,辛,天蓬,天任,天冲,天輔,天英,天芮,天柱,天心,朱雀,九地,九天,直符,螣蛇,太陰,六合,勾陳,開門,休門,生門,傷門,杜門,景門,死門,驚門,×月奇孛師,◯丙奇得使,×天網四張,,×伏吟,×六儀撃刑格,×地戸蓬鬼,,〇奇入太陰,◯玉女守門,△日奇伏吟;×日奇被刑;△太白蓬星;×太白同宮,×乙奇入墓,×蛇入地羅,,×伏吟天庭,,伏吟
陽3局庚辰,己,坤,巽,天輔,杜門,申酉,壬,辛,丙,癸,戊,己,丁,乙庚,丙,癸,戊,己,丁,乙庚,壬,辛,天柱,天心,天蓬,天任,天冲,天輔,天英,天芮,六合,勾陳,朱雀,九地,九天,直符,螣蛇,太陰,杜門,景門,死門,驚門,開門,休門,生門,傷門,×水蛇入火,,×天牢華蓋,,〇飛鳥跌穴,,×華蓋地戸,×六儀撃刑格,〇青龍耀明,,△地戸蓬星;×刑格返名,×飛宮格;×六儀撃刑格,〇五神互合,◯丁奇昇殿,×青龍逃走;×白虎干格,◯乙奇得使;×青龍逃走,門迫
陽3局辛巳,己,壬,巽,天輔,杜門,申酉,丁,乙庚,壬,辛,丙,癸,戊,己,丙,癸,戊,己,丁,乙庚,壬,辛,天英,天芮,天柱,天心,天蓬,天任,天冲,天輔,螣蛇,太陰,六合,勾陳,朱雀,九地,九天,直符,驚門,開門,休門,生門,傷門,杜門,景門,死門,△星髄月転,,△華蓋蓬星;×反吟大格,×六儀撃刑格,〇小蛇化龍,,×入獄自刑,,〇星奇朱雀,◯丙奇昇殿,△華蓋蓬星;×太白入網,,×龍入天牢,,×遊魂入墓,,反吟;門迫
陽3局壬午,己,兌,巽,天輔,杜門,申酉,乙庚,壬,辛,丙,癸,戊,己,丁,丙,癸,戊,己,丁,乙庚,壬,辛,天芮,天柱,天心,天蓬,天任,天冲,天輔,天英,太陰,六合,勾陳,朱雀,九地,九天,直符,螣蛇,生門,傷門,杜門,景門,死門,驚門,開門,休門,〇奇儀順遂;×太白入熒,,×幼女奸淫,,×囚獄被傷,,△太孛入刑,,×螣蛇妖矯,×螣蛇妖矯,△青龍合霊;×値符飛宮,,×地網高張,,×朱雀入獄,,門迫
陽3局癸未,己,艮,巽,天輔,杜門,申酉,戊,己,丁,乙庚,壬,辛,丙,癸,丙,癸,戊,己,丁,乙庚,壬,辛,天冲,天輔,天英,天芮,天柱,天心,天蓬,天任,九天,直符,螣蛇,太陰,六合,勾陳,朱雀,九地,休門,生門,傷門,杜門,景門,死門,驚門,開門,〇青龍返首,,×地刑玄武,,〇青龍転光,,×日奇入霧;×官符刑格,×伏宮格;×刑格,△干合蛇刑,,×白虎猖狂;×白虎出力,×白虎猖狂,×火入天羅,,×網蓋天牢,,
陽3局甲申,庚,坤,坤,天芮,死門,午未,丙,癸,戊,己,丁,乙庚,壬,辛,丙,癸,戊,己,丁,乙庚,壬,辛,天蓬,天任,天冲,天輔,天英,天芮,天柱,天心,六合,勾陳,朱雀,九地,九天,直符,螣蛇,太陰,休門,生門,傷門,杜門,景門,死門,驚門,開門,×月奇孛師,◯丙奇得使,×天網四張,,×伏吟,×六儀撃刑格,×地戸蓬鬼,,〇奇入太陰,,△日奇伏吟;×日奇被刑;△太白蓬星;×太白同宮,×伏宮格;×飛宮格;×乙奇入墓,×蛇入地羅,,×伏吟天庭,,伏吟
陽3局乙酉,庚,坤,坤,天芮,死門,午未,丙,癸,戊,己,丁,乙庚,壬,辛,丙,癸,戊,己,丁,乙庚,壬,辛,天蓬,天任,天冲,天輔,天英,天芮,天柱,天心,六合,勾陳,朱雀,九地,九天,直符,螣蛇,太陰,驚門,開門,休門,生門,傷門,杜門,景門,死門,×月奇孛師,◯丙奇得使,×天網四張,,×伏吟,×六儀撃刑格,×地戸蓬鬼,,〇奇入太陰,,△日奇伏吟;×日奇被刑;△太白蓬星;×太白同宮,×伏宮格;×飛宮格;×時格;×乙奇入墓,×蛇入地羅,,×伏吟天庭,,伏吟;門迫
陽3局丙戌,庚,坎,坤,天芮,死門,午未,乙庚,壬,辛,丙,癸,戊,己,丁,丙,癸,戊,己,丁,乙庚,壬,辛,天芮,天柱,天心,天蓬,天任,天冲,天輔,天英,直符,螣蛇,太陰,六合,勾陳,朱雀,九地,九天,開門,休門,生門,傷門,杜門,景門,死門,驚門,〇奇儀順遂;×太白入熒,×時格,×幼女奸淫,,×囚獄被傷,,△太孛入刑,,×螣蛇妖矯,×螣蛇妖矯,△青龍合霊;×値符飛宮,,×地網高張,,×朱雀入獄,,
陽3局丁亥,庚,離,坤,天芮,死門,午未,癸,戊,己,丁,乙庚,壬,辛,丙,丙,癸,戊,己,丁,乙庚,壬,辛,天任,天冲,天輔,天英,天芮,天柱,天心,天蓬,勾陳,朱雀,九地,九天,直符,螣蛇,太陰,六合,景門,死門,驚門,開門,休門,生門,傷門,杜門,〇華蓋孛師,,△青龍華蓋,,△犬遇青龍,,×火入勾陳,◯丁奇得使,〇奇儀相佐;△丁丁之格,◯乙奇得使;×時格,△格名小蛇;×太白擒蛇,,×凶蛇入獄,,△謀事成就,×丙奇入墓,反吟;門迫
陽3局戊子,庚,震,坤,天芮,死門,午未,己,丁,乙庚,壬,辛,丙,癸,戊,丙,癸,戊,己,丁,乙庚,壬,辛,天輔,天英,天芮,天柱,天心,天蓬,天任,天冲,九地,九天,直符,螣蛇,太陰,六合,勾陳,朱雀,生門,傷門,杜門,景門,死門,驚門,開門,休門,×火孛地戸,,×朱雀投江,◯丁奇得使;×朱雀投江;×丁奇入墓,×利陰害陽;×太白伏宮,◯乙奇昇殿;×時格,×凶蛇入獄,×六儀撃刑格,〇獄神得奇,×六儀撃刑格,〇日月併用;×焚入太白,◯丙奇得使,×復見騰蛇,,×青龍折足,,門迫
陽3局己丑,庚,巽,坤,天芮,死門,午未,戊,己,丁,乙庚,壬,辛,丙,癸,丙,癸,戊,己,丁,乙庚,壬,辛,天冲,天輔,天英,天芮,天柱,天心,天蓬,天任,朱雀,九地,九天,直符,螣蛇,太陰,六合,勾陳,死門,驚門,開門,休門,生門,傷門,杜門,景門,〇青龍返首,,×地刑玄武,,〇青龍転光,,×日奇入霧;×官符刑格,◯風遁;×刑格;×時格,△干合蛇刑,,×白虎猖狂;×白虎出力,×白虎猖狂,×火入天羅,,×網蓋天牢,,門迫
陽3局庚寅,庚,坤,坤,天芮,死門,午未,丙,癸,戊,己,丁,乙庚,壬,辛,丙,癸,戊,己,丁,乙庚,壬,辛,天蓬,天任,天冲,天輔,天英,天芮,天柱,天心,六合,勾陳,朱雀,九地,九天,直符,螣蛇,太陰,休門,生門,傷門,杜門,景門,死門,驚門,開門,×月奇孛師,◯丙奇得使,×天網四張,,×伏吟,×六儀撃刑格,×地戸蓬鬼,,〇奇入太陰,,△日奇伏吟;×日奇被刑;△太白蓬星;×太白同宮,×伏宮格;×飛宮格;×時格;×乙奇入墓,×蛇入地羅,,×伏吟天庭,,伏吟
陽3局辛卯,庚,乾,坤,天芮,死門,午未,壬,辛,丙,癸,戊,己,丁,乙庚,丙,癸,戊,己,丁,乙庚,壬,辛,天柱,天心,天蓬,天任,天冲,天輔,天英,天芮,螣蛇,太陰,六合,勾陳,朱雀,九地,九天,直符,杜門,景門,死門,驚門,開門,休門,生門,傷門,×水蛇入火,,×天牢華蓋,,〇飛鳥跌穴,,×華蓋地戸,×六儀撃刑格,〇青龍耀明,,△地戸蓬星;×刑格返名,×六儀撃刑格,〇五神互合,◯丁奇昇殿,×青龍逃走;×白虎干格,◯乙奇得使;×時格;×青龍逃走,門迫
陽3局壬辰,庚,兌,坤,天芮,死門,午未,辛,丙,癸,戊,己,丁,乙庚,壬,丙,癸,戊,己,丁,乙庚,壬,辛,天心,天蓬,天任,天冲,天輔,天英,天芮,天柱,太陰,六合,勾陳,朱雀,九地,九天,直符,螣蛇,傷門,杜門,景門,死門,驚門,開門,休門,生門,×干合孛師,,×華蓋孛師,,〇天乙会合,,×貴人入獄,,△朱雀入墓,,〇人遁吉格;△朱雀入没,,×日奇入地;×金華水流,×時格,×騰蛇相纏,,門迫
陽3局癸巳,庚,艮,坤,天芮,死門,午未,丁,乙庚,壬,辛,丙,癸,戊,己,丙,癸,戊,己,丁,乙庚,壬,辛,天英,天芮,天柱,天心,天蓬,天任,天冲,天輔,九天,直符,螣蛇,太陰,六合,勾陳,朱雀,九地,休門,生門,傷門,杜門,景門,死門,驚門,開門,△星髄月転,,△華蓋蓬星;×反吟大格,×時格;×六儀撃刑格,〇小蛇化龍,,×入獄自刑,,〇星奇朱雀,◯丙奇昇殿,△華蓋蓬星;×太白入網,,×龍入天牢,,×遊魂入墓,,反吟
陽3局甲午,辛,壬,乾,天心,開門,辰巳,丙,癸,戊,己,丁,乙庚,壬,辛,丙,癸,戊,己,丁,乙庚,壬,辛,天蓬,天任,天冲,天輔,天英,天芮,天柱,天心,螣蛇,太陰,六合,勾陳,朱雀,九地,九天,直符,休門,生門,傷門,杜門,景門,死門,驚門,開門,×月奇孛師,◯丙奇得使,×天網四張,,×伏吟,×六儀撃刑格,×地戸蓬鬼,,〇奇入太陰,,△日奇伏吟;×日奇被刑;△太白蓬星;×太白同宮,×乙奇入墓,×蛇入地羅,,×伏吟天庭,,伏吟
陽3局乙未,辛,坤,乾,天心,開門,辰巳,戊,己,丁,乙庚,壬,辛,丙,癸,丙,癸,戊,己,丁,乙庚,壬,辛,天冲,天輔,天英,天芮,天柱,天心,天蓬,天任,六合,勾陳,朱雀,九地,九天,直符,螣蛇,太陰,生門,傷門,杜門,景門,死門,驚門,開門,休門,〇青龍返首,,×地刑玄武,,〇青龍転光,,×日奇入霧;×官符刑格,×刑格,△干合蛇刑,,×白虎猖狂;×白虎出力,×飛宮格;×白虎猖狂,×火入天羅,,×網蓋天牢,,門迫
陽3局丙申,辛,坎,乾,天心,開門,辰巳,辛,丙,癸,戊,己,丁,乙庚,壬,丙,癸,戊,己,丁,乙庚,壬,辛,天心,天蓬,天任,天冲,天輔,天英,天芮,天柱,直符,螣蛇,太陰,六合,勾陳,朱雀,九地,九天,驚門,開門,休門,生門,傷門,杜門,景門,死門,×干合孛師,,×華蓋孛師,,〇天乙会合,,×貴人入獄,,△朱雀入墓,,〇人遁吉格;△朱雀入没,,×日奇入地;×金華水流,,×騰蛇相纏,,門迫
陽3局丁酉,辛,離,乾,天心,開門,辰巳,己,丁,乙庚,壬,辛,丙,癸,戊,丙,癸,戊,己,丁,乙庚,壬,辛,天輔,天英,天芮,天柱,天心,天蓬,天任,天冲,勾陳,朱雀,九地,九天,直符,螣蛇,太陰,六合,杜門,景門,死門,驚門,開門,休門,生門,傷門,×火孛地戸,,×朱雀投江,◯丁奇得使;×朱雀投江;×丁奇入墓,×利陰害陽;×太白伏宮,◯乙奇昇殿,×凶蛇入獄,×六儀撃刑格,〇獄神得奇,×六儀撃刑格,〇日月併用;×焚入太白,◯丙奇得使,×復見騰蛇,,×青龍折足,,門迫
陽3局戊戌,辛,震,乾,天心,開門,辰巳,乙庚,壬,辛,丙,癸,戊,己,丁,丙,癸,戊,己,丁,乙庚,壬,辛,天芮,天柱,天心,天蓬,天任,天冲,天輔,天英,九地,九天,直符,螣蛇,太陰,六合,勾陳,朱雀,開門,休門,生門,傷門,杜門,景門,死門,驚門,〇奇儀順遂;×太白入熒,◯鬼遁,×幼女奸淫,,×囚獄被傷,,△太孛入刑,,×螣蛇妖矯,×螣蛇妖矯,△青龍合霊;×値符飛宮,,×地網高張,,×朱雀入獄,,
陽3局己亥,辛,巽,乾,天心,開門,辰巳,丁,乙庚,壬,辛,丙,癸,戊,己,丙,癸,戊,己,丁,乙庚,壬,辛,天英,天芮,天柱,天心,天蓬,天任,天冲,天輔,朱雀,九地,九天,直符,螣蛇,太陰,六合,勾陳,傷門,杜門,景門,死門,驚門,開門,休門,生門,△星髄月転,,△華蓋蓬星;×反吟大格,◯鬼遁;×六儀撃刑格,〇小蛇化龍,,×入獄自刑,,〇星奇朱雀,◯丙奇昇殿,△華蓋蓬星;×太白入網,,×龍入天牢,,×遊魂入墓,,反吟;門迫
陽3局庚子,辛,坤,乾,天心,開門,辰巳,戊,己,丁,乙庚,壬,辛,丙,癸,丙,癸,戊,己,丁,乙庚,壬,辛,天冲,天輔,天英,天芮,天柱,天心,天蓬,天任,六合,勾陳,朱雀,九地,九天,直符,螣蛇,太陰,死門,驚門,開門,休門,生門,傷門,杜門,景門,〇青龍返首,,×地刑玄武,,〇青龍転光,◯玉女守門,×日奇入霧;×官符刑格,◯風遁;×刑格,△干合蛇刑,,×白虎猖狂;×白虎出力,×飛宮格;×白虎猖狂,×火入天羅,,×網蓋天牢,,門迫
陽3局辛丑,辛,壬,乾,天心,開門,辰巳,丙,癸,戊,己,丁,乙庚,壬,辛,丙,癸,戊,己,丁,乙庚,壬,辛,天蓬,天任,天冲,天輔,天英,天芮,天柱,天心,螣蛇,太陰,六合,勾陳,朱雀,九地,九天,直符,景門,死門,驚門,開門,休門,生門,傷門,杜門,×月奇孛師,◯丙奇得使,×天網四張,,×伏吟,×六儀撃刑格,×地戸蓬鬼,,〇奇入太陰,,△日奇伏吟;×日奇被刑;△太白蓬星;×太白同宮,×乙奇入墓,×蛇入地羅,,×伏吟天庭,,伏吟;反吟;門迫
陽3局壬寅,辛,兌,乾,天心,開門,辰巳,癸,戊,己,丁,乙庚,壬,辛,丙,丙,癸,戊,己,丁,乙庚,壬,辛,天任,天冲,天輔,天英,天芮,天柱,天心,天蓬,太陰,六合,勾陳,朱雀,九地,九天,直符,螣蛇,傷門,杜門,景門,死門,驚門,開門,休門,生門,〇華蓋孛師,,△青龍華蓋,,△犬遇青龍,,×火入勾陳,◯丁奇得使,〇奇儀相佐;△丁丁之格,◯乙奇得使,△格名小蛇;×太白擒蛇,,×凶蛇入獄,,△謀事成就,×丙奇入墓,門迫
陽3局癸卯,辛,艮,乾,天心,開門,辰巳,壬,辛,丙,癸,戊,己,丁,乙庚,丙,癸,戊,己,丁,乙庚,壬,辛,天柱,天心,天蓬,天任,天冲,天輔,天英,天芮,九天,直符,螣蛇,太陰,六合,勾陳,朱雀,九地,休門,生門,傷門,杜門,景門,死門,驚門,開門,×水蛇入火,,×天牢華蓋,,〇飛鳥跌穴,,×華蓋地戸,×六儀撃刑格,〇青龍耀明,,△地戸蓬星;×刑格返名,×六儀撃刑格,〇五神互合,◯丁奇昇殿,×青龍逃走;×白虎干格,◯雲遁;◯鬼遁;◯乙奇得使;×伏宮格;×青龍逃走,
陽3局甲辰,壬,兌,兌,天柱,驚門,寅卯,丙,癸,戊,己,丁,乙庚,壬,辛,丙,癸,戊,己,丁,乙庚,壬,辛,天蓬,天任,天冲,天輔,天英,天芮,天柱,天心,太陰,六合,勾陳,朱雀,九地,九天,直符,螣蛇,休門,生門,傷門,杜門,景門,死門,驚門,開門,×月奇孛師,◯丙奇得使,×天網四張,,×伏吟,×六儀撃刑格,×地戸蓬鬼,,〇奇入太陰,,△日奇伏吟;×日奇被刑;△太白蓬星;×太白同宮,×乙奇入墓,×蛇入地羅,,×伏吟天庭,,伏吟
陽3局乙巳,壬,坤,兌,天柱,驚門,寅卯,癸,戊,己,丁,乙庚,壬,辛,丙,丙,癸,戊,己,丁,乙庚,壬,辛,天任,天冲,天輔,天英,天芮,天柱,天心,天蓬,六合,勾陳,朱雀,九地,九天,直符,螣蛇,太陰,死門,驚門,開門,休門,生門,傷門,杜門,景門,〇華蓋孛師,,△青龍華蓋,,△犬遇青龍,,×火入勾陳,◯丁奇得使,〇奇儀相佐;△丁丁之格,◯乙奇得使,△格名小蛇;×太白擒蛇,×飛宮格;×地網,×凶蛇入獄,,△謀事成就,×丙奇入墓,門迫
陽3局丙午,壬,坎,兌,天柱,驚門,寅卯,壬,辛,丙,癸,戊,己,丁,乙庚,丙,癸,戊,己,丁,乙庚,壬,辛,天柱,天心,天蓬,天任,天冲,天輔,天英,天芮,直符,螣蛇,太陰,六合,勾陳,朱雀,九地,九天,傷門,杜門,景門,死門,驚門,開門,休門,生門,×水蛇入火,×地網,×天牢華蓋,,〇飛鳥跌穴,,×華蓋地戸,×六儀撃刑格,〇青龍耀明,,△地戸蓬星;×刑格返名,×六儀撃刑格,〇五神互合,◯丁奇昇殿,×青龍逃走;×白虎干格,◯雲遁;◯乙奇得使;×青龍逃走,門迫
陽3局丁未,壬,離,兌,天柱,驚門,寅卯,戊,己,丁,乙庚,壬,辛,丙,癸,丙,癸,戊,己,丁,乙庚,壬,辛,天冲,天輔,天英,天芮,天柱,天心,天蓬,天任,勾陳,朱雀,九地,九天,直符,螣蛇,太陰,六合,驚門,開門,休門,生門,傷門,杜門,景門,死門,〇青龍返首,,×地刑玄武,,〇青龍転光,,×日奇入霧;×官符刑格,◯風遁;×刑格,△干合蛇刑,×地網,×白虎猖狂;×白虎出力,×白虎猖狂,×火入天羅,,×網蓋天牢,,門迫
陽3局戊申,壬,震,兌,天柱,驚門,寅卯,丁,乙庚,壬,辛,丙,癸,戊,己,丙,癸,戊,己,丁,乙庚,壬,辛,天英,天芮,天柱,天心,天蓬,天任,天冲,天輔,九地,九天,直符,螣蛇,太陰,六合,勾陳,朱雀,生門,傷門,杜門,景門,死門,驚門,開門,休門,△星髄月転,,△華蓋蓬星;×反吟大格,×六儀撃刑格,〇小蛇化龍,×地網,×入獄自刑,,〇星奇朱雀,◯丙奇昇殿,△華蓋蓬星;×太白入網,,×龍入天牢,,×遊魂入墓,,反吟;門迫
陽3局己酉,壬,巽,兌,天柱,驚門,寅卯,己,丁,乙庚,壬,辛,丙,癸,戊,丙,癸,戊,己,丁,乙庚,壬,辛,天輔,天英,天芮,天柱,天心,天蓬,天任,天冲,朱雀,九地,九天,直符,螣蛇,太陰,六合,勾陳,景門,死門,驚門,開門,休門,生門,傷門,杜門,×火孛地戸,,×朱雀投江,◯丁奇得使;×朱雀投江;×丁奇入墓,×利陰害陽;×太白伏宮,◯乙奇昇殿,×凶蛇入獄,×地網;×六儀撃刑格,〇獄神得奇,×六儀撃刑格,〇日月併用;×焚入太白,◯丙奇得使,×復見騰蛇,,×青龍折足,,反吟;門迫
陽3局庚戌,壬,坤,兌,天柱,驚門,寅卯,癸,戊,己,丁,乙庚,壬,辛,丙,丙,癸,戊,己,丁,乙庚,壬,辛,天任,天冲,天輔,天英,天芮,天柱,天心,天蓬,六合,勾陳,朱雀,九地,九天,直符,螣蛇,太陰,杜門,景門,死門,驚門,開門,休門,生門,傷門,〇華蓋孛師,,△青龍華蓋,,△犬遇青龍,,×火入勾陳,◯丁奇得使;◯玉女守門,〇奇儀相佐;△丁丁之格,◯乙奇得使,△格名小蛇;×太白擒蛇,×飛宮格;×地網,×凶蛇入獄,,△謀事成就,×丙奇入墓,門迫
陽3局辛亥,壬,壬,兌,天柱,驚門,寅卯,辛,丙,癸,戊,己,丁,乙庚,壬,丙,癸,戊,己,丁,乙庚,壬,辛,天心,天蓬,天任,天冲,天輔,天英,天芮,天柱,螣蛇,太陰,六合,勾陳,朱雀,九地,九天,直符,生門,傷門,杜門,景門,死門,驚門,開門,休門,×干合孛師,,×華蓋孛師,,〇天乙会合,,×貴人入獄,,△朱雀入墓,,〇人遁吉格;△朱雀入没,◯玉女守門,×日奇入地;×金華水流,×伏宮格,×騰蛇相纏,×地網,門迫
陽3局壬子,壬,兌,兌,天柱,驚門,寅卯,丙,癸,戊,己,丁,乙庚,壬,辛,丙,癸,戊,己,丁,乙庚,壬,辛,天蓬,天任,天冲,天輔,天英,天芮,天柱,天心,太陰,六合,勾陳,朱雀,九地,九天,直符,螣蛇,開門,休門,生門,傷門,杜門,景門,死門,驚門,×月奇孛師,◯丙奇得使,×天網四張,,×伏吟,×六儀撃刑格,×地戸蓬鬼,,〇奇入太陰,,△日奇伏吟;×日奇被刑;△太白蓬星;×太白同宮,×乙奇入墓,×蛇入地羅,×地網,×伏吟天庭,,伏吟
陽3局癸丑,壬,艮,兌,天柱,驚門,寅卯,乙庚,壬,辛,丙,癸,戊,己,丁,丙,癸,戊,己,丁,乙庚,壬,辛,天芮,天柱,天心,天蓬,天任,天冲,天輔,天英,九天,直符,螣蛇,太陰,六合,勾陳,朱雀,九地,休門,生門,傷門,杜門,景門,死門,驚門,開門,〇奇儀順遂;×太白入熒,◯龍遁,×幼女奸淫,×地網,×囚獄被傷,,△太孛入刑,,×螣蛇妖矯,×螣蛇妖矯,△青龍合霊;×値符飛宮,,×地網高張,,×朱雀入獄,,
陽3局甲寅,癸,艮,艮,天任,生門,子丑,丙,癸,戊,己,丁,乙庚,壬,辛,丙,癸,戊,己,丁,乙庚,壬,辛,天蓬,天任,天冲,天輔,天英,天芮,天柱,天心,九天,直符,螣蛇,太陰,六合,勾陳,朱雀,九地,休門,生門,傷門,杜門,景門,死門,驚門,開門,×月奇孛師,◯丙奇得使,×天網四張,,×伏吟,×六儀撃刑格,×地戸蓬鬼,,〇奇入太陰,,△日奇伏吟;×日奇被刑;△太白蓬星;×太白同宮,×乙奇入墓,×蛇入地羅,,×伏吟天庭,,伏吟
陽3局乙卯,癸,坤,艮,天任,生門,子丑,丁,乙庚,壬,辛,丙,癸,戊,己,丙,癸,戊,己,丁,乙庚,壬,辛,天英,天芮,天柱,天心,天蓬,天任,天冲,天輔,六合,勾陳,朱雀,九地,九天,直符,螣蛇,太陰,死門,驚門,開門,休門,生門,傷門,杜門,景門,△星髄月転,,△華蓋蓬星;×反吟大格,×伏宮格;×六儀撃刑格,〇小蛇化龍,,×入獄自刑,,〇星奇朱雀,◯天遁;◯神遁;◯丙奇昇殿,△華蓋蓬星;×太白入網,×飛宮格;×天羅,×龍入天牢,,×遊魂入墓,,反吟;門迫
陽3局丙辰,癸,坎,艮,天任,生門,子丑,癸,戊,己,丁,乙庚,壬,辛,丙,丙,癸,戊,己,丁,乙庚,壬,辛,天任,天冲,天輔,天英,天芮,天柱,天心,天蓬,直符,螣蛇,太陰,六合,勾陳,朱雀,九地,九天,生門,傷門,杜門,景門,死門,驚門,開門,休門,〇華蓋孛師,×天羅,△青龍華蓋,,△犬遇青龍,,×火入勾陳,◯丁奇得使,〇奇儀相佐;△丁丁之格,◯乙奇得使,△格名小蛇;×太白擒蛇,,×凶蛇入獄,,△謀事成就,×丙奇入墓,門迫
陽3局丁巳,癸,離,艮,天任,生門,子丑,乙庚,壬,辛,丙,癸,戊,己,丁,丙,癸,戊,己,丁,乙庚,壬,辛,天芮,天柱,天心,天蓬,天任,天冲,天輔,天英,勾陳,朱雀,九地,九天,直符,螣蛇,太陰,六合,景門,死門,驚門,開門,休門,生門,傷門,杜門,〇奇儀順遂;×太白入熒,,×幼女奸淫,,×囚獄被傷,,△太孛入刑,,×螣蛇妖矯,×螣蛇妖矯;×天羅,△青龍合霊;×値符飛宮,,×地網高張,,×朱雀入獄,,反吟;門迫
陽3局戊午,癸,震,艮,天任,生門,子丑,辛,丙,癸,戊,己,丁,乙庚,壬,丙,癸,戊,己,丁,乙庚,壬,辛,天心,天蓬,天任,天冲,天輔,天英,天芮,天柱,九地,九天,直符,螣蛇,太陰,六合,勾陳,朱雀,開門,休門,生門,傷門,杜門,景門,死門,驚門,×干合孛師,,×華蓋孛師,,〇天乙会合,×天羅,×貴人入獄,,△朱雀入墓,,〇人遁吉格;△朱雀入没,,×日奇入地;×金華水流,,×騰蛇相纏,,
陽3局己未,癸,巽,艮,天任,生門,子丑,壬,辛,丙,癸,戊,己,丁,乙庚,丙,癸,戊,己,丁,乙庚,壬,辛,天柱,天心,天蓬,天任,天冲,天輔,天英,天芮,朱雀,九地,九天,直符,螣蛇,太陰,六合,勾陳,驚門,開門,休門,生門,傷門,杜門,景門,死門,×水蛇入火,,×天牢華蓋,,〇飛鳥跌穴,,×華蓋地戸,×天羅;×六儀撃刑格,〇青龍耀明,,△地戸蓬星;×刑格返名,×六儀撃刑格,〇五神互合,◯丁奇昇殿,×青龍逃走;×白虎干格,◯乙奇得使;×青龍逃走,門迫
陽3局庚申,癸,坤,艮,天任,生門,子丑,丁,乙庚,壬,辛,丙,癸,戊,己,丙,癸,戊,己,丁,乙庚,壬,辛,天英,天芮,天柱,天心,天蓬,天任,天冲,天輔,六合,勾陳,朱雀,九地,九天,直符,螣蛇,太陰,景門,死門,驚門,開門,休門,生門,傷門,杜門,△星髄月転,,△華蓋蓬星;×反吟大格,×伏宮格;×六儀撃刑格,〇小蛇化龍,,×入獄自刑,,〇星奇朱雀,◯丙奇昇殿,△華蓋蓬星;×太白入網,×飛宮格;×天羅,×龍入天牢,,×遊魂入墓,,反吟;門迫
陽3局辛酉,癸,壬,艮,天任,生門,子丑,戊,己,丁,乙庚,壬,辛,丙,癸,丙,癸,戊,己,丁,乙庚,壬,辛,天冲,天輔,天英,天芮,天柱,天心,天蓬,天任,螣蛇,太陰,六合,勾陳,朱雀,九地,九天,直符,傷門,杜門,景門,死門,驚門,開門,休門,生門,〇青龍返首,,×地刑玄武,,〇青龍転光,,×日奇入霧;×官符刑格,×刑格,△干合蛇刑,,×白虎猖狂;×白虎出力,×白虎猖狂,×火入天羅,,×網蓋天牢,×天羅,門迫
陽3局壬戌,癸,兌,艮,天任,生門,子丑,己,丁,乙庚,壬,辛,丙,癸,戊,丙,癸,戊,己,丁,乙庚,壬,辛,天輔,天英,天芮,天柱,天心,天蓬,天任,天冲,太陰,六合,勾陳,朱雀,九地,九天,直符,螣蛇,杜門,景門,死門,驚門,開門,休門,生門,傷門,×火孛地戸,,×朱雀投江,◯丁奇得使;×朱雀投江;×丁奇入墓,×利陰害陽;×太白伏宮,◯乙奇昇殿,×凶蛇入獄,×六儀撃刑格,〇獄神得奇,×六儀撃刑格,〇日月併用;×焚入太白,◯丙奇得使,×復見騰蛇,×天羅,×青龍折足,,門迫
陽3局癸亥,癸,艮,艮,天任,生門,子丑,丙,癸,戊,己,丁,乙庚,壬,辛,丙,癸,戊,己,丁,乙庚,壬,辛,天蓬,天任,天冲,天輔,天英,天芮,天柱,天心,九天,直符,螣蛇,太陰,六合,勾陳,朱雀,九地,休門,生門,傷門,杜門,景門,死門,驚門,開門,×月奇孛師,◯丙奇得使,×天網四張,×天羅,×伏吟,×六儀撃刑格,×地戸蓬鬼,,〇奇入太陰,,△日奇伏吟;×日奇被刑;△太白蓬星;×太白同宮,×乙奇入墓,×蛇入地羅,,×伏吟天庭,,伏吟
陽4局甲子,戊,巽,巽,天輔,杜門,戌亥,丁,壬,乙,戊,癸,丙己,辛,庚,丁,壬,乙,戊,癸,丙己,辛,庚,天蓬,天任,天冲,天輔,天英,天芮,天柱,天心,朱雀,九地,九天,直符,螣蛇,太陰,六合,勾陳,休門,生門,傷門,杜門,景門,死門,驚門,開門,〇奇入太陰,,×蛇入地羅,,△日奇伏吟,◯乙奇昇殿,×伏吟,,×天網四張,,×月奇孛師;△太孛入刑;×火孛地戸;×地戸蓬鬼,◯丙奇得使;×六儀撃刑格,×伏吟天庭,,×太白同宮,,伏吟
陽4局乙丑,戊,震,巽,天輔,杜門,戌亥,壬,乙,戊,癸,丙己,辛,庚,丁,丁,壬,乙,戊,癸,丙己,辛,庚,天任,天冲,天輔,天英,天芮,天柱,天心,天蓬,九地,九天,直符,螣蛇,太陰,六合,勾陳,朱雀,驚門,開門,休門,生門,傷門,杜門,景門,死門,△干合蛇刑,,×日奇入地,,△青龍合霊,×六儀撃刑格,〇天乙会合,×六儀撃刑格,×華蓋孛師;×地刑玄武,◯丙奇昇殿,×干合孛師;×入獄自刑,,×白虎干格,,△朱雀入没,,門迫
陽4局丙寅,戊,坤,巽,天輔,杜門,戌亥,辛,庚,丁,壬,乙,戊,癸,丙己,丁,壬,乙,戊,癸,丙己,辛,庚,天柱,天心,天蓬,天任,天冲,天輔,天英,天芮,六合,勾陳,朱雀,九地,九天,直符,螣蛇,太陰,景門,死門,驚門,開門,休門,生門,傷門,杜門,〇獄神得奇,,×金華水流,×六儀撃刑格,〇人遁吉格,,〇小蛇化龍,×六儀撃刑格,△華蓋蓬星,◯乙奇得使,〇青龍返首;×貴人入獄,,×網蓋天牢,,×焚入太白;×刑格返名,×丙奇入墓,反吟;門迫
陽4局丁卯,戊,坎,巽,天輔,杜門,戌亥,戊,癸,丙己,辛,庚,丁,壬,乙,丁,壬,乙,戊,癸,丙己,辛,庚,天輔,天英,天芮,天柱,天心,天蓬,天任,天冲,直符,螣蛇,太陰,六合,勾陳,朱雀,九地,九天,死門,驚門,開門,休門,生門,傷門,杜門,景門,〇青龍耀明,,×復見騰蛇,,〇日月併用;△地戸蓬星,,×囚獄被傷,,×反吟大格,,△星髄月転;×火入勾陳,,×騰蛇相纏,,×日奇被刑,◯乙奇得使,門迫
陽4局戊辰,戊,巽,巽,天輔,杜門,戌亥,丁,壬,乙,戊,癸,丙己,辛,庚,丁,壬,乙,戊,癸,丙己,辛,庚,天蓬,天任,天冲,天輔,天英,天芮,天柱,天心,朱雀,九地,九天,直符,螣蛇,太陰,六合,勾陳,傷門,杜門,景門,死門,驚門,開門,休門,生門,〇奇入太陰,,×蛇入地羅,,△日奇伏吟,◯乙奇昇殿,×伏吟,,×天網四張,,×月奇孛師;△太孛入刑;×火孛地戸;×地戸蓬鬼,◯丙奇得使;×六儀撃刑格,×伏吟天庭,,×太白同宮,,伏吟;門迫
陽4局己巳,戊,坤,巽,天輔,杜門,戌亥,辛,庚,丁,壬,乙,戊,癸,丙己,丁,壬,乙,戊,癸,丙己,辛,庚,天柱,天心,天蓬,天任,天冲,天輔,天英,天芮,六合,勾陳,朱雀,九地,九天,直符,螣蛇,太陰,開門,休門,生門,傷門,杜門,景門,死門,驚門,〇獄神得奇,,×金華水流,×六儀撃刑格,〇人遁吉格,,〇小蛇化龍,×六儀撃刑格,△華蓋蓬星,◯乙奇得使,〇青龍返首;×貴人入獄,,×網蓋天牢,,×焚入太白;×刑格返名,×丙奇入墓,
陽4局庚午,戊,壬,巽,天輔,杜門,戌亥,癸,丙己,辛,庚,丁,壬,乙,戊,丁,壬,乙,戊,癸,丙己,辛,庚,天英,天芮,天柱,天心,天蓬,天任,天冲,天輔,螣蛇,太陰,六合,勾陳,朱雀,九地,九天,直符,杜門,景門,死門,驚門,開門,休門,生門,傷門,×螣蛇妖矯,×螣蛇妖矯,×火入天羅;×地網高張,,×白虎猖狂,×白虎猖狂,×太白伏宮,×伏宮格,×朱雀投江,×朱雀投江,×水蛇入火;×凶蛇入獄,,×青龍逃走,◯雲遁;×青龍逃走,×値符飛宮,×飛宮格,反吟;門迫
陽4局辛未,戊,兌,巽,天輔,杜門,戌亥,丙己,辛,庚,丁,壬,乙,戊,癸,丁,壬,乙,戊,癸,丙己,辛,庚,天芮,天柱,天心,天蓬,天任,天冲,天輔,天英,太陰,六合,勾陳,朱雀,九地,九天,直符,螣蛇,驚門,開門,休門,生門,傷門,杜門,景門,死門,〇星奇朱雀;△朱雀入墓,◯丙奇得使,×凶蛇入獄,,△太白蓬星,,〇青龍転光,◯丁奇得使,×幼女奸淫,,〇奇儀順遂;×日奇入霧,×乙奇入墓,×青龍折足,,×太白入網,,門迫
陽4局壬申,戊,艮,巽,天輔,杜門,戌亥,乙,戊,癸,丙己,辛,庚,丁,壬,丁,壬,乙,戊,癸,丙己,辛,庚,天冲,天輔,天英,天芮,天柱,天心,天蓬,天任,九天,直符,螣蛇,太陰,六合,勾陳,朱雀,九地,生門,傷門,杜門,景門,死門,驚門,開門,休門,〇奇儀相佐,,×龍入天牢,,△華蓋蓬星,,〇飛鳥跌穴;△犬遇青龍,,×天牢華蓋,×六儀撃刑格,×太白入熒;×官符刑格,×刑格,×朱雀入獄,◯丁奇昇殿,×太白擒蛇,,門迫
陽4局癸酉,戊,離,巽,天輔,杜門,戌亥,庚,丁,壬,乙,戊,癸,丙己,辛,丁,壬,乙,戊,癸,丙己,辛,庚,天心,天蓬,天任,天冲,天輔,天英,天芮,天柱,勾陳,朱雀,九地,九天,直符,螣蛇,太陰,六合,休門,生門,傷門,杜門,景門,死門,驚門,開門,△丁丁之格,,〇五神互合,◯丁奇得使;×丁奇入墓,△格名小蛇,,×利陰害陽,,△青龍華蓋,,〇華蓋孛師;×華蓋地戸,,△謀事成就;×遊魂入墓,,×白虎出力,,
陽4局甲戌,己,坤,坤,天芮,死門,申酉,丁,壬,乙,戊,癸,丙己,辛,庚,丁,壬,乙,戊,癸,丙己,辛,庚,天蓬,天任,天冲,天輔,天英,天芮,天柱,天心,六合,勾陳,朱雀,九地,九天,直符,螣蛇,太陰,休門,生門,傷門,杜門,景門,死門,驚門,開門,〇奇入太陰,,×蛇入地羅,,△日奇伏吟,◯乙奇昇殿,×伏吟,,×天網四張,,×月奇孛師;△太孛入刑;×火孛地戸;×地戸蓬鬼,◯丙奇得使;×六儀撃刑格,×伏吟天庭,,×太白同宮,,伏吟
陽4局乙亥,己,震,坤,天芮,死門,申酉,戊,癸,丙己,辛,庚,丁,壬,乙,丁,壬,乙,戊,癸,丙己,辛,庚,天輔,天英,天芮,天柱,天心,天蓬,天任,天冲,九地,九天,直符,螣蛇,太陰,六合,勾陳,朱雀,驚門,開門,休門,生門,傷門,杜門,景門,死門,〇青龍耀明,,×復見騰蛇,,〇日月併用;△地戸蓬星,,×囚獄被傷,,×反吟大格,,△星髄月転;×火入勾陳,,×騰蛇相纏,,×日奇被刑,◯乙奇得使,門迫
陽4局丙子,己,坤,坤,天芮,死門,申酉,丁,壬,乙,戊,癸,丙己,辛,庚,丁,壬,乙,戊,癸,丙己,辛,庚,天蓬,天任,天冲,天輔,天英,天芮,天柱,天心,六合,勾陳,朱雀,九地,九天,直符,螣蛇,太陰,開門,休門,生門,傷門,杜門,景門,死門,驚門,〇奇入太陰,,×蛇入地羅,,△日奇伏吟,◯乙奇昇殿,×伏吟,,×天網四張,,×月奇孛師;△太孛入刑;×火孛地戸;×地戸蓬鬼,◯丙奇得使;×六儀撃刑格,×伏吟天庭,,×太白同宮,,伏吟
陽4局丁丑,己,坎,坤,天芮,死門,申酉,丙己,辛,庚,丁,壬,乙,戊,癸,丁,壬,乙,戊,癸,丙己,辛,庚,天芮,天柱,天心,天蓬,天任,天冲,天輔,天英,直符,螣蛇,太陰,六合,勾陳,朱雀,九地,九天,景門,死門,驚門,開門,休門,生門,傷門,杜門,〇星奇朱雀;△朱雀入墓,◯丙奇得使,×凶蛇入獄,,△太白蓬星,,〇青龍転光,◯丁奇得使,×幼女奸淫,,〇奇儀順遂;×日奇入霧,×乙奇入墓,×青龍折足,,×太白入網,,反吟;門迫
陽4局戊寅,己,巽,坤,天芮,死門,申酉,乙,戊,癸,丙己,辛,庚,丁,壬,丁,壬,乙,戊,癸,丙己,辛,庚,天冲,天輔,天英,天芮,天柱,天心,天蓬,天任,朱雀,九地,九天,直符,螣蛇,太陰,六合,勾陳,生門,傷門,杜門,景門,死門,驚門,開門,休門,〇奇儀相佐,,×龍入天牢,,△華蓋蓬星,,〇飛鳥跌穴;△犬遇青龍,,×天牢華蓋,×六儀撃刑格,×太白入熒;×官符刑格,×伏宮格;×刑格,×朱雀入獄,◯丁奇昇殿,×太白擒蛇,,門迫
陽4局己卯,己,坤,坤,天芮,死門,申酉,丁,壬,乙,戊,癸,丙己,辛,庚,丁,壬,乙,戊,癸,丙己,辛,庚,天蓬,天任,天冲,天輔,天英,天芮,天柱,天心,六合,勾陳,朱雀,九地,九天,直符,螣蛇,太陰,死門,驚門,開門,休門,生門,傷門,杜門,景門,〇奇入太陰,◯玉女守門,×蛇入地羅,,△日奇伏吟,◯乙奇昇殿,×伏吟,,×天網四張,,×月奇孛師;△太孛入刑;×火孛地戸;×地戸蓬鬼,◯丙奇得使;×六儀撃刑格,×伏吟天庭,,×太白同宮,,伏吟;門迫
陽4局庚辰,己,乾,坤,天芮,死門,申酉,辛,庚,丁,壬,乙,戊,癸,丙己,丁,壬,乙,戊,癸,丙己,辛,庚,天柱,天心,天蓬,天任,天冲,天輔,天英,天芮,螣蛇,太陰,六合,勾陳,朱雀,九地,九天,直符,休門,生門,傷門,杜門,景門,死門,驚門,開門,〇獄神得奇,,×金華水流,×六儀撃刑格,〇人遁吉格,,〇小蛇化龍,×六儀撃刑格,△華蓋蓬星,◯乙奇得使,〇青龍返首;×貴人入獄,,×網蓋天牢,,×焚入太白;×刑格返名,×飛宮格;×丙奇入墓,
陽4局辛巳,己,兌,坤,天芮,死門,申酉,庚,丁,壬,乙,戊,癸,丙己,辛,丁,壬,乙,戊,癸,丙己,辛,庚,天心,天蓬,天任,天冲,天輔,天英,天芮,天柱,太陰,六合,勾陳,朱雀,九地,九天,直符,螣蛇,杜門,景門,死門,驚門,開門,休門,生門,傷門,△丁丁之格,,〇五神互合,◯丁奇得使;×丁奇入墓,△格名小蛇,,×利陰害陽,,△青龍華蓋,,〇華蓋孛師;×華蓋地戸,,△謀事成就;×遊魂入墓,,×白虎出力,,門迫
陽4局壬午,己,艮,坤,天芮,死門,申酉,癸,丙己,辛,庚,丁,壬,乙,戊,丁,壬,乙,戊,癸,丙己,辛,庚,天英,天芮,天柱,天心,天蓬,天任,天冲,天輔,九天,直符,螣蛇,太陰,六合,勾陳,朱雀,九地,傷門,杜門,景門,死門,驚門,開門,休門,生門,×螣蛇妖矯,×螣蛇妖矯,×火入天羅;×地網高張,,×白虎猖狂,×白虎猖狂,×太白伏宮,,×朱雀投江,×朱雀投江,×水蛇入火;×凶蛇入獄,,×青龍逃走,◯雲遁;×青龍逃走,×値符飛宮,,反吟;門迫
陽4局癸未,己,離,坤,天芮,死門,申酉,壬,乙,戊,癸,丙己,辛,庚,丁,丁,壬,乙,戊,癸,丙己,辛,庚,天任,天冲,天輔,天英,天芮,天柱,天心,天蓬,勾陳,朱雀,九地,九天,直符,螣蛇,太陰,六合,休門,生門,傷門,杜門,景門,死門,驚門,開門,△干合蛇刑,,×日奇入地,,△青龍合霊,×六儀撃刑格,〇天乙会合,×六儀撃刑格,×華蓋孛師;×地刑玄武,◯丙奇昇殿,×干合孛師;×入獄自刑,,×白虎干格,,△朱雀入没,,
陽4局甲申,庚,壬,乾,天心,開門,午未,丁,壬,乙,戊,癸,丙己,辛,庚,丁,壬,乙,戊,癸,丙己,辛,庚,天蓬,天任,天冲,天輔,天英,天芮,天柱,天心,螣蛇,太陰,六合,勾陳,朱雀,九地,九天,直符,休門,生門,傷門,杜門,景門,死門,驚門,開門,〇奇入太陰,,×蛇入地羅,,△日奇伏吟,◯乙奇昇殿,×伏吟,,×天網四張,,×月奇孛師;△太孛入刑;×火孛地戸;×地戸蓬鬼,◯丙奇得使;×六儀撃刑格,×伏吟天庭,,×太白同宮,×伏宮格;×飛宮格,伏吟
陽4局乙酉,庚,震,乾,天心,開門,午未,丙己,辛,庚,丁,壬,乙,戊,癸,丁,壬,乙,戊,癸,丙己,辛,庚,天芮,天柱,天心,天蓬,天任,天冲,天輔,天英,九地,九天,直符,螣蛇,太陰,六合,勾陳,朱雀,生門,傷門,杜門,景門,死門,驚門,開門,休門,〇星奇朱雀;△朱雀入墓,◯天遁;◯丙奇得使,×凶蛇入獄,,△太白蓬星,×時格,〇青龍転光,◯丁奇得使,×幼女奸淫,,〇奇儀順遂;×日奇入霧,×乙奇入墓,×青龍折足,,×太白入網,,門迫
陽4局丙戌,庚,坤,乾,天心,開門,午未,乙,戊,癸,丙己,辛,庚,丁,壬,丁,壬,乙,戊,癸,丙己,辛,庚,天冲,天輔,天英,天芮,天柱,天心,天蓬,天任,六合,勾陳,朱雀,九地,九天,直符,螣蛇,太陰,驚門,開門,休門,生門,傷門,杜門,景門,死門,〇奇儀相佐,,×龍入天牢,,△華蓋蓬星,,〇飛鳥跌穴;△犬遇青龍,,×天牢華蓋,×六儀撃刑格,×太白入熒;×官符刑格,×刑格;×時格,×朱雀入獄,◯丁奇昇殿,×太白擒蛇,,門迫
陽4局丁亥,庚,坎,乾,天心,開門,午未,庚,丁,壬,乙,戊,癸,丙己,辛,丁,壬,乙,戊,癸,丙己,辛,庚,天心,天蓬,天任,天冲,天輔,天英,天芮,天柱,直符,螣蛇,太陰,六合,勾陳,朱雀,九地,九天,杜門,景門,死門,驚門,開門,休門,生門,傷門,△丁丁之格,×時格,〇五神互合,◯丁奇得使;×丁奇入墓,△格名小蛇,,×利陰害陽,,△青龍華蓋,,〇華蓋孛師;×華蓋地戸,,△謀事成就;×遊魂入墓,,×白虎出力,,門迫
陽4局戊子,庚,巽,乾,天心,開門,午未,癸,丙己,辛,庚,丁,壬,乙,戊,丁,壬,乙,戊,癸,丙己,辛,庚,天英,天芮,天柱,天心,天蓬,天任,天冲,天輔,朱雀,九地,九天,直符,螣蛇,太陰,六合,勾陳,開門,休門,生門,傷門,杜門,景門,死門,驚門,×螣蛇妖矯,×螣蛇妖矯,×火入天羅;×地網高張,,×白虎猖狂,×白虎猖狂,×太白伏宮,×時格,×朱雀投江,×朱雀投江,×水蛇入火;×凶蛇入獄,,×青龍逃走,×青龍逃走,×値符飛宮,,反吟
陽4局己丑,庚,坤,乾,天心,開門,午未,乙,戊,癸,丙己,辛,庚,丁,壬,丁,壬,乙,戊,癸,丙己,辛,庚,天冲,天輔,天英,天芮,天柱,天心,天蓬,天任,六合,勾陳,朱雀,九地,九天,直符,螣蛇,太陰,傷門,杜門,景門,死門,驚門,開門,休門,生門,〇奇儀相佐,,×龍入天牢,,△華蓋蓬星,,〇飛鳥跌穴;△犬遇青龍,,×天牢華蓋,×六儀撃刑格,×太白入熒;×官符刑格,×刑格;×時格,×朱雀入獄,◯丁奇昇殿,×太白擒蛇,,門迫
陽4局庚寅,庚,壬,乾,天心,開門,午未,丁,壬,乙,戊,癸,丙己,辛,庚,丁,壬,乙,戊,癸,丙己,辛,庚,天蓬,天任,天冲,天輔,天英,天芮,天柱,天心,螣蛇,太陰,六合,勾陳,朱雀,九地,九天,直符,死門,驚門,開門,休門,生門,傷門,杜門,景門,〇奇入太陰,,×蛇入地羅,,△日奇伏吟,◯乙奇昇殿,×伏吟,,×天網四張,,×月奇孛師;△太孛入刑;×火孛地戸;×地戸蓬鬼,◯丙奇得使;×六儀撃刑格,×伏吟天庭,,×太白同宮,×伏宮格;×飛宮格;×時格,伏吟;門迫
陽4局辛卯,庚,兌,乾,天心,開門,午未,壬,乙,戊,癸,丙己,辛,庚,丁,丁,壬,乙,戊,癸,丙己,辛,庚,天任,天冲,天輔,天英,天芮,天柱,天心,天蓬,太陰,六合,勾陳,朱雀,九地,九天,直符,螣蛇,景門,死門,驚門,開門,休門,生門,傷門,杜門,△干合蛇刑,,×日奇入地,,△青龍合霊,×六儀撃刑格,〇天乙会合,×六儀撃刑格,×華蓋孛師;×地刑玄武,◯丙奇昇殿,×干合孛師;×入獄自刑,,×白虎干格,×時格,△朱雀入没,,反吟;門迫
陽4局壬辰,庚,艮,乾,天心,開門,午未,辛,庚,丁,壬,乙,戊,癸,丙己,丁,壬,乙,戊,癸,丙己,辛,庚,天柱,天心,天蓬,天任,天冲,天輔,天英,天芮,九天,直符,螣蛇,太陰,六合,勾陳,朱雀,九地,傷門,杜門,景門,死門,驚門,開門,休門,生門,〇獄神得奇,,×金華水流,×時格;×六儀撃刑格,〇人遁吉格,,〇小蛇化龍,×六儀撃刑格,△華蓋蓬星,◯乙奇得使,〇青龍返首;×貴人入獄,,×網蓋天牢,,×焚入太白;×刑格返名,×丙奇入墓,門迫
陽4局癸巳,庚,離,乾,天心,開門,午未,戊,癸,丙己,辛,庚,丁,壬,乙,丁,壬,乙,戊,癸,丙己,辛,庚,天輔,天英,天芮,天柱,天心,天蓬,天任,天冲,勾陳,朱雀,九地,九天,直符,螣蛇,太陰,六合,休門,生門,傷門,杜門,景門,死門,驚門,開門,〇青龍耀明,,×復見騰蛇,,〇日月併用;△地戸蓬星,,×囚獄被傷,,×反吟大格,×時格,△星髄月転;×火入勾陳,,×騰蛇相纏,,×日奇被刑,◯乙奇得使,
陽4局甲午,辛,兌,兌,天柱,驚門,辰巳,丁,壬,乙,戊,癸,丙己,辛,庚,丁,壬,乙,戊,癸,丙己,辛,庚,天蓬,天任,天冲,天輔,天英,天芮,天柱,天心,太陰,六合,勾陳,朱雀,九地,九天,直符,螣蛇,休門,生門,傷門,杜門,景門,死門,驚門,開門,〇奇入太陰,◯人遁,×蛇入地羅,,△日奇伏吟,◯乙奇昇殿,×伏吟,,×天網四張,,×月奇孛師;△太孛入刑;×火孛地戸;×地戸蓬鬼,◯丙奇得使;×六儀撃刑格,×伏吟天庭,,×太白同宮,,伏吟
陽4局乙未,辛,震,兌,天柱,驚門,辰巳,癸,丙己,辛,庚,丁,壬,乙,戊,丁,壬,乙,戊,癸,丙己,辛,庚,天英,天芮,天柱,天心,天蓬,天任,天冲,天輔,九地,九天,直符,螣蛇,太陰,六合,勾陳,朱雀,死門,驚門,開門,休門,生門,傷門,杜門,景門,×螣蛇妖矯,×螣蛇妖矯,×火入天羅;×地網高張,,×白虎猖狂,×白虎猖狂,×太白伏宮,,×朱雀投江,×朱雀投江,×水蛇入火;×凶蛇入獄,,×青龍逃走,×青龍逃走,×値符飛宮,,反吟;門迫
陽4局丙申,辛,坤,兌,天柱,驚門,辰巳,壬,乙,戊,癸,丙己,辛,庚,丁,丁,壬,乙,戊,癸,丙己,辛,庚,天任,天冲,天輔,天英,天芮,天柱,天心,天蓬,六合,勾陳,朱雀,九地,九天,直符,螣蛇,太陰,傷門,杜門,景門,死門,驚門,開門,休門,生門,△干合蛇刑,,×日奇入地,,△青龍合霊,×六儀撃刑格,〇天乙会合,×六儀撃刑格,×華蓋孛師;×地刑玄武,◯丙奇昇殿,×干合孛師;×入獄自刑,,×白虎干格,×伏宮格,△朱雀入没,,門迫
陽4局丁酉,辛,坎,兌,天柱,驚門,辰巳,辛,庚,丁,壬,乙,戊,癸,丙己,丁,壬,乙,戊,癸,丙己,辛,庚,天柱,天心,天蓬,天任,天冲,天輔,天英,天芮,直符,螣蛇,太陰,六合,勾陳,朱雀,九地,九天,驚門,開門,休門,生門,傷門,杜門,景門,死門,〇獄神得奇,,×金華水流,×六儀撃刑格,〇人遁吉格,◯人遁,〇小蛇化龍,×六儀撃刑格,△華蓋蓬星,◯乙奇得使,〇青龍返首;×貴人入獄,,×網蓋天牢,,×焚入太白;×刑格返名,×丙奇入墓,門迫
陽4局戊戌,辛,巽,兌,天柱,驚門,辰巳,戊,癸,丙己,辛,庚,丁,壬,乙,丁,壬,乙,戊,癸,丙己,辛,庚,天輔,天英,天芮,天柱,天心,天蓬,天任,天冲,朱雀,九地,九天,直符,螣蛇,太陰,六合,勾陳,生門,傷門,杜門,景門,死門,驚門,開門,休門,〇青龍耀明,,×復見騰蛇,,〇日月併用;△地戸蓬星,,×囚獄被傷,,×反吟大格,,△星髄月転;×火入勾陳,◯玉女守門,×騰蛇相纏,,×日奇被刑,◯乙奇得使,門迫
陽4局己亥,辛,坤,兌,天柱,驚門,辰巳,壬,乙,戊,癸,丙己,辛,庚,丁,丁,壬,乙,戊,癸,丙己,辛,庚,天任,天冲,天輔,天英,天芮,天柱,天心,天蓬,六合,勾陳,朱雀,九地,九天,直符,螣蛇,太陰,景門,死門,驚門,開門,休門,生門,傷門,杜門,△干合蛇刑,,×日奇入地,,△青龍合霊,×六儀撃刑格,〇天乙会合,×六儀撃刑格,×華蓋孛師;×地刑玄武,◯丙奇昇殿,×干合孛師;×入獄自刑,,×白虎干格,×伏宮格,△朱雀入没,,反吟;門迫
陽4局庚子,辛,壬,兌,天柱,驚門,辰巳,庚,丁,壬,乙,戊,癸,丙己,辛,丁,壬,乙,戊,癸,丙己,辛,庚,天心,天蓬,天任,天冲,天輔,天英,天芮,天柱,螣蛇,太陰,六合,勾陳,朱雀,九地,九天,直符,杜門,景門,死門,驚門,開門,休門,生門,傷門,△丁丁之格,,〇五神互合,◯丁奇得使;×丁奇入墓,△格名小蛇,,×利陰害陽,,△青龍華蓋,,〇華蓋孛師;×華蓋地戸,,△謀事成就;×遊魂入墓,◯神遁,×白虎出力,×飛宮格,門迫
陽4局辛丑,辛,兌,兌,天柱,驚門,辰巳,丁,壬,乙,戊,癸,丙己,辛,庚,丁,壬,乙,戊,癸,丙己,辛,庚,天蓬,天任,天冲,天輔,天英,天芮,天柱,天心,太陰,六合,勾陳,朱雀,九地,九天,直符,螣蛇,生門,傷門,杜門,景門,死門,驚門,開門,休門,〇奇入太陰,,×蛇入地羅,,△日奇伏吟,◯乙奇昇殿,×伏吟,,×天網四張,,×月奇孛師;△太孛入刑;×火孛地戸;×地戸蓬鬼,◯丙奇得使;×六儀撃刑格,×伏吟天庭,,×太白同宮,,伏吟;門迫
陽4局壬寅,辛,艮,兌,天柱,驚門,辰巳,丙己,辛,庚,丁,壬,乙,戊,癸,丁,壬,乙,戊,癸,丙己,辛,庚,天芮,天柱,天心,天蓬,天任,天冲,天輔,天英,九天,直符,螣蛇,太陰,六合,勾陳,朱雀,九地,開門,休門,生門,傷門,杜門,景門,死門,驚門,〇星奇朱雀;△朱雀入墓,◯丙奇得使,×凶蛇入獄,,△太白蓬星,,〇青龍転光,◯丁奇得使,×幼女奸淫,,〇奇儀順遂;×日奇入霧,×乙奇入墓,×青龍折足,,×太白入網,,
陽4局癸卯,辛,離,兌,天柱,驚門,辰巳,乙,戊,癸,丙己,辛,庚,丁,壬,丁,壬,乙,戊,癸,丙己,辛,庚,天冲,天輔,天英,天芮,天柱,天心,天蓬,天任,勾陳,朱雀,九地,九天,直符,螣蛇,太陰,六合,休門,生門,傷門,杜門,景門,死門,驚門,開門,〇奇儀相佐,◯龍遁,×龍入天牢,,△華蓋蓬星,,〇飛鳥跌穴;△犬遇青龍,,×天牢華蓋,×六儀撃刑格,×太白入熒;×官符刑格,×刑格,×朱雀入獄,◯丁奇昇殿;◯玉女守門,×太白擒蛇,,
陽4局甲辰,壬,艮,艮,天任,生門,寅卯,丁,壬,乙,戊,癸,丙己,辛,庚,丁,壬,乙,戊,癸,丙己,辛,庚,天蓬,天任,天冲,天輔,天英,天芮,天柱,天心,九天,直符,螣蛇,太陰,六合,勾陳,朱雀,九地,休門,生門,傷門,杜門,景門,死門,驚門,開門,〇奇入太陰,,×蛇入地羅,,△日奇伏吟,◯乙奇昇殿,×伏吟,,×天網四張,,×月奇孛師;△太孛入刑;×火孛地戸;×地戸蓬鬼,◯丙奇得使;×六儀撃刑格,×伏吟天庭,,×太白同宮,,伏吟
陽4局乙巳,壬,震,艮,天任,生門,寅卯,庚,丁,壬,乙,戊,癸,丙己,辛,丁,壬,乙,戊,癸,丙己,辛,庚,天心,天蓬,天任,天冲,天輔,天英,天芮,天柱,九地,九天,直符,螣蛇,太陰,六合,勾陳,朱雀,死門,驚門,開門,休門,生門,傷門,杜門,景門,△丁丁之格,,〇五神互合,◯丁奇得使;×丁奇入墓,△格名小蛇,×地網,×利陰害陽,◯風遁,△青龍華蓋,,〇華蓋孛師;×華蓋地戸,,△謀事成就;×遊魂入墓,,×白虎出力,,門迫
陽4局丙午,壬,坤,艮,天任,生門,寅卯,癸,丙己,辛,庚,丁,壬,乙,戊,丁,壬,乙,戊,癸,丙己,辛,庚,天英,天芮,天柱,天心,天蓬,天任,天冲,天輔,六合,勾陳,朱雀,九地,九天,直符,螣蛇,太陰,生門,傷門,杜門,景門,死門,驚門,開門,休門,×螣蛇妖矯,×螣蛇妖矯,×火入天羅;×地網高張,,×白虎猖狂,×白虎猖狂,×太白伏宮,,×朱雀投江,×朱雀投江,×水蛇入火;×凶蛇入獄,×地網,×青龍逃走,◯雲遁;×青龍逃走,×値符飛宮,,反吟;門迫
陽4局丁未,壬,坎,艮,天任,生門,寅卯,壬,乙,戊,癸,丙己,辛,庚,丁,丁,壬,乙,戊,癸,丙己,辛,庚,天任,天冲,天輔,天英,天芮,天柱,天心,天蓬,直符,螣蛇,太陰,六合,勾陳,朱雀,九地,九天,景門,死門,驚門,開門,休門,生門,傷門,杜門,△干合蛇刑,×地網,×日奇入地,,△青龍合霊,×六儀撃刑格,〇天乙会合,×六儀撃刑格,×華蓋孛師;×地刑玄武,◯丙奇昇殿,×干合孛師;×入獄自刑,,×白虎干格,,△朱雀入没,,反吟;門迫
陽4局戊申,壬,巽,艮,天任,生門,寅卯,辛,庚,丁,壬,乙,戊,癸,丙己,丁,壬,乙,戊,癸,丙己,辛,庚,天柱,天心,天蓬,天任,天冲,天輔,天英,天芮,朱雀,九地,九天,直符,螣蛇,太陰,六合,勾陳,開門,休門,生門,傷門,杜門,景門,死門,驚門,〇獄神得奇,,×金華水流,×伏宮格;×六儀撃刑格,〇人遁吉格,◯玉女守門,〇小蛇化龍,×地網;×六儀撃刑格,△華蓋蓬星,◯乙奇得使,〇青龍返首;×貴人入獄,,×網蓋天牢,,×焚入太白;×刑格返名,×丙奇入墓,
陽4局己酉,壬,坤,艮,天任,生門,寅卯,癸,丙己,辛,庚,丁,壬,乙,戊,丁,壬,乙,戊,癸,丙己,辛,庚,天英,天芮,天柱,天心,天蓬,天任,天冲,天輔,六合,勾陳,朱雀,九地,九天,直符,螣蛇,太陰,驚門,開門,休門,生門,傷門,杜門,景門,死門,×螣蛇妖矯,×螣蛇妖矯,×火入天羅;×地網高張,,×白虎猖狂,×白虎猖狂,×太白伏宮,,×朱雀投江,×朱雀投江,×水蛇入火;×凶蛇入獄,×地網,×青龍逃走,×青龍逃走,×値符飛宮,,反吟;門迫
陽4局庚戌,壬,壬,艮,天任,生門,寅卯,乙,戊,癸,丙己,辛,庚,丁,壬,丁,壬,乙,戊,癸,丙己,辛,庚,天冲,天輔,天英,天芮,天柱,天心,天蓬,天任,螣蛇,太陰,六合,勾陳,朱雀,九地,九天,直符,景門,死門,驚門,開門,休門,生門,傷門,杜門,〇奇儀相佐,,×龍入天牢,,△華蓋蓬星,,〇飛鳥跌穴;△犬遇青龍,,×天牢華蓋,×六儀撃刑格,×太白入熒;×官符刑格,×刑格,×朱雀入獄,◯丁奇昇殿,×太白擒蛇,×飛宮格;×地網,反吟;門迫
陽4局辛亥,壬,兌,艮,天任,生門,寅卯,戊,癸,丙己,辛,庚,丁,壬,乙,丁,壬,乙,戊,癸,丙己,辛,庚,天輔,天英,天芮,天柱,天心,天蓬,天任,天冲,太陰,六合,勾陳,朱雀,九地,九天,直符,螣蛇,傷門,杜門,景門,死門,驚門,開門,休門,生門,〇青龍耀明,,×復見騰蛇,,〇日月併用;△地戸蓬星,,×囚獄被傷,,×反吟大格,,△星髄月転;×火入勾陳,,×騰蛇相纏,×地網,×日奇被刑,◯乙奇得使,門迫
陽4局壬子,壬,艮,艮,天任,生門,寅卯,丁,壬,乙,戊,癸,丙己,辛,庚,丁,壬,乙,戊,癸,丙己,辛,庚,天蓬,天任,天冲,天輔,天英,天芮,天柱,天心,九天,直符,螣蛇,太陰,六合,勾陳,朱雀,九地,杜門,景門,死門,驚門,開門,休門,生門,傷門,〇奇入太陰,,×蛇入地羅,×地網,△日奇伏吟,◯乙奇昇殿,×伏吟,,×天網四張,,×月奇孛師;△太孛入刑;×火孛地戸;×地戸蓬鬼,◯丙奇得使;×六儀撃刑格,×伏吟天庭,,×太白同宮,,伏吟;門迫
陽4局癸丑,壬,離,艮,天任,生門,寅卯,丙己,辛,庚,丁,壬,乙,戊,癸,丁,壬,乙,戊,癸,丙己,辛,庚,天芮,天柱,天心,天蓬,天任,天冲,天輔,天英,勾陳,朱雀,九地,九天,直符,螣蛇,太陰,六合,休門,生門,傷門,杜門,景門,死門,驚門,開門,〇星奇朱雀;△朱雀入墓,◯丙奇得使,×凶蛇入獄,,△太白蓬星,,〇青龍転光,◯丁奇得使,×幼女奸淫,×地網,〇奇儀順遂;×日奇入霧,×乙奇入墓,×青龍折足,,×太白入網,,
陽4局甲寅,癸,離,離,天英,景門,子丑,丁,壬,乙,戊,癸,丙己,辛,庚,丁,壬,乙,戊,癸,丙己,辛,庚,天蓬,天任,天冲,天輔,天英,天芮,天柱,天心,勾陳,朱雀,九地,九天,直符,螣蛇,太陰,六合,休門,生門,傷門,杜門,景門,死門,驚門,開門,〇奇入太陰,,×蛇入地羅,,△日奇伏吟,◯乙奇昇殿,×伏吟,,×天網四張,,×月奇孛師;△太孛入刑;×火孛地戸;×地戸蓬鬼,◯丙奇得使;×六儀撃刑格,×伏吟天庭,,×太白同宮,,伏吟
陽4局乙卯,癸,震,離,天英,景門,子丑,乙,戊,癸,丙己,辛,庚,丁,壬,丁,壬,乙,戊,癸,丙己,辛,庚,天冲,天輔,天英,天芮,天柱,天心,天蓬,天任,九地,九天,直符,螣蛇,太陰,六合,勾陳,朱雀,景門,死門,驚門,開門,休門,生門,傷門,杜門,〇奇儀相佐,,×龍入天牢,,△華蓋蓬星,×天羅,〇飛鳥跌穴;△犬遇青龍,,×天牢華蓋,×六儀撃刑格,×太白入熒;×官符刑格,×刑格,×朱雀入獄,◯丁奇昇殿,×太白擒蛇,,反吟;門迫
陽4局丙辰,癸,坤,離,天英,景門,子丑,庚,丁,壬,乙,戊,癸,丙己,辛,丁,壬,乙,戊,癸,丙己,辛,庚,天心,天蓬,天任,天冲,天輔,天英,天芮,天柱,六合,勾陳,朱雀,九地,九天,直符,螣蛇,太陰,開門,休門,生門,傷門,杜門,景門,死門,驚門,△丁丁之格,,〇五神互合,◯丁奇得使;×丁奇入墓,△格名小蛇,,×利陰害陽,,△青龍華蓋,,〇華蓋孛師;×華蓋地戸,×天羅,△謀事成就;×遊魂入墓,,×白虎出力,,
陽4局丁巳,癸,坎,離,天英,景門,子丑,癸,丙己,辛,庚,丁,壬,乙,戊,丁,壬,乙,戊,癸,丙己,辛,庚,天英,天芮,天柱,天心,天蓬,天任,天冲,天輔,直符,螣蛇,太陰,六合,勾陳,朱雀,九地,九天,傷門,杜門,景門,死門,驚門,開門,休門,生門,×螣蛇妖矯,×螣蛇妖矯;×天羅,×火入天羅;×地網高張,,×白虎猖狂,×白虎猖狂,×太白伏宮,,×朱雀投江,×朱雀投江,×水蛇入火;×凶蛇入獄,,×青龍逃走,◯雲遁;×青龍逃走,×値符飛宮,,反吟;門迫
陽4局戊午,癸,巽,離,天英,景門,子丑,壬,乙,戊,癸,丙己,辛,庚,丁,丁,壬,乙,戊,癸,丙己,辛,庚,天任,天冲,天輔,天英,天芮,天柱,天心,天蓬,朱雀,九地,九天,直符,螣蛇,太陰,六合,勾陳,生門,傷門,杜門,景門,死門,驚門,開門,休門,△干合蛇刑,,×日奇入地,,△青龍合霊,×六儀撃刑格,〇天乙会合,×天羅;×六儀撃刑格,×華蓋孛師;×地刑玄武,◯丙奇昇殿,×干合孛師;×入獄自刑,,×白虎干格,,△朱雀入没,,門迫
陽4局己未,癸,坤,離,天英,景門,子丑,庚,丁,壬,乙,戊,癸,丙己,辛,丁,壬,乙,戊,癸,丙己,辛,庚,天心,天蓬,天任,天冲,天輔,天英,天芮,天柱,六合,勾陳,朱雀,九地,九天,直符,螣蛇,太陰,開門,休門,生門,傷門,杜門,景門,死門,驚門,△丁丁之格,,〇五神互合,◯丁奇得使;×丁奇入墓,△格名小蛇,,×利陰害陽,,△青龍華蓋,,〇華蓋孛師;×華蓋地戸,×天羅,△謀事成就;×遊魂入墓,,×白虎出力,,
陽4局庚申,癸,壬,離,天英,景門,子丑,丙己,辛,庚,丁,壬,乙,戊,癸,丁,壬,乙,戊,癸,丙己,辛,庚,天芮,天柱,天心,天蓬,天任,天冲,天輔,天英,螣蛇,太陰,六合,勾陳,朱雀,九地,九天,直符,死門,驚門,開門,休門,生門,傷門,杜門,景門,〇星奇朱雀;△朱雀入墓,◯丙奇得使,×凶蛇入獄,,△太白蓬星,,〇青龍転光,◯丁奇得使,×幼女奸淫,,〇奇儀順遂;×日奇入霧,×乙奇入墓,×青龍折足,,×太白入網,×飛宮格;×天羅,門迫
陽4局辛酉,癸,兌,離,天英,景門,子丑,辛,庚,丁,壬,乙,戊,癸,丙己,丁,壬,乙,戊,癸,丙己,辛,庚,天柱,天心,天蓬,天任,天冲,天輔,天英,天芮,太陰,六合,勾陳,朱雀,九地,九天,直符,螣蛇,驚門,開門,休門,生門,傷門,杜門,景門,死門,〇獄神得奇,,×金華水流,×六儀撃刑格,〇人遁吉格,,〇小蛇化龍,×六儀撃刑格,△華蓋蓬星,◯乙奇得使,〇青龍返首;×貴人入獄,,×網蓋天牢,×天羅,×焚入太白;×刑格返名,×丙奇入墓,門迫
陽4局壬戌,癸,艮,離,天英,景門,子丑,戊,癸,丙己,辛,庚,丁,壬,乙,丁,壬,乙,戊,癸,丙己,辛,庚,天輔,天英,天芮,天柱,天心,天蓬,天任,天冲,九天,直符,螣蛇,太陰,六合,勾陳,朱雀,九地,杜門,景門,死門,驚門,開門,休門,生門,傷門,〇青龍耀明,,×復見騰蛇,×天羅,〇日月併用;△地戸蓬星,,×囚獄被傷,,×反吟大格,×伏宮格,△星髄月転;×火入勾陳,,×騰蛇相纏,,×日奇被刑,◯乙奇得使,門迫
陽4局癸亥,癸,離,離,天英,景門,子丑,丁,壬,乙,戊,癸,丙己,辛,庚,丁,壬,乙,戊,癸,丙己,辛,庚,天蓬,天任,天冲,天輔,天英,天芮,天柱,天心,勾陳,朱雀,九地,九天,直符,螣蛇,太陰,六合,休門,生門,傷門,杜門,景門,死門,驚門,開門,〇奇入太陰,,×蛇入地羅,,△日奇伏吟,◯乙奇昇殿,×伏吟,,×天網四張,×天羅,×月奇孛師;△太孛入刑;×火孛地戸;×地戸蓬鬼,◯丙奇得使;×六儀撃刑格,×伏吟天庭,,×太白同宮,,伏吟
陽5局甲子,戊,坤,坤,天芮,死門,戌亥,癸,辛,丙,乙,壬,丁戊,庚,己,癸,辛,丙,乙,壬,丁戊,庚,己,天蓬,天任,天冲,天輔,天英,天芮,天柱,天心,六合,勾陳,朱雀,九地,九天,直符,螣蛇,太陰,休門,生門,傷門,杜門,景門,死門,驚門,開門,×天網四張,,×伏吟天庭,,×月奇孛師,,△日奇伏吟,◯鬼遁,×蛇入地羅,,〇奇入太陰;〇青龍転光;〇青龍耀明;×伏吟,◯玉女守門,×太白同宮,,×地戸蓬鬼,,伏吟
陽5局乙丑,戊,巽,坤,天芮,死門,戌亥,丙,乙,壬,丁戊,庚,己,癸,辛,癸,辛,丙,乙,壬,丁戊,庚,己,天冲,天輔,天英,天芮,天柱,天心,天蓬,天任,朱雀,九地,九天,直符,螣蛇,太陰,六合,勾陳,驚門,開門,休門,生門,傷門,杜門,景門,死門,×華蓋孛師,◯丙奇得使,×青龍逃走,◯雲遁;◯鬼遁;×青龍逃走,×水蛇入火,,〇人遁吉格;△青龍合霊,◯丁奇得使,×金華水流,,△朱雀入墓;△犬遇青龍,×六儀撃刑格,×太白入網,,×入獄自刑,,門迫
陽5局丙寅,戊,震,坤,天芮,死門,戌亥,乙,壬,丁戊,庚,己,癸,辛,丙,癸,辛,丙,乙,壬,丁戊,庚,己,天輔,天英,天芮,天柱,天心,天蓬,天任,天冲,九地,九天,直符,螣蛇,太陰,六合,勾陳,朱雀,開門,休門,生門,傷門,杜門,景門,死門,驚門,△華蓋蓬星,◯鬼遁,×騰蛇相纏,,△星髄月転;〇青龍返首,×六儀撃刑格,△太白蓬星,,×地網高張,,×螣蛇妖矯;〇天乙会合,×螣蛇妖矯,×白虎出力,,△太孛入刑,×丙奇入墓,
陽5局丁卯,戊,坤,坤,天芮,死門,戌亥,癸,辛,丙,乙,壬,丁戊,庚,己,癸,辛,丙,乙,壬,丁戊,庚,己,天蓬,天任,天冲,天輔,天英,天芮,天柱,天心,六合,勾陳,朱雀,九地,九天,直符,螣蛇,太陰,景門,死門,驚門,開門,休門,生門,傷門,杜門,×天網四張,,×伏吟天庭,,×月奇孛師,,△日奇伏吟,◯風遁;◯鬼遁,×蛇入地羅,,〇奇入太陰;〇青龍転光;〇青龍耀明;×伏吟,,×太白同宮,,×地戸蓬鬼,,伏吟;反吟;門迫
陽5局戊辰,戊,坤,坤,天芮,死門,戌亥,癸,辛,丙,乙,壬,丁戊,庚,己,癸,辛,丙,乙,壬,丁戊,庚,己,天蓬,天任,天冲,天輔,天英,天芮,天柱,天心,六合,勾陳,朱雀,九地,九天,直符,螣蛇,太陰,生門,傷門,杜門,景門,死門,驚門,開門,休門,×天網四張,,×伏吟天庭,,×月奇孛師,,△日奇伏吟,,×蛇入地羅,,〇奇入太陰;〇青龍転光;〇青龍耀明;×伏吟,,×太白同宮,,×地戸蓬鬼,,伏吟;門迫
陽5局己巳,戊,乾,坤,天芮,死門,戌亥,庚,己,癸,辛,丙,乙,壬,丁戊,癸,辛,丙,乙,壬,丁戊,庚,己,天柱,天心,天蓬,天任,天冲,天輔,天英,天芮,螣蛇,太陰,六合,勾陳,朱雀,九地,九天,直符,死門,驚門,開門,休門,生門,傷門,杜門,景門,×反吟大格,,×遊魂入墓,,〇華蓋孛師,,×白虎猖狂,×白虎猖狂,×火入天羅,◯丙奇昇殿,〇奇儀相佐;×利陰害陽,×乙奇入墓,×太白擒蛇,,×火入勾陳;×貴人入獄,,門迫
陽5局庚午,戊,兌,坤,天芮,死門,戌亥,己,癸,辛,丙,乙,壬,丁戊,庚,癸,辛,丙,乙,壬,丁戊,庚,己,天心,天蓬,天任,天冲,天輔,天英,天芮,天柱,太陰,六合,勾陳,朱雀,九地,九天,直符,螣蛇,休門,生門,傷門,杜門,景門,死門,驚門,開門,×地刑玄武,,×網蓋天牢,,×干合孛師,,〇日月併用,,×日奇入地,◯乙奇得使,△干合蛇刑;〇小蛇化龍,,△朱雀入没;×値符飛宮,◯丁奇昇殿;×飛宮格,×官符刑格,×刑格,
陽5局辛未,戊,艮,坤,天芮,死門,戌亥,壬,丁戊,庚,己,癸,辛,丙,乙,癸,辛,丙,乙,壬,丁戊,庚,己,天英,天芮,天柱,天心,天蓬,天任,天冲,天輔,九天,直符,螣蛇,太陰,六合,勾陳,朱雀,九地,杜門,景門,死門,驚門,開門,休門,生門,傷門,×幼女奸淫,,×朱雀入獄;×青龍折足,◯丁奇得使;×丁奇入墓,×太白入熒,,△地戸蓬星,,×復見騰蛇,,〇獄神得奇;×囚獄被傷,,×焚入太白,,×日奇入霧,◯乙奇得使,反吟;門迫
陽5局壬申,戊,離,坤,天芮,死門,戌亥,辛,丙,乙,壬,丁戊,庚,己,癸,癸,辛,丙,乙,壬,丁戊,庚,己,天任,天冲,天輔,天英,天芮,天柱,天心,天蓬,勾陳,朱雀,九地,九天,直符,螣蛇,太陰,六合,傷門,杜門,景門,死門,驚門,開門,休門,生門,×天牢華蓋,,△謀事成就,,〇奇儀順遂,◯乙奇昇殿,△格名小蛇,×六儀撃刑格,〇五神互合;×龍入天牢,,△丁丁之格;×太白伏宮,×伏宮格,×刑格返名,,×華蓋地戸,,門迫
陽5局癸酉,戊,坎,坤,天芮,死門,戌亥,丁戊,庚,己,癸,辛,丙,乙,壬,癸,辛,丙,乙,壬,丁戊,庚,己,天芮,天柱,天心,天蓬,天任,天冲,天輔,天英,直符,螣蛇,太陰,六合,勾陳,朱雀,九地,九天,休門,生門,傷門,杜門,景門,死門,驚門,開門,×朱雀投江;△青龍華蓋,×朱雀投江,×白虎干格,×六儀撃刑格,×火孛地戸,,△華蓋蓬星,×六儀撃刑格,×凶蛇入獄,×六儀撃刑格,〇星奇朱雀;〇飛鳥跌穴,◯丙奇得使,×日奇被刑,,×凶蛇入獄,,
陽5局甲戌,己,壬,乾,天心,開門,申酉,癸,辛,丙,乙,壬,丁戊,庚,己,癸,辛,丙,乙,壬,丁戊,庚,己,天蓬,天任,天冲,天輔,天英,天芮,天柱,天心,螣蛇,太陰,六合,勾陳,朱雀,九地,九天,直符,休門,生門,傷門,杜門,景門,死門,驚門,開門,×天網四張,,×伏吟天庭,,×月奇孛師,,△日奇伏吟,,×蛇入地羅,,〇奇入太陰;〇青龍転光;〇青龍耀明;×伏吟,,×太白同宮,,×地戸蓬鬼,,伏吟
陽5局乙亥,己,巽,乾,天心,開門,申酉,壬,丁戊,庚,己,癸,辛,丙,乙,癸,辛,丙,乙,壬,丁戊,庚,己,天英,天芮,天柱,天心,天蓬,天任,天冲,天輔,朱雀,九地,九天,直符,螣蛇,太陰,六合,勾陳,生門,傷門,杜門,景門,死門,驚門,開門,休門,×幼女奸淫,,×朱雀入獄;×青龍折足,◯丁奇得使;×丁奇入墓,×太白入熒,,△地戸蓬星,,×復見騰蛇,,〇獄神得奇;×囚獄被傷,,×焚入太白,,×日奇入霧,◯乙奇得使,反吟;門迫
陽5局丙子,己,震,乾,天心,開門,申酉,丁戊,庚,己,癸,辛,丙,乙,壬,癸,辛,丙,乙,壬,丁戊,庚,己,天芮,天柱,天心,天蓬,天任,天冲,天輔,天英,九地,九天,直符,螣蛇,太陰,六合,勾陳,朱雀,驚門,開門,休門,生門,傷門,杜門,景門,死門,×朱雀投江;△青龍華蓋,×朱雀投江,×白虎干格,×六儀撃刑格,×火孛地戸,,△華蓋蓬星,×六儀撃刑格,×凶蛇入獄,×六儀撃刑格,〇星奇朱雀;〇飛鳥跌穴,◯丙奇得使,×日奇被刑,,×凶蛇入獄,,門迫
陽5局丁丑,己,坤,乾,天心,開門,申酉,丙,乙,壬,丁戊,庚,己,癸,辛,癸,辛,丙,乙,壬,丁戊,庚,己,天冲,天輔,天英,天芮,天柱,天心,天蓬,天任,六合,勾陳,朱雀,九地,九天,直符,螣蛇,太陰,杜門,景門,死門,驚門,開門,休門,生門,傷門,×華蓋孛師,◯丙奇得使,×青龍逃走,×青龍逃走,×水蛇入火,,〇人遁吉格;△青龍合霊,◯丁奇得使,×金華水流,,△朱雀入墓;△犬遇青龍,×六儀撃刑格,×太白入網,,×入獄自刑,,門迫
陽5局戊寅,己,坤,乾,天心,開門,申酉,丙,乙,壬,丁戊,庚,己,癸,辛,癸,辛,丙,乙,壬,丁戊,庚,己,天冲,天輔,天英,天芮,天柱,天心,天蓬,天任,六合,勾陳,朱雀,九地,九天,直符,螣蛇,太陰,開門,休門,生門,傷門,杜門,景門,死門,驚門,×華蓋孛師,◯丙奇得使,×青龍逃走,◯雲遁;◯虎遁;×青龍逃走,×水蛇入火,,〇人遁吉格;△青龍合霊,◯丁奇得使,×金華水流,,△朱雀入墓;△犬遇青龍,×六儀撃刑格,×太白入網,,×入獄自刑,,
陽5局己卯,己,壬,乾,天心,開門,申酉,癸,辛,丙,乙,壬,丁戊,庚,己,癸,辛,丙,乙,壬,丁戊,庚,己,天蓬,天任,天冲,天輔,天英,天芮,天柱,天心,螣蛇,太陰,六合,勾陳,朱雀,九地,九天,直符,傷門,杜門,景門,死門,驚門,開門,休門,生門,×天網四張,,×伏吟天庭,,×月奇孛師,,△日奇伏吟,,×蛇入地羅,,〇奇入太陰;〇青龍転光;〇青龍耀明;×伏吟,◯玉女守門,×太白同宮,,×地戸蓬鬼,,伏吟;門迫
陽5局庚辰,己,兌,乾,天心,開門,申酉,辛,丙,乙,壬,丁戊,庚,己,癸,癸,辛,丙,乙,壬,丁戊,庚,己,天任,天冲,天輔,天英,天芮,天柱,天心,天蓬,太陰,六合,勾陳,朱雀,九地,九天,直符,螣蛇,死門,驚門,開門,休門,生門,傷門,杜門,景門,×天牢華蓋,,△謀事成就,,〇奇儀順遂,◯乙奇昇殿,△格名小蛇,×六儀撃刑格,〇五神互合;×龍入天牢,,△丁丁之格;×太白伏宮,,×刑格返名,×飛宮格,×華蓋地戸,,門迫
陽5局辛巳,己,艮,乾,天心,開門,申酉,庚,己,癸,辛,丙,乙,壬,丁戊,癸,辛,丙,乙,壬,丁戊,庚,己,天柱,天心,天蓬,天任,天冲,天輔,天英,天芮,九天,直符,螣蛇,太陰,六合,勾陳,朱雀,九地,景門,死門,驚門,開門,休門,生門,傷門,杜門,×反吟大格,,×遊魂入墓,,〇華蓋孛師,,×白虎猖狂,×白虎猖狂,×火入天羅,◯丙奇昇殿,〇奇儀相佐;×利陰害陽,×乙奇入墓,×太白擒蛇,,×火入勾陳;×貴人入獄,,反吟;門迫
陽5局壬午,己,離,乾,天心,開門,申酉,乙,壬,丁戊,庚,己,癸,辛,丙,癸,辛,丙,乙,壬,丁戊,庚,己,天輔,天英,天芮,天柱,天心,天蓬,天任,天冲,勾陳,朱雀,九地,九天,直符,螣蛇,太陰,六合,傷門,杜門,景門,死門,驚門,開門,休門,生門,△華蓋蓬星,,×騰蛇相纏,,△星髄月転;〇青龍返首,×六儀撃刑格,△太白蓬星,,×地網高張,,×螣蛇妖矯;〇天乙会合,×螣蛇妖矯,×白虎出力,,△太孛入刑,×丙奇入墓,門迫
陽5局癸未,己,坎,乾,天心,開門,申酉,己,癸,辛,丙,乙,壬,丁戊,庚,癸,辛,丙,乙,壬,丁戊,庚,己,天心,天蓬,天任,天冲,天輔,天英,天芮,天柱,直符,螣蛇,太陰,六合,勾陳,朱雀,九地,九天,休門,生門,傷門,杜門,景門,死門,驚門,開門,×地刑玄武,,×網蓋天牢,,×干合孛師,,〇日月併用,,×日奇入地,◯乙奇得使,△干合蛇刑;〇小蛇化龍,,△朱雀入没;×値符飛宮,◯丁奇昇殿,×官符刑格,×伏宮格;×刑格,
陽5局甲申,庚,兌,兌,天柱,驚門,午未,癸,辛,丙,乙,壬,丁戊,庚,己,癸,辛,丙,乙,壬,丁戊,庚,己,天蓬,天任,天冲,天輔,天英,天芮,天柱,天心,太陰,六合,勾陳,朱雀,九地,九天,直符,螣蛇,休門,生門,傷門,杜門,景門,死門,驚門,開門,×天網四張,,×伏吟天庭,,×月奇孛師,,△日奇伏吟,,×蛇入地羅,,〇奇入太陰;〇青龍転光;〇青龍耀明;×伏吟,,×太白同宮,×伏宮格;×飛宮格,×地戸蓬鬼,,伏吟
陽5局乙酉,庚,巽,兌,天柱,驚門,午未,乙,壬,丁戊,庚,己,癸,辛,丙,癸,辛,丙,乙,壬,丁戊,庚,己,天輔,天英,天芮,天柱,天心,天蓬,天任,天冲,朱雀,九地,九天,直符,螣蛇,太陰,六合,勾陳,死門,驚門,開門,休門,生門,傷門,杜門,景門,△華蓋蓬星,,×騰蛇相纏,,△星髄月転;〇青龍返首,×六儀撃刑格,△太白蓬星,×時格,×地網高張,,×螣蛇妖矯;〇天乙会合,×螣蛇妖矯,×白虎出力,,△太孛入刑,×丙奇入墓,門迫
陽5局丙戌,庚,震,兌,天柱,驚門,午未,壬,丁戊,庚,己,癸,辛,丙,乙,癸,辛,丙,乙,壬,丁戊,庚,己,天英,天芮,天柱,天心,天蓬,天任,天冲,天輔,九地,九天,直符,螣蛇,太陰,六合,勾陳,朱雀,傷門,杜門,景門,死門,驚門,開門,休門,生門,×幼女奸淫,,×朱雀入獄;×青龍折足,◯丁奇得使;×丁奇入墓,×太白入熒,×時格,△地戸蓬星,,×復見騰蛇,,〇獄神得奇;×囚獄被傷,,×焚入太白,,×日奇入霧,◯乙奇得使,反吟;門迫
陽5局丁亥,庚,坤,兌,天柱,驚門,午未,辛,丙,乙,壬,丁戊,庚,己,癸,癸,辛,丙,乙,壬,丁戊,庚,己,天任,天冲,天輔,天英,天芮,天柱,天心,天蓬,六合,勾陳,朱雀,九地,九天,直符,螣蛇,太陰,驚門,開門,休門,生門,傷門,杜門,景門,死門,×天牢華蓋,,△謀事成就,,〇奇儀順遂,◯乙奇昇殿,△格名小蛇,×六儀撃刑格,〇五神互合;×龍入天牢,,△丁丁之格;×太白伏宮,×時格,×刑格返名,,×華蓋地戸,,門迫
陽5局戊子,庚,坤,兌,天柱,驚門,午未,辛,丙,乙,壬,丁戊,庚,己,癸,癸,辛,丙,乙,壬,丁戊,庚,己,天任,天冲,天輔,天英,天芮,天柱,天心,天蓬,六合,勾陳,朱雀,九地,九天,直符,螣蛇,太陰,生門,傷門,杜門,景門,死門,驚門,開門,休門,×天牢華蓋,,△謀事成就,,〇奇儀順遂,◯乙奇昇殿,△格名小蛇,×六儀撃刑格,〇五神互合;×龍入天牢,,△丁丁之格;×太白伏宮,×時格,×刑格返名,,×華蓋地戸,,門迫
陽5局己丑,庚,壬,兌,天柱,驚門,午未,己,癸,辛,丙,乙,壬,丁戊,庚,癸,辛,丙,乙,壬,丁戊,庚,己,天心,天蓬,天任,天冲,天輔,天英,天芮,天柱,螣蛇,太陰,六合,勾陳,朱雀,九地,九天,直符,景門,死門,驚門,開門,休門,生門,傷門,杜門,×地刑玄武,,×網蓋天牢,,×干合孛師,,〇日月併用,,×日奇入地,◯乙奇得使,△干合蛇刑;〇小蛇化龍,,△朱雀入没;×値符飛宮,◯丁奇昇殿,×官符刑格,×刑格;×時格,反吟;門迫
陽5局庚寅,庚,兌,兌,天柱,驚門,午未,癸,辛,丙,乙,壬,丁戊,庚,己,癸,辛,丙,乙,壬,丁戊,庚,己,天蓬,天任,天冲,天輔,天英,天芮,天柱,天心,太陰,六合,勾陳,朱雀,九地,九天,直符,螣蛇,杜門,景門,死門,驚門,開門,休門,生門,傷門,×天網四張,,×伏吟天庭,,×月奇孛師,,△日奇伏吟,,×蛇入地羅,,〇奇入太陰;〇青龍転光;〇青龍耀明;×伏吟,,×太白同宮,×伏宮格;×飛宮格;×時格,×地戸蓬鬼,,伏吟;門迫
陽5局辛卯,庚,艮,兌,天柱,驚門,午未,丁戊,庚,己,癸,辛,丙,乙,壬,癸,辛,丙,乙,壬,丁戊,庚,己,天芮,天柱,天心,天蓬,天任,天冲,天輔,天英,九天,直符,螣蛇,太陰,六合,勾陳,朱雀,九地,生門,傷門,杜門,景門,死門,驚門,開門,休門,×朱雀投江;△青龍華蓋,×朱雀投江,×白虎干格,×時格;×六儀撃刑格,×火孛地戸,,△華蓋蓬星,×六儀撃刑格,×凶蛇入獄,×六儀撃刑格,〇星奇朱雀;〇飛鳥跌穴,◯丙奇得使,×日奇被刑,,×凶蛇入獄,,門迫
陽5局壬辰,庚,離,兌,天柱,驚門,午未,丙,乙,壬,丁戊,庚,己,癸,辛,癸,辛,丙,乙,壬,丁戊,庚,己,天冲,天輔,天英,天芮,天柱,天心,天蓬,天任,勾陳,朱雀,九地,九天,直符,螣蛇,太陰,六合,開門,休門,生門,傷門,杜門,景門,死門,驚門,×華蓋孛師,◯丙奇得使,×青龍逃走,◯雲遁;◯虎遁;×青龍逃走,×水蛇入火,,〇人遁吉格;△青龍合霊,◯丁奇得使,×金華水流,×時格,△朱雀入墓;△犬遇青龍,×六儀撃刑格,×太白入網,,×入獄自刑,,
陽5局癸巳,庚,坎,兌,天柱,驚門,午未,庚,己,癸,辛,丙,乙,壬,丁戊,癸,辛,丙,乙,壬,丁戊,庚,己,天柱,天心,天蓬,天任,天冲,天輔,天英,天芮,直符,螣蛇,太陰,六合,勾陳,朱雀,九地,九天,休門,生門,傷門,杜門,景門,死門,驚門,開門,×反吟大格,×時格,×遊魂入墓,,〇華蓋孛師,,×白虎猖狂,×白虎猖狂,×火入天羅,◯丙奇昇殿,〇奇儀相佐;×利陰害陽,×乙奇入墓,×太白擒蛇,,×火入勾陳;×貴人入獄,,
陽5局甲午,辛,艮,艮,天任,生門,辰巳,癸,辛,丙,乙,壬,丁戊,庚,己,癸,辛,丙,乙,壬,丁戊,庚,己,天蓬,天任,天冲,天輔,天英,天芮,天柱,天心,九天,直符,螣蛇,太陰,六合,勾陳,朱雀,九地,休門,生門,傷門,杜門,景門,死門,驚門,開門,×天網四張,,×伏吟天庭,,×月奇孛師,,△日奇伏吟,,×蛇入地羅,,〇奇入太陰;〇青龍転光;〇青龍耀明;×伏吟,,×太白同宮,,×地戸蓬鬼,,伏吟
陽5局乙未,辛,巽,艮,天任,生門,辰巳,庚,己,癸,辛,丙,乙,壬,丁戊,癸,辛,丙,乙,壬,丁戊,庚,己,天柱,天心,天蓬,天任,天冲,天輔,天英,天芮,朱雀,九地,九天,直符,螣蛇,太陰,六合,勾陳,死門,驚門,開門,休門,生門,傷門,杜門,景門,×反吟大格,,×遊魂入墓,,〇華蓋孛師,,×白虎猖狂,×白虎猖狂,×火入天羅,◯丙奇昇殿,〇奇儀相佐;×利陰害陽,×乙奇入墓,×太白擒蛇,,×火入勾陳;×貴人入獄,,門迫
陽5局丙申,辛,震,艮,天任,生門,辰巳,己,癸,辛,丙,乙,壬,丁戊,庚,癸,辛,丙,乙,壬,丁戊,庚,己,天心,天蓬,天任,天冲,天輔,天英,天芮,天柱,九地,九天,直符,螣蛇,太陰,六合,勾陳,朱雀,生門,傷門,杜門,景門,死門,驚門,開門,休門,×地刑玄武,,×網蓋天牢,,×干合孛師,,〇日月併用,,×日奇入地,◯乙奇得使,△干合蛇刑;〇小蛇化龍,,△朱雀入没;×値符飛宮,◯丁奇昇殿,×官符刑格,×刑格,門迫
陽5局丁酉,辛,坤,艮,天任,生門,辰巳,壬,丁戊,庚,己,癸,辛,丙,乙,癸,辛,丙,乙,壬,丁戊,庚,己,天英,天芮,天柱,天心,天蓬,天任,天冲,天輔,六合,勾陳,朱雀,九地,九天,直符,螣蛇,太陰,景門,死門,驚門,開門,休門,生門,傷門,杜門,×幼女奸淫,,×朱雀入獄;×青龍折足,◯丁奇得使;×丁奇入墓,×太白入熒,,△地戸蓬星,,×復見騰蛇,,〇獄神得奇;×囚獄被傷,,×焚入太白,,×日奇入霧,◯乙奇得使,反吟;門迫
陽5局戊戌,辛,坤,艮,天任,生門,辰巳,壬,丁戊,庚,己,癸,辛,丙,乙,癸,辛,丙,乙,壬,丁戊,庚,己,天英,天芮,天柱,天心,天蓬,天任,天冲,天輔,六合,勾陳,朱雀,九地,九天,直符,螣蛇,太陰,開門,休門,生門,傷門,杜門,景門,死門,驚門,×幼女奸淫,,×朱雀入獄;×青龍折足,◯丁奇得使;×丁奇入墓,×太白入熒,,△地戸蓬星,,×復見騰蛇,,〇獄神得奇;×囚獄被傷,,×焚入太白,,×日奇入霧,◯乙奇得使,反吟
陽5局己亥,辛,壬,艮,天任,生門,辰巳,丙,乙,壬,丁戊,庚,己,癸,辛,癸,辛,丙,乙,壬,丁戊,庚,己,天冲,天輔,天英,天芮,天柱,天心,天蓬,天任,螣蛇,太陰,六合,勾陳,朱雀,九地,九天,直符,驚門,開門,休門,生門,傷門,杜門,景門,死門,×華蓋孛師,◯丙奇得使,×青龍逃走,◯雲遁;×青龍逃走,×水蛇入火,,〇人遁吉格;△青龍合霊,◯丁奇得使;◯玉女守門,×金華水流,,△朱雀入墓;△犬遇青龍,×六儀撃刑格,×太白入網,,×入獄自刑,,門迫
陽5局庚子,辛,兌,艮,天任,生門,辰巳,乙,壬,丁戊,庚,己,癸,辛,丙,癸,辛,丙,乙,壬,丁戊,庚,己,天輔,天英,天芮,天柱,天心,天蓬,天任,天冲,太陰,六合,勾陳,朱雀,九地,九天,直符,螣蛇,景門,死門,驚門,開門,休門,生門,傷門,杜門,△華蓋蓬星,,×騰蛇相纏,,△星髄月転;〇青龍返首,×六儀撃刑格,△太白蓬星,,×地網高張,,×螣蛇妖矯;〇天乙会合,×螣蛇妖矯,×白虎出力,×飛宮格,△太孛入刑,×丙奇入墓,反吟;門迫
陽5局辛丑,辛,艮,艮,天任,生門,辰巳,癸,辛,丙,乙,壬,丁戊,庚,己,癸,辛,丙,乙,壬,丁戊,庚,己,天蓬,天任,天冲,天輔,天英,天芮,天柱,天心,九天,直符,螣蛇,太陰,六合,勾陳,朱雀,九地,傷門,杜門,景門,死門,驚門,開門,休門,生門,×天網四張,,×伏吟天庭,,×月奇孛師,,△日奇伏吟,,×蛇入地羅,,〇奇入太陰;〇青龍転光;〇青龍耀明;×伏吟,,×太白同宮,,×地戸蓬鬼,,伏吟;門迫
陽5局壬寅,辛,離,艮,天任,生門,辰巳,丁戊,庚,己,癸,辛,丙,乙,壬,癸,辛,丙,乙,壬,丁戊,庚,己,天芮,天柱,天心,天蓬,天任,天冲,天輔,天英,勾陳,朱雀,九地,九天,直符,螣蛇,太陰,六合,杜門,景門,死門,驚門,開門,休門,生門,傷門,×朱雀投江;△青龍華蓋,×朱雀投江,×白虎干格,×伏宮格;×六儀撃刑格,×火孛地戸,,△華蓋蓬星,×六儀撃刑格,×凶蛇入獄,×六儀撃刑格,〇星奇朱雀;〇飛鳥跌穴,◯丙奇得使,×日奇被刑,,×凶蛇入獄,,門迫
陽5局癸卯,辛,坎,艮,天任,生門,辰巳,辛,丙,乙,壬,丁戊,庚,己,癸,癸,辛,丙,乙,壬,丁戊,庚,己,天任,天冲,天輔,天英,天芮,天柱,天心,天蓬,直符,螣蛇,太陰,六合,勾陳,朱雀,九地,九天,休門,生門,傷門,杜門,景門,死門,驚門,開門,×天牢華蓋,,△謀事成就,,〇奇儀順遂,◯乙奇昇殿,△格名小蛇,×六儀撃刑格,〇五神互合;×龍入天牢,,△丁丁之格;×太白伏宮,,×刑格返名,,×華蓋地戸,,
陽5局甲辰,壬,離,離,天英,景門,寅卯,癸,辛,丙,乙,壬,丁戊,庚,己,癸,辛,丙,乙,壬,丁戊,庚,己,天蓬,天任,天冲,天輔,天英,天芮,天柱,天心,勾陳,朱雀,九地,九天,直符,螣蛇,太陰,六合,休門,生門,傷門,杜門,景門,死門,驚門,開門,×天網四張,,×伏吟天庭,,×月奇孛師,,△日奇伏吟,,×蛇入地羅,,〇奇入太陰;〇青龍転光;〇青龍耀明;×伏吟,,×太白同宮,,×地戸蓬鬼,,伏吟
陽5局乙巳,壬,巽,離,天英,景門,寅卯,辛,丙,乙,壬,丁戊,庚,己,癸,癸,辛,丙,乙,壬,丁戊,庚,己,天任,天冲,天輔,天英,天芮,天柱,天心,天蓬,朱雀,九地,九天,直符,螣蛇,太陰,六合,勾陳,景門,死門,驚門,開門,休門,生門,傷門,杜門,×天牢華蓋,,△謀事成就,,〇奇儀順遂,◯乙奇昇殿,△格名小蛇,×地網;×六儀撃刑格,〇五神互合;×龍入天牢,,△丁丁之格;×太白伏宮,,×刑格返名,,×華蓋地戸,,反吟;門迫
陽5局丙午,壬,震,離,天英,景門,寅卯,丙,乙,壬,丁戊,庚,己,癸,辛,癸,辛,丙,乙,壬,丁戊,庚,己,天冲,天輔,天英,天芮,天柱,天心,天蓬,天任,九地,九天,直符,螣蛇,太陰,六合,勾陳,朱雀,開門,休門,生門,傷門,杜門,景門,死門,驚門,×華蓋孛師,◯丙奇得使,×青龍逃走,◯雲遁;◯虎遁;×青龍逃走,×水蛇入火,×地網,〇人遁吉格;△青龍合霊,◯丁奇得使,×金華水流,×伏宮格,△朱雀入墓;△犬遇青龍,×六儀撃刑格,×太白入網,,×入獄自刑,,
陽5局丁未,壬,坤,離,天英,景門,寅卯,己,癸,辛,丙,乙,壬,丁戊,庚,癸,辛,丙,乙,壬,丁戊,庚,己,天心,天蓬,天任,天冲,天輔,天英,天芮,天柱,六合,勾陳,朱雀,九地,九天,直符,螣蛇,太陰,傷門,杜門,景門,死門,驚門,開門,休門,生門,×地刑玄武,,×網蓋天牢,,×干合孛師,,〇日月併用,,×日奇入地,◯乙奇得使,△干合蛇刑;〇小蛇化龍,×地網,△朱雀入没;×値符飛宮,◯丁奇昇殿,×官符刑格,×刑格,門迫
陽5局戊申,壬,坤,離,天英,景門,寅卯,己,癸,辛,丙,乙,壬,丁戊,庚,癸,辛,丙,乙,壬,丁戊,庚,己,天心,天蓬,天任,天冲,天輔,天英,天芮,天柱,六合,勾陳,朱雀,九地,九天,直符,螣蛇,太陰,生門,傷門,杜門,景門,死門,驚門,開門,休門,×地刑玄武,,×網蓋天牢,,×干合孛師,,〇日月併用,,×日奇入地,◯乙奇得使,△干合蛇刑;〇小蛇化龍,×地網,△朱雀入没;×値符飛宮,◯丁奇昇殿,×官符刑格,×刑格,門迫
陽5局己酉,壬,壬,離,天英,景門,寅卯,丁戊,庚,己,癸,辛,丙,乙,壬,癸,辛,丙,乙,壬,丁戊,庚,己,天芮,天柱,天心,天蓬,天任,天冲,天輔,天英,螣蛇,太陰,六合,勾陳,朱雀,九地,九天,直符,開門,休門,生門,傷門,杜門,景門,死門,驚門,×朱雀投江;△青龍華蓋,×朱雀投江,×白虎干格,×六儀撃刑格,×火孛地戸,,△華蓋蓬星,×六儀撃刑格,×凶蛇入獄,×六儀撃刑格,〇星奇朱雀;〇飛鳥跌穴,◯丙奇得使,×日奇被刑,,×凶蛇入獄,×地網,
陽5局庚戌,壬,兌,離,天英,景門,寅卯,庚,己,癸,辛,丙,乙,壬,丁戊,癸,辛,丙,乙,壬,丁戊,庚,己,天柱,天心,天蓬,天任,天冲,天輔,天英,天芮,太陰,六合,勾陳,朱雀,九地,九天,直符,螣蛇,死門,驚門,開門,休門,生門,傷門,杜門,景門,×反吟大格,,×遊魂入墓,,〇華蓋孛師,,×白虎猖狂,×白虎猖狂,×火入天羅,◯丙奇昇殿,〇奇儀相佐;×利陰害陽,×乙奇入墓,×太白擒蛇,×飛宮格;×地網,×火入勾陳;×貴人入獄,◯玉女守門,門迫
陽5局辛亥,壬,艮,離,天英,景門,寅卯,乙,壬,丁戊,庚,己,癸,辛,丙,癸,辛,丙,乙,壬,丁戊,庚,己,天輔,天英,天芮,天柱,天心,天蓬,天任,天冲,九天,直符,螣蛇,太陰,六合,勾陳,朱雀,九地,驚門,開門,休門,生門,傷門,杜門,景門,死門,△華蓋蓬星,,×騰蛇相纏,×地網,△星髄月転;〇青龍返首,×六儀撃刑格,△太白蓬星,,×地網高張,,×螣蛇妖矯;〇天乙会合,×螣蛇妖矯,×白虎出力,,△太孛入刑,×丙奇入墓,門迫
陽5局壬子,壬,離,離,天英,景門,寅卯,癸,辛,丙,乙,壬,丁戊,庚,己,癸,辛,丙,乙,壬,丁戊,庚,己,天蓬,天任,天冲,天輔,天英,天芮,天柱,天心,勾陳,朱雀,九地,九天,直符,螣蛇,太陰,六合,杜門,景門,死門,驚門,開門,休門,生門,傷門,×天網四張,,×伏吟天庭,,×月奇孛師,,△日奇伏吟,,×蛇入地羅,×地網,〇奇入太陰;〇青龍転光;〇青龍耀明;×伏吟,,×太白同宮,,×地戸蓬鬼,,伏吟;門迫
陽5局癸丑,壬,坎,離,天英,景門,寅卯,壬,丁戊,庚,己,癸,辛,丙,乙,癸,辛,丙,乙,壬,丁戊,庚,己,天英,天芮,天柱,天心,天蓬,天任,天冲,天輔,直符,螣蛇,太陰,六合,勾陳,朱雀,九地,九天,休門,生門,傷門,杜門,景門,死門,驚門,開門,×幼女奸淫,×地網,×朱雀入獄;×青龍折足,◯丁奇得使;×丁奇入墓,×太白入熒,,△地戸蓬星,,×復見騰蛇,,〇獄神得奇;×囚獄被傷,,×焚入太白,,×日奇入霧,◯地遁;◯乙奇得使,反吟
陽5局甲寅,癸,坎,坎,天蓬,休門,子丑,癸,辛,丙,乙,壬,丁戊,庚,己,癸,辛,丙,乙,壬,丁戊,庚,己,天蓬,天任,天冲,天輔,天英,天芮,天柱,天心,直符,螣蛇,太陰,六合,勾陳,朱雀,九地,九天,休門,生門,傷門,杜門,景門,死門,驚門,開門,×天網四張,,×伏吟天庭,,×月奇孛師,,△日奇伏吟,,×蛇入地羅,,〇奇入太陰;〇青龍転光;〇青龍耀明;×伏吟,,×太白同宮,,×地戸蓬鬼,,伏吟
陽5局乙卯,癸,巽,坎,天蓬,休門,子丑,丁戊,庚,己,癸,辛,丙,乙,壬,癸,辛,丙,乙,壬,丁戊,庚,己,天芮,天柱,天心,天蓬,天任,天冲,天輔,天英,朱雀,九地,九天,直符,螣蛇,太陰,六合,勾陳,杜門,景門,死門,驚門,開門,休門,生門,傷門,×朱雀投江;△青龍華蓋,×朱雀投江,×白虎干格,×六儀撃刑格,×火孛地戸,,△華蓋蓬星,×天羅;×六儀撃刑格,×凶蛇入獄,×六儀撃刑格,〇星奇朱雀;〇飛鳥跌穴,◯丙奇得使,×日奇被刑,,×凶蛇入獄,,門迫
陽5局丙辰,癸,震,坎,天蓬,休門,子丑,庚,己,癸,辛,丙,乙,壬,丁戊,癸,辛,丙,乙,壬,丁戊,庚,己,天柱,天心,天蓬,天任,天冲,天輔,天英,天芮,九地,九天,直符,螣蛇,太陰,六合,勾陳,朱雀,驚門,開門,休門,生門,傷門,杜門,景門,死門,×反吟大格,×伏宮格,×遊魂入墓,,〇華蓋孛師,×天羅,×白虎猖狂,×白虎猖狂,×火入天羅,◯丙奇昇殿,〇奇儀相佐;×利陰害陽,×乙奇入墓,×太白擒蛇,,×火入勾陳;×貴人入獄,,門迫
陽5局丁巳,癸,坤,坎,天蓬,休門,子丑,乙,壬,丁戊,庚,己,癸,辛,丙,癸,辛,丙,乙,壬,丁戊,庚,己,天輔,天英,天芮,天柱,天心,天蓬,天任,天冲,六合,勾陳,朱雀,九地,九天,直符,螣蛇,太陰,死門,驚門,開門,休門,生門,傷門,杜門,景門,△華蓋蓬星,,×騰蛇相纏,,△星髄月転;〇青龍返首,×六儀撃刑格,△太白蓬星,,×地網高張,,×螣蛇妖矯;〇天乙会合,×螣蛇妖矯;×天羅,×白虎出力,,△太孛入刑,×丙奇入墓,門迫
陽5局戊午,癸,坤,坎,天蓬,休門,子丑,乙,壬,丁戊,庚,己,癸,辛,丙,癸,辛,丙,乙,壬,丁戊,庚,己,天輔,天英,天芮,天柱,天心,天蓬,天任,天冲,六合,勾陳,朱雀,九地,九天,直符,螣蛇,太陰,杜門,景門,死門,驚門,開門,休門,生門,傷門,△華蓋蓬星,,×騰蛇相纏,,△星髄月転;〇青龍返首,×六儀撃刑格,△太白蓬星,,×地網高張,,×螣蛇妖矯;〇天乙会合,×螣蛇妖矯;×天羅,×白虎出力,,△太孛入刑,×丙奇入墓,門迫
陽5局己未,癸,壬,坎,天蓬,休門,子丑,辛,丙,乙,壬,丁戊,庚,己,癸,癸,辛,丙,乙,壬,丁戊,庚,己,天任,天冲,天輔,天英,天芮,天柱,天心,天蓬,螣蛇,太陰,六合,勾陳,朱雀,九地,九天,直符,生門,傷門,杜門,景門,死門,驚門,開門,休門,×天牢華蓋,,△謀事成就,,〇奇儀順遂,◯乙奇昇殿,△格名小蛇,×六儀撃刑格,〇五神互合;×龍入天牢,,△丁丁之格;×太白伏宮,,×刑格返名,,×華蓋地戸,×天羅,門迫
陽5局庚申,癸,兌,坎,天蓬,休門,子丑,丙,乙,壬,丁戊,庚,己,癸,辛,癸,辛,丙,乙,壬,丁戊,庚,己,天冲,天輔,天英,天芮,天柱,天心,天蓬,天任,太陰,六合,勾陳,朱雀,九地,九天,直符,螣蛇,傷門,杜門,景門,死門,驚門,開門,休門,生門,×華蓋孛師,◯丙奇得使,×青龍逃走,×青龍逃走,×水蛇入火,,〇人遁吉格;△青龍合霊,◯丁奇得使,×金華水流,,△朱雀入墓;△犬遇青龍,×六儀撃刑格,×太白入網,×飛宮格;×天羅,×入獄自刑,,門迫
陽5局辛酉,癸,艮,坎,天蓬,休門,子丑,己,癸,辛,丙,乙,壬,丁戊,庚,癸,辛,丙,乙,壬,丁戊,庚,己,天心,天蓬,天任,天冲,天輔,天英,天芮,天柱,九天,直符,螣蛇,太陰,六合,勾陳,朱雀,九地,開門,休門,生門,傷門,杜門,景門,死門,驚門,×地刑玄武,,×網蓋天牢,×天羅,×干合孛師,,〇日月併用,,×日奇入地,◯乙奇得使,△干合蛇刑;〇小蛇化龍,,△朱雀入没;×値符飛宮,◯丁奇昇殿,×官符刑格,×刑格,
陽5局壬戌,癸,離,坎,天蓬,休門,子丑,壬,丁戊,庚,己,癸,辛,丙,乙,癸,辛,丙,乙,壬,丁戊,庚,己,天英,天芮,天柱,天心,天蓬,天任,天冲,天輔,勾陳,朱雀,九地,九天,直符,螣蛇,太陰,六合,景門,死門,驚門,開門,休門,生門,傷門,杜門,×幼女奸淫,,×朱雀入獄;×青龍折足,◯丁奇得使;×丁奇入墓,×太白入熒,,△地戸蓬星,,×復見騰蛇,×天羅,〇獄神得奇;×囚獄被傷,,×焚入太白,,×日奇入霧,◯乙奇得使,反吟;門迫
陽5局癸亥,癸,坎,坎,天蓬,休門,子丑,癸,辛,丙,乙,壬,丁戊,庚,己,癸,辛,丙,乙,壬,丁戊,庚,己,天蓬,天任,天冲,天輔,天英,天芮,天柱,天心,直符,螣蛇,太陰,六合,勾陳,朱雀,九地,九天,休門,生門,傷門,杜門,景門,死門,驚門,開門,×天網四張,×天羅,×伏吟天庭,,×月奇孛師,,△日奇伏吟,,×蛇入地羅,,〇奇入太陰;〇青龍転光;〇青龍耀明;×伏吟,,×太白同宮,,×地戸蓬鬼,,伏吟
陽6局甲子,戊,壬,乾,天心,開門,戌亥,壬,庚,丁,丙,辛,癸乙,己,戊,壬,庚,丁,丙,辛,癸乙,己,戊,天蓬,天任,天冲,天輔,天英,天芮,天柱,天心,螣蛇,太陰,六合,勾陳,朱雀,九地,九天,直符,休門,生門,傷門,杜門,景門,死門,驚門,開門,×蛇入地羅,,×太白同宮,×六儀撃刑格,〇奇入太陰,,×月奇孛師,,×伏吟天庭,×六儀撃刑格,×天網四張;△華蓋蓬星;△華蓋蓬星;△日奇伏吟,×乙奇入墓,×地戸蓬鬼,,×伏吟,,伏吟
陽6局乙丑,戊,坤,乾,天心,開門,戌亥,丁,丙,辛,癸乙,己,戊,壬,庚,壬,庚,丁,丙,辛,癸乙,己,戊,天冲,天輔,天英,天芮,天柱,天心,天蓬,天任,六合,勾陳,朱雀,九地,九天,直符,螣蛇,太陰,生門,傷門,杜門,景門,死門,驚門,開門,休門,〇五神互合,,×焚入太白,,〇獄神得奇,,〇華蓋孛師;〇奇儀順遂,×六儀撃刑格,×遊魂入墓,,△青龍華蓋;△青龍合霊,,×凶蛇入獄,,×太白伏宮,×伏宮格,門迫
陽6局丙寅,戊,巽,乾,天心,開門,戌亥,辛,癸乙,己,戊,壬,庚,丁,丙,壬,庚,丁,丙,辛,癸乙,己,戊,天英,天芮,天柱,天心,天蓬,天任,天冲,天輔,朱雀,九地,九天,直符,螣蛇,太陰,六合,勾陳,驚門,開門,休門,生門,傷門,杜門,景門,死門,×凶蛇入獄,,×太白入網;×日奇被刑,◯鬼遁,△朱雀入墓,,〇青龍返首,,×騰蛇相纏,,×反吟大格;△太白蓬星,,×火入勾陳,◯丁奇昇殿,〇飛鳥跌穴,×丙奇入墓,反吟;門迫
陽6局丁卯,戊,震,乾,天心,開門,戌亥,癸乙,己,戊,壬,庚,丁,丙,辛,壬,庚,丁,丙,辛,癸乙,己,戊,天芮,天柱,天心,天蓬,天任,天冲,天輔,天英,九地,九天,直符,螣蛇,太陰,六合,勾陳,朱雀,杜門,景門,死門,驚門,開門,休門,生門,傷門,×復見騰蛇;×日奇入地,◯鬼遁,×刑格返名,,〇青龍耀明,×六儀撃刑格,×水蛇入火,×六儀撃刑格,×白虎干格,,×朱雀投江;〇人遁吉格,×朱雀投江,△太孛入刑,,×囚獄被傷,,門迫
陽6局戊辰,戊,壬,乾,天心,開門,戌亥,壬,庚,丁,丙,辛,癸乙,己,戊,壬,庚,丁,丙,辛,癸乙,己,戊,天蓬,天任,天冲,天輔,天英,天芮,天柱,天心,螣蛇,太陰,六合,勾陳,朱雀,九地,九天,直符,開門,休門,生門,傷門,杜門,景門,死門,驚門,×蛇入地羅,,×太白同宮,×六儀撃刑格,〇奇入太陰,,×月奇孛師,,×伏吟天庭,×六儀撃刑格,×天網四張;△華蓋蓬星;△華蓋蓬星;△日奇伏吟,×乙奇入墓,×地戸蓬鬼,,×伏吟,,伏吟
陽6局己巳,戊,兌,乾,天心,開門,戌亥,庚,丁,丙,辛,癸乙,己,戊,壬,壬,庚,丁,丙,辛,癸乙,己,戊,天任,天冲,天輔,天英,天芮,天柱,天心,天蓬,太陰,六合,勾陳,朱雀,九地,九天,直符,螣蛇,傷門,杜門,景門,死門,驚門,開門,休門,生門,×金華水流,,△朱雀入没,◯丁奇得使;×丁奇入墓,〇星奇朱雀,,×干合孛師,,×網蓋天牢;×青龍逃走,◯乙奇得使;×青龍逃走,×地刑玄武;△地戸蓬星,×六儀撃刑格,×貴人入獄,,〇小蛇化龍,,門迫
陽6局庚午,戊,艮,乾,天心,開門,戌亥,己,戊,壬,庚,丁,丙,辛,癸乙,壬,庚,丁,丙,辛,癸乙,己,戊,天柱,天心,天蓬,天任,天冲,天輔,天英,天芮,九天,直符,螣蛇,太陰,六合,勾陳,朱雀,九地,死門,驚門,開門,休門,生門,傷門,杜門,景門,×地網高張,,×値符飛宮,×飛宮格,△干合蛇刑,,×太白入熒,,×朱雀入獄,,×華蓋孛師;〇日月併用,◯丙奇得使,×入獄自刑,,〇天乙会合;×利陰害陽,◯乙奇得使,門迫
陽6局辛未,戊,離,乾,天心,開門,戌亥,丙,辛,癸乙,己,戊,壬,庚,丁,壬,庚,丁,丙,辛,癸乙,己,戊,天輔,天英,天芮,天柱,天心,天蓬,天任,天冲,勾陳,朱雀,九地,九天,直符,螣蛇,太陰,六合,景門,死門,驚門,開門,休門,生門,傷門,杜門,×火入天羅,◯丙奇得使,×白虎出力,,×螣蛇妖矯;〇奇儀相佐,◯乙奇昇殿;×螣蛇妖矯,×火孛地戸,,×青龍折足,,×幼女奸淫;△格名小蛇,,×官符刑格,×刑格,〇青龍転光,,反吟;門迫
陽6局壬申,戊,坎,乾,天心,開門,戌亥,戊,壬,庚,丁,丙,辛,癸乙,己,壬,庚,丁,丙,辛,癸乙,己,戊,天心,天蓬,天任,天冲,天輔,天英,天芮,天柱,直符,螣蛇,太陰,六合,勾陳,朱雀,九地,九天,景門,死門,驚門,開門,休門,生門,傷門,杜門,×龍入天牢,,×太白擒蛇,,△丁丁之格,,△星髄月転,◯丁奇得使;◯玉女守門,△謀事成就,◯丙奇昇殿,×天牢華蓋;×白虎猖狂,×白虎猖狂,×華蓋地戸;×日奇入霧,,△犬遇青龍,,反吟;門迫
陽6局癸酉,戊,坤,乾,天心,開門,戌亥,丁,丙,辛,癸乙,己,戊,壬,庚,壬,庚,丁,丙,辛,癸乙,己,戊,天冲,天輔,天英,天芮,天柱,天心,天蓬,天任,六合,勾陳,朱雀,九地,九天,直符,螣蛇,太陰,傷門,杜門,景門,死門,驚門,開門,休門,生門,〇五神互合,,×焚入太白,,〇獄神得奇,,〇華蓋孛師;〇奇儀順遂,×六儀撃刑格,×遊魂入墓,,△青龍華蓋;△青龍合霊,,×凶蛇入獄,,×太白伏宮,×伏宮格,門迫
陽6局甲戌,己,兌,兌,天柱,驚門,申酉,壬,庚,丁,丙,辛,癸乙,己,戊,壬,庚,丁,丙,辛,癸乙,己,戊,天蓬,天任,天冲,天輔,天英,天芮,天柱,天心,太陰,六合,勾陳,朱雀,九地,九天,直符,螣蛇,休門,生門,傷門,杜門,景門,死門,驚門,開門,×蛇入地羅,,×太白同宮,×六儀撃刑格,〇奇入太陰,,×月奇孛師,,×伏吟天庭,×六儀撃刑格,×天網四張;△華蓋蓬星;△華蓋蓬星;△日奇伏吟,×乙奇入墓,×地戸蓬鬼,,×伏吟,,伏吟
陽6局乙亥,己,坤,兌,天柱,驚門,申酉,庚,丁,丙,辛,癸乙,己,戊,壬,壬,庚,丁,丙,辛,癸乙,己,戊,天任,天冲,天輔,天英,天芮,天柱,天心,天蓬,六合,勾陳,朱雀,九地,九天,直符,螣蛇,太陰,死門,驚門,開門,休門,生門,傷門,杜門,景門,×金華水流,,△朱雀入没,◯丁奇得使;◯玉女守門;×丁奇入墓,〇星奇朱雀,,×干合孛師,,×網蓋天牢;×青龍逃走,◯雲遁;◯乙奇得使;×青龍逃走,×地刑玄武;△地戸蓬星,×六儀撃刑格,×貴人入獄,,〇小蛇化龍,,門迫
陽6局丙子,己,巽,兌,天柱,驚門,申酉,丙,辛,癸乙,己,戊,壬,庚,丁,壬,庚,丁,丙,辛,癸乙,己,戊,天輔,天英,天芮,天柱,天心,天蓬,天任,天冲,朱雀,九地,九天,直符,螣蛇,太陰,六合,勾陳,傷門,杜門,景門,死門,驚門,開門,休門,生門,×火入天羅,◯丙奇得使,×白虎出力,,×螣蛇妖矯;〇奇儀相佐,◯乙奇昇殿;×螣蛇妖矯,×火孛地戸,,×青龍折足,,×幼女奸淫;△格名小蛇,,×官符刑格,×伏宮格;×刑格,〇青龍転光,,門迫
陽6局丁丑,己,震,兌,天柱,驚門,申酉,辛,癸乙,己,戊,壬,庚,丁,丙,壬,庚,丁,丙,辛,癸乙,己,戊,天英,天芮,天柱,天心,天蓬,天任,天冲,天輔,九地,九天,直符,螣蛇,太陰,六合,勾陳,朱雀,驚門,開門,休門,生門,傷門,杜門,景門,死門,×凶蛇入獄,,×太白入網;×日奇被刑,,△朱雀入墓,,〇青龍返首,,×騰蛇相纏,,×反吟大格;△太白蓬星,,×火入勾陳,◯丁奇昇殿,〇飛鳥跌穴,×丙奇入墓,反吟;門迫
陽6局戊寅,己,壬,兌,天柱,驚門,申酉,戊,壬,庚,丁,丙,辛,癸乙,己,壬,庚,丁,丙,辛,癸乙,己,戊,天心,天蓬,天任,天冲,天輔,天英,天芮,天柱,螣蛇,太陰,六合,勾陳,朱雀,九地,九天,直符,生門,傷門,杜門,景門,死門,驚門,開門,休門,×龍入天牢,,×太白擒蛇,,△丁丁之格,,△星髄月転,◯丁奇得使,△謀事成就,◯丙奇昇殿,×天牢華蓋;×白虎猖狂,×白虎猖狂,×華蓋地戸;×日奇入霧,◯地遁,△犬遇青龍,,門迫
陽6局己卯,己,兌,兌,天柱,驚門,申酉,壬,庚,丁,丙,辛,癸乙,己,戊,壬,庚,丁,丙,辛,癸乙,己,戊,天蓬,天任,天冲,天輔,天英,天芮,天柱,天心,太陰,六合,勾陳,朱雀,九地,九天,直符,螣蛇,景門,死門,驚門,開門,休門,生門,傷門,杜門,×蛇入地羅,,×太白同宮,×六儀撃刑格,〇奇入太陰,◯玉女守門,×月奇孛師,,×伏吟天庭,×六儀撃刑格,×天網四張;△華蓋蓬星;△華蓋蓬星;△日奇伏吟,×乙奇入墓,×地戸蓬鬼,,×伏吟,,伏吟;反吟;門迫
陽6局庚辰,己,艮,兌,天柱,驚門,申酉,癸乙,己,戊,壬,庚,丁,丙,辛,壬,庚,丁,丙,辛,癸乙,己,戊,天芮,天柱,天心,天蓬,天任,天冲,天輔,天英,九天,直符,螣蛇,太陰,六合,勾陳,朱雀,九地,杜門,景門,死門,驚門,開門,休門,生門,傷門,×復見騰蛇;×日奇入地,,×刑格返名,×飛宮格,〇青龍耀明,×六儀撃刑格,×水蛇入火,×六儀撃刑格,×白虎干格,,×朱雀投江;〇人遁吉格,×朱雀投江,△太孛入刑,,×囚獄被傷,,門迫
陽6局辛巳,己,離,兌,天柱,驚門,申酉,丁,丙,辛,癸乙,己,戊,壬,庚,壬,庚,丁,丙,辛,癸乙,己,戊,天冲,天輔,天英,天芮,天柱,天心,天蓬,天任,勾陳,朱雀,九地,九天,直符,螣蛇,太陰,六合,生門,傷門,杜門,景門,死門,驚門,開門,休門,〇五神互合,,×焚入太白,,〇獄神得奇,,〇華蓋孛師;〇奇儀順遂,×六儀撃刑格,×遊魂入墓,,△青龍華蓋;△青龍合霊,,×凶蛇入獄,,×太白伏宮,,門迫
陽6局壬午,己,坎,兌,天柱,驚門,申酉,己,戊,壬,庚,丁,丙,辛,癸乙,壬,庚,丁,丙,辛,癸乙,己,戊,天柱,天心,天蓬,天任,天冲,天輔,天英,天芮,直符,螣蛇,太陰,六合,勾陳,朱雀,九地,九天,開門,休門,生門,傷門,杜門,景門,死門,驚門,×地網高張,,×値符飛宮,,△干合蛇刑,,×太白入熒,,×朱雀入獄,,×華蓋孛師;〇日月併用,◯丙奇得使,×入獄自刑,,〇天乙会合;×利陰害陽,◯乙奇得使,
陽6局癸未,己,坤,兌,天柱,驚門,申酉,庚,丁,丙,辛,癸乙,己,戊,壬,壬,庚,丁,丙,辛,癸乙,己,戊,天任,天冲,天輔,天英,天芮,天柱,天心,天蓬,六合,勾陳,朱雀,九地,九天,直符,螣蛇,太陰,休門,生門,傷門,杜門,景門,死門,驚門,開門,×金華水流,,△朱雀入没,◯丁奇得使;×丁奇入墓,〇星奇朱雀,,×干合孛師,,×網蓋天牢;×青龍逃走,◯乙奇得使;×青龍逃走,×地刑玄武;△地戸蓬星,×六儀撃刑格,×貴人入獄,,〇小蛇化龍,,
陽6局甲申,庚,艮,艮,天任,生門,午未,壬,庚,丁,丙,辛,癸乙,己,戊,壬,庚,丁,丙,辛,癸乙,己,戊,天蓬,天任,天冲,天輔,天英,天芮,天柱,天心,九天,直符,螣蛇,太陰,六合,勾陳,朱雀,九地,休門,生門,傷門,杜門,景門,死門,驚門,開門,×蛇入地羅,,×太白同宮,×伏宮格;×飛宮格;×六儀撃刑格,〇奇入太陰,,×月奇孛師,,×伏吟天庭,×六儀撃刑格,×天網四張;△華蓋蓬星;△華蓋蓬星;△日奇伏吟,×乙奇入墓,×地戸蓬鬼,,×伏吟,,伏吟
陽6局乙酉,庚,坤,艮,天任,生門,午未,辛,癸乙,己,戊,壬,庚,丁,丙,壬,庚,丁,丙,辛,癸乙,己,戊,天英,天芮,天柱,天心,天蓬,天任,天冲,天輔,六合,勾陳,朱雀,九地,九天,直符,螣蛇,太陰,死門,驚門,開門,休門,生門,傷門,杜門,景門,×凶蛇入獄,,×太白入網;×日奇被刑,,△朱雀入墓,,〇青龍返首,,×騰蛇相纏,,×反吟大格;△太白蓬星,×時格,×火入勾陳,◯丁奇昇殿,〇飛鳥跌穴,×丙奇入墓,反吟;門迫
陽6局丙戌,庚,巽,艮,天任,生門,午未,己,戊,壬,庚,丁,丙,辛,癸乙,壬,庚,丁,丙,辛,癸乙,己,戊,天柱,天心,天蓬,天任,天冲,天輔,天英,天芮,朱雀,九地,九天,直符,螣蛇,太陰,六合,勾陳,生門,傷門,杜門,景門,死門,驚門,開門,休門,×地網高張,,×値符飛宮,,△干合蛇刑,,×太白入熒,×時格,×朱雀入獄,,×華蓋孛師;〇日月併用,◯丙奇得使,×入獄自刑,,〇天乙会合;×利陰害陽,◯乙奇得使,門迫
陽6局丁亥,庚,震,艮,天任,生門,午未,戊,壬,庚,丁,丙,辛,癸乙,己,壬,庚,丁,丙,辛,癸乙,己,戊,天心,天蓬,天任,天冲,天輔,天英,天芮,天柱,九地,九天,直符,螣蛇,太陰,六合,勾陳,朱雀,景門,死門,驚門,開門,休門,生門,傷門,杜門,×龍入天牢,,×太白擒蛇,,△丁丁之格,×時格,△星髄月転,◯丁奇得使,△謀事成就,◯丙奇昇殿,×天牢華蓋;×白虎猖狂,×白虎猖狂,×華蓋地戸;×日奇入霧,,△犬遇青龍,,反吟;門迫
陽6局戊子,庚,壬,艮,天任,生門,午未,丁,丙,辛,癸乙,己,戊,壬,庚,壬,庚,丁,丙,辛,癸乙,己,戊,天冲,天輔,天英,天芮,天柱,天心,天蓬,天任,螣蛇,太陰,六合,勾陳,朱雀,九地,九天,直符,開門,休門,生門,傷門,杜門,景門,死門,驚門,〇五神互合,,×焚入太白,,〇獄神得奇,,〇華蓋孛師;〇奇儀順遂,×六儀撃刑格,×遊魂入墓,,△青龍華蓋;△青龍合霊,,×凶蛇入獄,,×太白伏宮,×時格,
陽6局己丑,庚,兌,艮,天任,生門,午未,丙,辛,癸乙,己,戊,壬,庚,丁,壬,庚,丁,丙,辛,癸乙,己,戊,天輔,天英,天芮,天柱,天心,天蓬,天任,天冲,太陰,六合,勾陳,朱雀,九地,九天,直符,螣蛇,驚門,開門,休門,生門,傷門,杜門,景門,死門,×火入天羅,◯丙奇得使,×白虎出力,,×螣蛇妖矯;〇奇儀相佐,◯乙奇昇殿;×螣蛇妖矯,×火孛地戸,,×青龍折足,,×幼女奸淫;△格名小蛇,,×官符刑格,×刑格;×時格,〇青龍転光,,門迫
陽6局庚寅,庚,艮,艮,天任,生門,午未,壬,庚,丁,丙,辛,癸乙,己,戊,壬,庚,丁,丙,辛,癸乙,己,戊,天蓬,天任,天冲,天輔,天英,天芮,天柱,天心,九天,直符,螣蛇,太陰,六合,勾陳,朱雀,九地,景門,死門,驚門,開門,休門,生門,傷門,杜門,×蛇入地羅,,×太白同宮,×伏宮格;×飛宮格;×時格;×六儀撃刑格,〇奇入太陰,,×月奇孛師,,×伏吟天庭,×六儀撃刑格,×天網四張;△華蓋蓬星;△華蓋蓬星;△日奇伏吟,×乙奇入墓,×地戸蓬鬼,,×伏吟,,伏吟;反吟;門迫
陽6局辛卯,庚,離,艮,天任,生門,午未,癸乙,己,戊,壬,庚,丁,丙,辛,壬,庚,丁,丙,辛,癸乙,己,戊,天芮,天柱,天心,天蓬,天任,天冲,天輔,天英,勾陳,朱雀,九地,九天,直符,螣蛇,太陰,六合,傷門,杜門,景門,死門,驚門,開門,休門,生門,×復見騰蛇;×日奇入地,,×刑格返名,,〇青龍耀明,×六儀撃刑格,×水蛇入火,×六儀撃刑格,×白虎干格,×時格,×朱雀投江;〇人遁吉格,×朱雀投江,△太孛入刑,,×囚獄被傷,,門迫
陽6局壬辰,庚,坎,艮,天任,生門,午未,庚,丁,丙,辛,癸乙,己,戊,壬,壬,庚,丁,丙,辛,癸乙,己,戊,天任,天冲,天輔,天英,天芮,天柱,天心,天蓬,直符,螣蛇,太陰,六合,勾陳,朱雀,九地,九天,杜門,景門,死門,驚門,開門,休門,生門,傷門,×金華水流,×時格,△朱雀入没,◯丁奇得使;×丁奇入墓,〇星奇朱雀,,×干合孛師,,×網蓋天牢;×青龍逃走,◯雲遁;◯乙奇得使;×青龍逃走,×地刑玄武;△地戸蓬星,×六儀撃刑格,×貴人入獄,,〇小蛇化龍,,門迫
陽6局癸巳,庚,坤,艮,天任,生門,午未,辛,癸乙,己,戊,壬,庚,丁,丙,壬,庚,丁,丙,辛,癸乙,己,戊,天英,天芮,天柱,天心,天蓬,天任,天冲,天輔,六合,勾陳,朱雀,九地,九天,直符,螣蛇,太陰,休門,生門,傷門,杜門,景門,死門,驚門,開門,×凶蛇入獄,,×太白入網;×日奇被刑,,△朱雀入墓,,〇青龍返首,,×騰蛇相纏,,×反吟大格;△太白蓬星,×時格,×火入勾陳,◯丁奇昇殿,〇飛鳥跌穴,×丙奇入墓,反吟
陽6局甲午,辛,離,離,天英,景門,辰巳,壬,庚,丁,丙,辛,癸乙,己,戊,壬,庚,丁,丙,辛,癸乙,己,戊,天蓬,天任,天冲,天輔,天英,天芮,天柱,天心,勾陳,朱雀,九地,九天,直符,螣蛇,太陰,六合,休門,生門,傷門,杜門,景門,死門,驚門,開門,×蛇入地羅,,×太白同宮,×六儀撃刑格,〇奇入太陰,,×月奇孛師,,×伏吟天庭,×六儀撃刑格,×天網四張;△華蓋蓬星;△華蓋蓬星;△日奇伏吟,×乙奇入墓,×地戸蓬鬼,,×伏吟,,伏吟
陽6局乙未,辛,坤,離,天英,景門,辰巳,戊,壬,庚,丁,丙,辛,癸乙,己,壬,庚,丁,丙,辛,癸乙,己,戊,天心,天蓬,天任,天冲,天輔,天英,天芮,天柱,六合,勾陳,朱雀,九地,九天,直符,螣蛇,太陰,景門,死門,驚門,開門,休門,生門,傷門,杜門,×龍入天牢,,×太白擒蛇,,△丁丁之格,,△星髄月転,◯丁奇得使,△謀事成就,◯丙奇昇殿,×天牢華蓋;×白虎猖狂,×白虎猖狂,×華蓋地戸;×日奇入霧,,△犬遇青龍,,反吟;門迫
陽6局丙申,辛,巽,離,天英,景門,辰巳,庚,丁,丙,辛,癸乙,己,戊,壬,壬,庚,丁,丙,辛,癸乙,己,戊,天任,天冲,天輔,天英,天芮,天柱,天心,天蓬,朱雀,九地,九天,直符,螣蛇,太陰,六合,勾陳,開門,休門,生門,傷門,杜門,景門,死門,驚門,×金華水流,,△朱雀入没,◯丁奇得使;×丁奇入墓,〇星奇朱雀,◯天遁;◯神遁,×干合孛師,,×網蓋天牢;×青龍逃走,◯乙奇得使;×青龍逃走,×地刑玄武;△地戸蓬星,×六儀撃刑格,×貴人入獄,,〇小蛇化龍,,
陽6局丁酉,辛,震,離,天英,景門,辰巳,丁,丙,辛,癸乙,己,戊,壬,庚,壬,庚,丁,丙,辛,癸乙,己,戊,天冲,天輔,天英,天芮,天柱,天心,天蓬,天任,九地,九天,直符,螣蛇,太陰,六合,勾陳,朱雀,傷門,杜門,景門,死門,驚門,開門,休門,生門,〇五神互合,,×焚入太白,,〇獄神得奇,,〇華蓋孛師;〇奇儀順遂,×六儀撃刑格,×遊魂入墓,,△青龍華蓋;△青龍合霊,,×凶蛇入獄,,×太白伏宮,,門迫
陽6局戊戌,辛,壬,離,天英,景門,辰巳,癸乙,己,戊,壬,庚,丁,丙,辛,壬,庚,丁,丙,辛,癸乙,己,戊,天芮,天柱,天心,天蓬,天任,天冲,天輔,天英,螣蛇,太陰,六合,勾陳,朱雀,九地,九天,直符,生門,傷門,杜門,景門,死門,驚門,開門,休門,×復見騰蛇;×日奇入地,,×刑格返名,,〇青龍耀明,×六儀撃刑格,×水蛇入火,×六儀撃刑格,×白虎干格,×伏宮格,×朱雀投江;〇人遁吉格,×朱雀投江,△太孛入刑,,×囚獄被傷,,門迫
陽6局己亥,辛,兌,離,天英,景門,辰巳,己,戊,壬,庚,丁,丙,辛,癸乙,壬,庚,丁,丙,辛,癸乙,己,戊,天柱,天心,天蓬,天任,天冲,天輔,天英,天芮,太陰,六合,勾陳,朱雀,九地,九天,直符,螣蛇,開門,休門,生門,傷門,杜門,景門,死門,驚門,×地網高張,,×値符飛宮,,△干合蛇刑,,×太白入熒,,×朱雀入獄,,×華蓋孛師;〇日月併用,◯丙奇得使,×入獄自刑,,〇天乙会合;×利陰害陽,◯乙奇得使,
陽6局庚子,辛,艮,離,天英,景門,辰巳,丙,辛,癸乙,己,戊,壬,庚,丁,壬,庚,丁,丙,辛,癸乙,己,戊,天輔,天英,天芮,天柱,天心,天蓬,天任,天冲,九天,直符,螣蛇,太陰,六合,勾陳,朱雀,九地,死門,驚門,開門,休門,生門,傷門,杜門,景門,×火入天羅,◯丙奇得使,×白虎出力,×飛宮格,×螣蛇妖矯;〇奇儀相佐,◯乙奇昇殿;×螣蛇妖矯,×火孛地戸,,×青龍折足,,×幼女奸淫;△格名小蛇,,×官符刑格,×刑格,〇青龍転光,◯玉女守門,門迫
陽6局辛丑,辛,離,離,天英,景門,辰巳,壬,庚,丁,丙,辛,癸乙,己,戊,壬,庚,丁,丙,辛,癸乙,己,戊,天蓬,天任,天冲,天輔,天英,天芮,天柱,天心,勾陳,朱雀,九地,九天,直符,螣蛇,太陰,六合,驚門,開門,休門,生門,傷門,杜門,景門,死門,×蛇入地羅,,×太白同宮,×六儀撃刑格,〇奇入太陰,,×月奇孛師,◯神遁,×伏吟天庭,×六儀撃刑格,×天網四張;△華蓋蓬星;△華蓋蓬星;△日奇伏吟,×乙奇入墓,×地戸蓬鬼,,×伏吟,,伏吟;門迫
陽6局壬寅,辛,坎,離,天英,景門,辰巳,辛,癸乙,己,戊,壬,庚,丁,丙,壬,庚,丁,丙,辛,癸乙,己,戊,天英,天芮,天柱,天心,天蓬,天任,天冲,天輔,直符,螣蛇,太陰,六合,勾陳,朱雀,九地,九天,杜門,景門,死門,驚門,開門,休門,生門,傷門,×凶蛇入獄,,×太白入網;×日奇被刑,,△朱雀入墓,,〇青龍返首,,×騰蛇相纏,,×反吟大格;△太白蓬星,,×火入勾陳,◯丁奇昇殿,〇飛鳥跌穴,×丙奇入墓,反吟;門迫
陽6局癸卯,辛,坤,離,天英,景門,辰巳,戊,壬,庚,丁,丙,辛,癸乙,己,壬,庚,丁,丙,辛,癸乙,己,戊,天心,天蓬,天任,天冲,天輔,天英,天芮,天柱,六合,勾陳,朱雀,九地,九天,直符,螣蛇,太陰,休門,生門,傷門,杜門,景門,死門,驚門,開門,×龍入天牢,,×太白擒蛇,,△丁丁之格,,△星髄月転,◯丁奇得使,△謀事成就,◯丙奇昇殿,×天牢華蓋;×白虎猖狂,×白虎猖狂,×華蓋地戸;×日奇入霧,,△犬遇青龍,,
陽6局甲辰,壬,坎,坎,天蓬,休門,寅卯,壬,庚,丁,丙,辛,癸乙,己,戊,壬,庚,丁,丙,辛,癸乙,己,戊,天蓬,天任,天冲,天輔,天英,天芮,天柱,天心,直符,螣蛇,太陰,六合,勾陳,朱雀,九地,九天,休門,生門,傷門,杜門,景門,死門,驚門,開門,×蛇入地羅,,×太白同宮,×六儀撃刑格,〇奇入太陰,,×月奇孛師,,×伏吟天庭,×六儀撃刑格,×天網四張;△華蓋蓬星;△華蓋蓬星;△日奇伏吟,×乙奇入墓,×地戸蓬鬼,,×伏吟,,伏吟
陽6局乙巳,壬,坤,坎,天蓬,休門,寅卯,丙,辛,癸乙,己,戊,壬,庚,丁,壬,庚,丁,丙,辛,癸乙,己,戊,天輔,天英,天芮,天柱,天心,天蓬,天任,天冲,六合,勾陳,朱雀,九地,九天,直符,螣蛇,太陰,杜門,景門,死門,驚門,開門,休門,生門,傷門,×火入天羅,◯丙奇得使,×白虎出力,,×螣蛇妖矯;〇奇儀相佐,◯乙奇昇殿;×螣蛇妖矯,×火孛地戸,,×青龍折足,,×幼女奸淫;△格名小蛇,×地網,×官符刑格,×刑格,〇青龍転光,,門迫
陽6局丙午,壬,巽,坎,天蓬,休門,寅卯,癸乙,己,戊,壬,庚,丁,丙,辛,壬,庚,丁,丙,辛,癸乙,己,戊,天芮,天柱,天心,天蓬,天任,天冲,天輔,天英,朱雀,九地,九天,直符,螣蛇,太陰,六合,勾陳,驚門,開門,休門,生門,傷門,杜門,景門,死門,×復見騰蛇;×日奇入地,,×刑格返名,,〇青龍耀明,×六儀撃刑格,×水蛇入火,×地網;×六儀撃刑格,×白虎干格,,×朱雀投江;〇人遁吉格,×朱雀投江,△太孛入刑,,×囚獄被傷,,門迫
陽6局丁未,壬,震,坎,天蓬,休門,寅卯,己,戊,壬,庚,丁,丙,辛,癸乙,壬,庚,丁,丙,辛,癸乙,己,戊,天柱,天心,天蓬,天任,天冲,天輔,天英,天芮,九地,九天,直符,螣蛇,太陰,六合,勾陳,朱雀,死門,驚門,開門,休門,生門,傷門,杜門,景門,×地網高張,,×値符飛宮,,△干合蛇刑,×地網,×太白入熒,,×朱雀入獄,,×華蓋孛師;〇日月併用,◯丙奇得使,×入獄自刑,,〇天乙会合;×利陰害陽,◯乙奇得使,門迫
陽6局戊申,壬,壬,坎,天蓬,休門,寅卯,庚,丁,丙,辛,癸乙,己,戊,壬,壬,庚,丁,丙,辛,癸乙,己,戊,天任,天冲,天輔,天英,天芮,天柱,天心,天蓬,螣蛇,太陰,六合,勾陳,朱雀,九地,九天,直符,杜門,景門,死門,驚門,開門,休門,生門,傷門,×金華水流,×伏宮格,△朱雀入没,◯丁奇得使;×丁奇入墓,〇星奇朱雀,,×干合孛師,,×網蓋天牢;×青龍逃走,◯雲遁;◯乙奇得使;×青龍逃走,×地刑玄武;△地戸蓬星,×六儀撃刑格,×貴人入獄,,〇小蛇化龍,×地網,門迫
陽6局己酉,壬,兌,坎,天蓬,休門,寅卯,丁,丙,辛,癸乙,己,戊,壬,庚,壬,庚,丁,丙,辛,癸乙,己,戊,天冲,天輔,天英,天芮,天柱,天心,天蓬,天任,太陰,六合,勾陳,朱雀,九地,九天,直符,螣蛇,生門,傷門,杜門,景門,死門,驚門,開門,休門,〇五神互合,,×焚入太白,,〇獄神得奇,,〇華蓋孛師;〇奇儀順遂,×六儀撃刑格,×遊魂入墓,,△青龍華蓋;△青龍合霊,,×凶蛇入獄,×地網,×太白伏宮,,門迫
陽6局庚戌,壬,艮,坎,天蓬,休門,寅卯,戊,壬,庚,丁,丙,辛,癸乙,己,壬,庚,丁,丙,辛,癸乙,己,戊,天心,天蓬,天任,天冲,天輔,天英,天芮,天柱,九天,直符,螣蛇,太陰,六合,勾陳,朱雀,九地,傷門,杜門,景門,死門,驚門,開門,休門,生門,×龍入天牢,,×太白擒蛇,×飛宮格;×地網,△丁丁之格,,△星髄月転,◯丁奇得使,△謀事成就,◯丙奇昇殿,×天牢華蓋;×白虎猖狂,×白虎猖狂,×華蓋地戸;×日奇入霧,,△犬遇青龍,,門迫
陽6局辛亥,壬,離,坎,天蓬,休門,寅卯,辛,癸乙,己,戊,壬,庚,丁,丙,壬,庚,丁,丙,辛,癸乙,己,戊,天英,天芮,天柱,天心,天蓬,天任,天冲,天輔,勾陳,朱雀,九地,九天,直符,螣蛇,太陰,六合,開門,休門,生門,傷門,杜門,景門,死門,驚門,×凶蛇入獄,,×太白入網;×日奇被刑,,△朱雀入墓,,〇青龍返首,,×騰蛇相纏,×地網,×反吟大格;△太白蓬星,,×火入勾陳,◯丁奇昇殿,〇飛鳥跌穴,×丙奇入墓,反吟
陽6局壬子,壬,坎,坎,天蓬,休門,寅卯,壬,庚,丁,丙,辛,癸乙,己,戊,壬,庚,丁,丙,辛,癸乙,己,戊,天蓬,天任,天冲,天輔,天英,天芮,天柱,天心,直符,螣蛇,太陰,六合,勾陳,朱雀,九地,九天,景門,死門,驚門,開門,休門,生門,傷門,杜門,×蛇入地羅,×地網,×太白同宮,×六儀撃刑格,〇奇入太陰,,×月奇孛師,,×伏吟天庭,×六儀撃刑格,×天網四張;△華蓋蓬星;△華蓋蓬星;△日奇伏吟,×乙奇入墓,×地戸蓬鬼,,×伏吟,,伏吟;反吟;門迫
陽6局癸丑,壬,坤,坎,天蓬,休門,寅卯,丙,辛,癸乙,己,戊,壬,庚,丁,壬,庚,丁,丙,辛,癸乙,己,戊,天輔,天英,天芮,天柱,天心,天蓬,天任,天冲,六合,勾陳,朱雀,九地,九天,直符,螣蛇,太陰,休門,生門,傷門,杜門,景門,死門,驚門,開門,×火入天羅,◯丙奇得使,×白虎出力,,×螣蛇妖矯;〇奇儀相佐,◯乙奇昇殿;×螣蛇妖矯,×火孛地戸,,×青龍折足,,×幼女奸淫;△格名小蛇,×地網,×官符刑格,×刑格,〇青龍転光,,
陽6局甲寅,癸,坤,坤,天芮,死門,子丑,壬,庚,丁,丙,辛,癸乙,己,戊,壬,庚,丁,丙,辛,癸乙,己,戊,天蓬,天任,天冲,天輔,天英,天芮,天柱,天心,六合,勾陳,朱雀,九地,九天,直符,螣蛇,太陰,休門,生門,傷門,杜門,景門,死門,驚門,開門,×蛇入地羅,,×太白同宮,×六儀撃刑格,〇奇入太陰,,×月奇孛師,,×伏吟天庭,×六儀撃刑格,×天網四張;△華蓋蓬星;△華蓋蓬星;△日奇伏吟,×乙奇入墓,×地戸蓬鬼,,×伏吟,,伏吟
陽6局乙卯,癸,坤,坤,天芮,死門,子丑,壬,庚,丁,丙,辛,癸乙,己,戊,壬,庚,丁,丙,辛,癸乙,己,戊,天蓬,天任,天冲,天輔,天英,天芮,天柱,天心,六合,勾陳,朱雀,九地,九天,直符,螣蛇,太陰,杜門,景門,死門,驚門,開門,休門,生門,傷門,×蛇入地羅,,×太白同宮,×六儀撃刑格,〇奇入太陰,◯玉女守門,×月奇孛師,,×伏吟天庭,×六儀撃刑格,×天網四張;△華蓋蓬星;△華蓋蓬星;△日奇伏吟,×天羅;×乙奇入墓,×地戸蓬鬼,,×伏吟,,伏吟;門迫
陽6局丙辰,癸,巽,坤,天芮,死門,子丑,丁,丙,辛,癸乙,己,戊,壬,庚,壬,庚,丁,丙,辛,癸乙,己,戊,天冲,天輔,天英,天芮,天柱,天心,天蓬,天任,朱雀,九地,九天,直符,螣蛇,太陰,六合,勾陳,傷門,杜門,景門,死門,驚門,開門,休門,生門,〇五神互合,,×焚入太白,,〇獄神得奇,,〇華蓋孛師;〇奇儀順遂,×天羅;×六儀撃刑格,×遊魂入墓,,△青龍華蓋;△青龍合霊,,×凶蛇入獄,,×太白伏宮,,門迫
陽6局丁巳,癸,震,坤,天芮,死門,子丑,丙,辛,癸乙,己,戊,壬,庚,丁,壬,庚,丁,丙,辛,癸乙,己,戊,天輔,天英,天芮,天柱,天心,天蓬,天任,天冲,九地,九天,直符,螣蛇,太陰,六合,勾陳,朱雀,休門,生門,傷門,杜門,景門,死門,驚門,開門,×火入天羅,◯丙奇得使,×白虎出力,,×螣蛇妖矯;〇奇儀相佐,◯乙奇昇殿;×螣蛇妖矯;×天羅,×火孛地戸,,×青龍折足,,×幼女奸淫;△格名小蛇,,×官符刑格,×刑格,〇青龍転光,,
陽6局戊午,癸,壬,坤,天芮,死門,子丑,己,戊,壬,庚,丁,丙,辛,癸乙,壬,庚,丁,丙,辛,癸乙,己,戊,天柱,天心,天蓬,天任,天冲,天輔,天英,天芮,螣蛇,太陰,六合,勾陳,朱雀,九地,九天,直符,驚門,開門,休門,生門,傷門,杜門,景門,死門,×地網高張,,×値符飛宮,,△干合蛇刑,,×太白入熒,,×朱雀入獄,,×華蓋孛師;〇日月併用,◯丙奇得使,×入獄自刑,,〇天乙会合;×利陰害陽,◯乙奇得使;×天羅,門迫
陽6局己未,癸,兌,坤,天芮,死門,子丑,戊,壬,庚,丁,丙,辛,癸乙,己,壬,庚,丁,丙,辛,癸乙,己,戊,天心,天蓬,天任,天冲,天輔,天英,天芮,天柱,太陰,六合,勾陳,朱雀,九地,九天,直符,螣蛇,開門,休門,生門,傷門,杜門,景門,死門,驚門,×龍入天牢,,×太白擒蛇,,△丁丁之格,,△星髄月転,◯丁奇得使,△謀事成就,◯丙奇昇殿,×天牢華蓋;×白虎猖狂,×白虎猖狂,×華蓋地戸;×日奇入霧,×天羅,△犬遇青龍,,
陽6局庚申,癸,艮,坤,天芮,死門,子丑,辛,癸乙,己,戊,壬,庚,丁,丙,壬,庚,丁,丙,辛,癸乙,己,戊,天英,天芮,天柱,天心,天蓬,天任,天冲,天輔,九天,直符,螣蛇,太陰,六合,勾陳,朱雀,九地,景門,死門,驚門,開門,休門,生門,傷門,杜門,×凶蛇入獄,,×太白入網;×日奇被刑,×飛宮格;×天羅,△朱雀入墓,,〇青龍返首,,×騰蛇相纏,,×反吟大格;△太白蓬星,×伏宮格,×火入勾陳,◯丁奇昇殿,〇飛鳥跌穴,×丙奇入墓,反吟;門迫
陽6局辛酉,癸,離,坤,天芮,死門,子丑,庚,丁,丙,辛,癸乙,己,戊,壬,壬,庚,丁,丙,辛,癸乙,己,戊,天任,天冲,天輔,天英,天芮,天柱,天心,天蓬,勾陳,朱雀,九地,九天,直符,螣蛇,太陰,六合,生門,傷門,杜門,景門,死門,驚門,開門,休門,×金華水流,,△朱雀入没,◯丁奇得使;×丁奇入墓,〇星奇朱雀,,×干合孛師,,×網蓋天牢;×青龍逃走,◯乙奇得使;×青龍逃走;×天羅,×地刑玄武;△地戸蓬星,×六儀撃刑格,×貴人入獄,,〇小蛇化龍,,門迫
陽6局壬戌,癸,坎,坤,天芮,死門,子丑,癸乙,己,戊,壬,庚,丁,丙,辛,壬,庚,丁,丙,辛,癸乙,己,戊,天芮,天柱,天心,天蓬,天任,天冲,天輔,天英,直符,螣蛇,太陰,六合,勾陳,朱雀,九地,九天,死門,驚門,開門,休門,生門,傷門,杜門,景門,×復見騰蛇;×日奇入地,×天羅,×刑格返名,,〇青龍耀明,×六儀撃刑格,×水蛇入火,×六儀撃刑格,×白虎干格,,×朱雀投江;〇人遁吉格,×朱雀投江,△太孛入刑,,×囚獄被傷,,門迫
陽6局癸亥,癸,坤,坤,天芮,死門,子丑,壬,庚,丁,丙,辛,癸乙,己,戊,壬,庚,丁,丙,辛,癸乙,己,戊,天蓬,天任,天冲,天輔,天英,天芮,天柱,天心,六合,勾陳,朱雀,九地,九天,直符,螣蛇,太陰,休門,生門,傷門,杜門,景門,死門,驚門,開門,×蛇入地羅,,×太白同宮,×六儀撃刑格,〇奇入太陰,,×月奇孛師,,×伏吟天庭,×六儀撃刑格,×天網四張;△華蓋蓬星;△華蓋蓬星;△日奇伏吟,×天羅;×乙奇入墓,×地戸蓬鬼,,×伏吟,,伏吟
陽7局甲子,戊,兌,兌,天柱,驚門,戌亥,辛,己,癸,丁,庚,壬丙,戊,乙,辛,己,癸,丁,庚,壬丙,戊,乙,天蓬,天任,天冲,天輔,天英,天芮,天柱,天心,太陰,六合,勾陳,朱雀,九地,九天,直符,螣蛇,休門,生門,傷門,杜門,景門,死門,驚門,開門,×伏吟天庭,,×地戸蓬鬼,,×天網四張,,〇奇入太陰,◯丁奇得使,×太白同宮,,×蛇入地羅;×水蛇入火;×火入天羅;×月奇孛師,◯丙奇得使,×伏吟,,△日奇伏吟,◯乙奇得使,伏吟
陽7局乙丑,戊,壬,兌,天柱,驚門,戌亥,乙,辛,己,癸,丁,庚,壬丙,戊,辛,己,癸,丁,庚,壬丙,戊,乙,天心,天蓬,天任,天冲,天輔,天英,天芮,天柱,螣蛇,太陰,六合,勾陳,朱雀,九地,九天,直符,死門,驚門,開門,休門,生門,傷門,杜門,景門,×青龍逃走,×青龍逃走,×入獄自刑,,×地刑玄武,,×螣蛇妖矯,×螣蛇妖矯;×六儀撃刑格,△朱雀入没,,×金華水流;×太白入熒,,〇小蛇化龍;〇飛鳥跌穴,,△青龍合霊,,門迫
陽7局丙寅,戊,坤,兌,天柱,驚門,戌亥,己,癸,丁,庚,壬丙,戊,乙,辛,辛,己,癸,丁,庚,壬丙,戊,乙,天任,天冲,天輔,天英,天芮,天柱,天心,天蓬,六合,勾陳,朱雀,九地,九天,直符,螣蛇,太陰,傷門,杜門,景門,死門,驚門,開門,休門,生門,×遊魂入墓,,×華蓋地戸,,×朱雀投江,×朱雀投江,△丁丁之格,,×太白擒蛇;×焚入太白,◯丙奇昇殿,×龍入天牢;〇青龍返首,,×利陰害陽,,×白虎猖狂,×白虎猖狂,門迫
陽7局丁卯,戊,巽,兌,天柱,驚門,戌亥,丁,庚,壬丙,戊,乙,辛,己,癸,辛,己,癸,丁,庚,壬丙,戊,乙,天輔,天英,天芮,天柱,天心,天蓬,天任,天冲,朱雀,九地,九天,直符,螣蛇,太陰,六合,勾陳,驚門,開門,休門,生門,傷門,杜門,景門,死門,×朱雀入獄,◯玉女守門,×官符刑格,×刑格;×六儀撃刑格,×幼女奸淫;×華蓋孛師,,〇青龍耀明,,×日奇被刑,◯乙奇得使,×凶蛇入獄;×干合孛師,,△犬遇青龍,,△華蓋蓬星,,門迫
陽7局戊辰,戊,兌,兌,天柱,驚門,戌亥,辛,己,癸,丁,庚,壬丙,戊,乙,辛,己,癸,丁,庚,壬丙,戊,乙,天蓬,天任,天冲,天輔,天英,天芮,天柱,天心,太陰,六合,勾陳,朱雀,九地,九天,直符,螣蛇,生門,傷門,杜門,景門,死門,驚門,開門,休門,×伏吟天庭,,×地戸蓬鬼,,×天網四張,,〇奇入太陰,◯丁奇得使,×太白同宮,,×蛇入地羅;×水蛇入火;×火入天羅;×月奇孛師,◯丙奇得使,×伏吟,,△日奇伏吟,◯乙奇得使,伏吟;門迫
陽7局己巳,戊,艮,兌,天柱,驚門,戌亥,壬丙,戊,乙,辛,己,癸,丁,庚,辛,己,癸,丁,庚,壬丙,戊,乙,天芮,天柱,天心,天蓬,天任,天冲,天輔,天英,九天,直符,螣蛇,太陰,六合,勾陳,朱雀,九地,景門,死門,驚門,開門,休門,生門,傷門,杜門,×騰蛇相纏;△謀事成就,◯丙奇得使,×貴人入獄,,△華蓋蓬星,◯乙奇昇殿,〇獄神得奇,,×刑格返名,,×復見騰蛇;〇華蓋孛師,,〇青龍転光,◯丁奇昇殿,△太白蓬星,,反吟;門迫
陽7局庚午,戊,離,兌,天柱,驚門,戌亥,癸,丁,庚,壬丙,戊,乙,辛,己,辛,己,癸,丁,庚,壬丙,戊,乙,天冲,天輔,天英,天芮,天柱,天心,天蓬,天任,勾陳,朱雀,九地,九天,直符,螣蛇,太陰,六合,杜門,景門,死門,驚門,開門,休門,生門,傷門,×網蓋天牢,,×火入勾陳,◯丁奇得使;×丁奇入墓,×反吟大格,,△干合蛇刑;〇星奇朱雀,×六儀撃刑格,×値符飛宮,×飛宮格,×日奇入地;〇奇儀順遂,×乙奇入墓,×囚獄被傷,,△地戸蓬星,,門迫
陽7局辛未,戊,坎,兌,天柱,驚門,戌亥,戊,乙,辛,己,癸,丁,庚,壬丙,辛,己,癸,丁,庚,壬丙,戊,乙,天柱,天心,天蓬,天任,天冲,天輔,天英,天芮,直符,螣蛇,太陰,六合,勾陳,朱雀,九地,九天,生門,傷門,杜門,景門,死門,驚門,開門,休門,×青龍折足,,×日奇入霧,,×天牢華蓋,,△朱雀入墓,,×太白入網,,〇五神互合;△星髄月転,◯玉女守門,×太白伏宮,×伏宮格,△格名小蛇;〇日月併用,×丙奇入墓,門迫
陽7局壬申,戊,坤,兌,天柱,驚門,戌亥,己,癸,丁,庚,壬丙,戊,乙,辛,辛,己,癸,丁,庚,壬丙,戊,乙,天任,天冲,天輔,天英,天芮,天柱,天心,天蓬,六合,勾陳,朱雀,九地,九天,直符,螣蛇,太陰,開門,休門,生門,傷門,杜門,景門,死門,驚門,×遊魂入墓,,×華蓋地戸,,×朱雀投江,×朱雀投江,△丁丁之格,,×太白擒蛇;×焚入太白,◯丙奇昇殿,×龍入天牢;〇青龍返首,,×利陰害陽,,×白虎猖狂,×白虎猖狂,
陽7局癸酉,戊,震,兌,天柱,驚門,戌亥,庚,壬丙,戊,乙,辛,己,癸,丁,辛,己,癸,丁,庚,壬丙,戊,乙,天英,天芮,天柱,天心,天蓬,天任,天冲,天輔,九地,九天,直符,螣蛇,太陰,六合,勾陳,朱雀,休門,生門,傷門,杜門,景門,死門,驚門,開門,×白虎干格,,×凶蛇入獄;△太孛入刑,◯神遁,△青龍華蓋,×六儀撃刑格,〇奇儀相佐,,×白虎出力,×六儀撃刑格,×地網高張;×火孛地戸,×六儀撃刑格,〇天乙会合,,〇人遁吉格,,反吟
陽7局甲戌,己,艮,艮,天任,生門,申酉,辛,己,癸,丁,庚,壬丙,戊,乙,辛,己,癸,丁,庚,壬丙,戊,乙,天蓬,天任,天冲,天輔,天英,天芮,天柱,天心,九天,直符,螣蛇,太陰,六合,勾陳,朱雀,九地,休門,生門,傷門,杜門,景門,死門,驚門,開門,×伏吟天庭,,×地戸蓬鬼,,×天網四張,,〇奇入太陰,◯丁奇得使,×太白同宮,,×蛇入地羅;×水蛇入火;×火入天羅;×月奇孛師,◯丙奇得使,×伏吟,,△日奇伏吟,◯鬼遁;◯乙奇得使,伏吟
陽7局乙亥,己,壬,艮,天任,生門,申酉,癸,丁,庚,壬丙,戊,乙,辛,己,辛,己,癸,丁,庚,壬丙,戊,乙,天冲,天輔,天英,天芮,天柱,天心,天蓬,天任,螣蛇,太陰,六合,勾陳,朱雀,九地,九天,直符,死門,驚門,開門,休門,生門,傷門,杜門,景門,×網蓋天牢,,×火入勾陳,◯丁奇得使;×丁奇入墓,×反吟大格,,△干合蛇刑;〇星奇朱雀,×六儀撃刑格,×値符飛宮,,×日奇入地;〇奇儀順遂,×乙奇入墓,×囚獄被傷,,△地戸蓬星,,門迫
陽7局丙子,己,坤,艮,天任,生門,申酉,庚,壬丙,戊,乙,辛,己,癸,丁,辛,己,癸,丁,庚,壬丙,戊,乙,天英,天芮,天柱,天心,天蓬,天任,天冲,天輔,六合,勾陳,朱雀,九地,九天,直符,螣蛇,太陰,生門,傷門,杜門,景門,死門,驚門,開門,休門,×白虎干格,,×凶蛇入獄;△太孛入刑,,△青龍華蓋,×六儀撃刑格,〇奇儀相佐,,×白虎出力,×六儀撃刑格,×地網高張;×火孛地戸,×六儀撃刑格,〇天乙会合,,〇人遁吉格,◯人遁,反吟;門迫
陽7局丁丑,己,巽,艮,天任,生門,申酉,戊,乙,辛,己,癸,丁,庚,壬丙,辛,己,癸,丁,庚,壬丙,戊,乙,天柱,天心,天蓬,天任,天冲,天輔,天英,天芮,朱雀,九地,九天,直符,螣蛇,太陰,六合,勾陳,景門,死門,驚門,開門,休門,生門,傷門,杜門,×青龍折足,,×日奇入霧,,×天牢華蓋,,△朱雀入墓,,×太白入網,,〇五神互合;△星髄月転,◯玉女守門,×太白伏宮,,△格名小蛇;〇日月併用,×丙奇入墓,反吟;門迫
陽7局戊寅,己,兌,艮,天任,生門,申酉,丁,庚,壬丙,戊,乙,辛,己,癸,辛,己,癸,丁,庚,壬丙,戊,乙,天輔,天英,天芮,天柱,天心,天蓬,天任,天冲,太陰,六合,勾陳,朱雀,九地,九天,直符,螣蛇,開門,休門,生門,傷門,杜門,景門,死門,驚門,×朱雀入獄,,×官符刑格,×伏宮格;×刑格;×六儀撃刑格,×幼女奸淫;×華蓋孛師,,〇青龍耀明,,×日奇被刑,◯鬼遁;◯乙奇得使,×凶蛇入獄;×干合孛師,,△犬遇青龍,,△華蓋蓬星,,
陽7局己卯,己,艮,艮,天任,生門,申酉,辛,己,癸,丁,庚,壬丙,戊,乙,辛,己,癸,丁,庚,壬丙,戊,乙,天蓬,天任,天冲,天輔,天英,天芮,天柱,天心,九天,直符,螣蛇,太陰,六合,勾陳,朱雀,九地,驚門,開門,休門,生門,傷門,杜門,景門,死門,×伏吟天庭,,×地戸蓬鬼,,×天網四張,,〇奇入太陰,◯丁奇得使;◯玉女守門,×太白同宮,,×蛇入地羅;×水蛇入火;×火入天羅;×月奇孛師,◯丙奇得使,×伏吟,,△日奇伏吟,◯乙奇得使,伏吟;門迫
陽7局庚辰,己,離,艮,天任,生門,申酉,壬丙,戊,乙,辛,己,癸,丁,庚,辛,己,癸,丁,庚,壬丙,戊,乙,天芮,天柱,天心,天蓬,天任,天冲,天輔,天英,勾陳,朱雀,九地,九天,直符,螣蛇,太陰,六合,景門,死門,驚門,開門,休門,生門,傷門,杜門,×騰蛇相纏;△謀事成就,◯丙奇得使,×貴人入獄,,△華蓋蓬星,◯乙奇昇殿,〇獄神得奇,,×刑格返名,×飛宮格,×復見騰蛇;〇華蓋孛師,,〇青龍転光,◯丁奇昇殿,△太白蓬星,,反吟;門迫
陽7局辛巳,己,坎,艮,天任,生門,申酉,己,癸,丁,庚,壬丙,戊,乙,辛,辛,己,癸,丁,庚,壬丙,戊,乙,天任,天冲,天輔,天英,天芮,天柱,天心,天蓬,直符,螣蛇,太陰,六合,勾陳,朱雀,九地,九天,傷門,杜門,景門,死門,驚門,開門,休門,生門,×遊魂入墓,,×華蓋地戸,,×朱雀投江,×朱雀投江,△丁丁之格,,×太白擒蛇;×焚入太白,◯丙奇昇殿,×龍入天牢;〇青龍返首,,×利陰害陽,,×白虎猖狂,×白虎猖狂,門迫
陽7局壬午,己,坤,艮,天任,生門,申酉,庚,壬丙,戊,乙,辛,己,癸,丁,辛,己,癸,丁,庚,壬丙,戊,乙,天英,天芮,天柱,天心,天蓬,天任,天冲,天輔,六合,勾陳,朱雀,九地,九天,直符,螣蛇,太陰,杜門,景門,死門,驚門,開門,休門,生門,傷門,×白虎干格,,×凶蛇入獄;△太孛入刑,,△青龍華蓋,×六儀撃刑格,〇奇儀相佐,,×白虎出力,×六儀撃刑格,×地網高張;×火孛地戸,×六儀撃刑格,〇天乙会合,,〇人遁吉格,,反吟;門迫
陽7局癸未,己,震,艮,天任,生門,申酉,乙,辛,己,癸,丁,庚,壬丙,戊,辛,己,癸,丁,庚,壬丙,戊,乙,天心,天蓬,天任,天冲,天輔,天英,天芮,天柱,九地,九天,直符,螣蛇,太陰,六合,勾陳,朱雀,休門,生門,傷門,杜門,景門,死門,驚門,開門,×青龍逃走,◯雲遁;◯龍遁;×青龍逃走,×入獄自刑,,×地刑玄武,,×螣蛇妖矯,×螣蛇妖矯;×六儀撃刑格,△朱雀入没,,×金華水流;×太白入熒,,〇小蛇化龍;〇飛鳥跌穴,,△青龍合霊,,
陽7局甲申,庚,離,離,天英,景門,午未,辛,己,癸,丁,庚,壬丙,戊,乙,辛,己,癸,丁,庚,壬丙,戊,乙,天蓬,天任,天冲,天輔,天英,天芮,天柱,天心,勾陳,朱雀,九地,九天,直符,螣蛇,太陰,六合,休門,生門,傷門,杜門,景門,死門,驚門,開門,×伏吟天庭,,×地戸蓬鬼,,×天網四張,,〇奇入太陰,◯丁奇得使,×太白同宮,×伏宮格;×飛宮格,×蛇入地羅;×水蛇入火;×火入天羅;×月奇孛師,◯丙奇得使,×伏吟,,△日奇伏吟,◯乙奇得使,伏吟
陽7局乙酉,庚,壬,離,天英,景門,午未,壬丙,戊,乙,辛,己,癸,丁,庚,辛,己,癸,丁,庚,壬丙,戊,乙,天芮,天柱,天心,天蓬,天任,天冲,天輔,天英,螣蛇,太陰,六合,勾陳,朱雀,九地,九天,直符,景門,死門,驚門,開門,休門,生門,傷門,杜門,×騰蛇相纏;△謀事成就,◯丙奇得使,×貴人入獄,,△華蓋蓬星,◯乙奇昇殿,〇獄神得奇,,×刑格返名,,×復見騰蛇;〇華蓋孛師,,〇青龍転光,◯丁奇昇殿,△太白蓬星,×時格,反吟;門迫
陽7局丙戌,庚,坤,離,天英,景門,午未,乙,辛,己,癸,丁,庚,壬丙,戊,辛,己,癸,丁,庚,壬丙,戊,乙,天心,天蓬,天任,天冲,天輔,天英,天芮,天柱,六合,勾陳,朱雀,九地,九天,直符,螣蛇,太陰,開門,休門,生門,傷門,杜門,景門,死門,驚門,×青龍逃走,◯雲遁;×青龍逃走,×入獄自刑,,×地刑玄武,,×螣蛇妖矯,×螣蛇妖矯;×六儀撃刑格,△朱雀入没,,×金華水流;×太白入熒,×時格,〇小蛇化龍;〇飛鳥跌穴,,△青龍合霊,,
陽7局丁亥,庚,巽,離,天英,景門,午未,己,癸,丁,庚,壬丙,戊,乙,辛,辛,己,癸,丁,庚,壬丙,戊,乙,天任,天冲,天輔,天英,天芮,天柱,天心,天蓬,朱雀,九地,九天,直符,螣蛇,太陰,六合,勾陳,傷門,杜門,景門,死門,驚門,開門,休門,生門,×遊魂入墓,,×華蓋地戸,,×朱雀投江,◯玉女守門;×朱雀投江,△丁丁之格,×時格,×太白擒蛇;×焚入太白,◯丙奇昇殿,×龍入天牢;〇青龍返首,,×利陰害陽,,×白虎猖狂,×白虎猖狂,門迫
陽7局戊子,庚,兌,離,天英,景門,午未,戊,乙,辛,己,癸,丁,庚,壬丙,辛,己,癸,丁,庚,壬丙,戊,乙,天柱,天心,天蓬,天任,天冲,天輔,天英,天芮,太陰,六合,勾陳,朱雀,九地,九天,直符,螣蛇,生門,傷門,杜門,景門,死門,驚門,開門,休門,×青龍折足,,×日奇入霧,,×天牢華蓋,,△朱雀入墓,,×太白入網,,〇五神互合;△星髄月転,,×太白伏宮,×時格,△格名小蛇;〇日月併用,×丙奇入墓,門迫
陽7局己丑,庚,艮,離,天英,景門,午未,丁,庚,壬丙,戊,乙,辛,己,癸,辛,己,癸,丁,庚,壬丙,戊,乙,天輔,天英,天芮,天柱,天心,天蓬,天任,天冲,九天,直符,螣蛇,太陰,六合,勾陳,朱雀,九地,開門,休門,生門,傷門,杜門,景門,死門,驚門,×朱雀入獄,,×官符刑格,×刑格;×時格;×六儀撃刑格,×幼女奸淫;×華蓋孛師,,〇青龍耀明,,×日奇被刑,◯乙奇得使,×凶蛇入獄;×干合孛師,,△犬遇青龍,,△華蓋蓬星,,
陽7局庚寅,庚,離,離,天英,景門,午未,辛,己,癸,丁,庚,壬丙,戊,乙,辛,己,癸,丁,庚,壬丙,戊,乙,天蓬,天任,天冲,天輔,天英,天芮,天柱,天心,勾陳,朱雀,九地,九天,直符,螣蛇,太陰,六合,死門,驚門,開門,休門,生門,傷門,杜門,景門,×伏吟天庭,,×地戸蓬鬼,,×天網四張,,〇奇入太陰,◯丁奇得使,×太白同宮,×伏宮格;×飛宮格;×時格,×蛇入地羅;×水蛇入火;×火入天羅;×月奇孛師,◯丙奇得使,×伏吟,,△日奇伏吟,◯乙奇得使,伏吟;門迫
陽7局辛卯,庚,坎,離,天英,景門,午未,庚,壬丙,戊,乙,辛,己,癸,丁,辛,己,癸,丁,庚,壬丙,戊,乙,天英,天芮,天柱,天心,天蓬,天任,天冲,天輔,直符,螣蛇,太陰,六合,勾陳,朱雀,九地,九天,驚門,開門,休門,生門,傷門,杜門,景門,死門,×白虎干格,×時格,×凶蛇入獄;△太孛入刑,,△青龍華蓋,×六儀撃刑格,〇奇儀相佐,◯風遁,×白虎出力,×六儀撃刑格,×地網高張;×火孛地戸,×六儀撃刑格,〇天乙会合,,〇人遁吉格,,反吟;門迫
陽7局壬辰,庚,坤,離,天英,景門,午未,乙,辛,己,癸,丁,庚,壬丙,戊,辛,己,癸,丁,庚,壬丙,戊,乙,天心,天蓬,天任,天冲,天輔,天英,天芮,天柱,六合,勾陳,朱雀,九地,九天,直符,螣蛇,太陰,杜門,景門,死門,驚門,開門,休門,生門,傷門,×青龍逃走,×青龍逃走,×入獄自刑,,×地刑玄武,,×螣蛇妖矯,×螣蛇妖矯;×六儀撃刑格,△朱雀入没,,×金華水流;×太白入熒,×時格,〇小蛇化龍;〇飛鳥跌穴,,△青龍合霊,,門迫
陽7局癸巳,庚,震,離,天英,景門,午未,癸,丁,庚,壬丙,戊,乙,辛,己,辛,己,癸,丁,庚,壬丙,戊,乙,天冲,天輔,天英,天芮,天柱,天心,天蓬,天任,九地,九天,直符,螣蛇,太陰,六合,勾陳,朱雀,休門,生門,傷門,杜門,景門,死門,驚門,開門,×網蓋天牢,,×火入勾陳,◯丁奇得使;×丁奇入墓,×反吟大格,×時格,△干合蛇刑;〇星奇朱雀,×六儀撃刑格,×値符飛宮,,×日奇入地;〇奇儀順遂,×乙奇入墓,×囚獄被傷,,△地戸蓬星,,
陽7局甲午,辛,坎,坎,天蓬,休門,辰巳,辛,己,癸,丁,庚,壬丙,戊,乙,辛,己,癸,丁,庚,壬丙,戊,乙,天蓬,天任,天冲,天輔,天英,天芮,天柱,天心,直符,螣蛇,太陰,六合,勾陳,朱雀,九地,九天,休門,生門,傷門,杜門,景門,死門,驚門,開門,×伏吟天庭,,×地戸蓬鬼,,×天網四張,,〇奇入太陰,◯丁奇得使,×太白同宮,,×蛇入地羅;×水蛇入火;×火入天羅;×月奇孛師,◯丙奇得使,×伏吟,,△日奇伏吟,◯乙奇得使,伏吟
陽7局乙未,辛,壬,坎,天蓬,休門,辰巳,己,癸,丁,庚,壬丙,戊,乙,辛,辛,己,癸,丁,庚,壬丙,戊,乙,天任,天冲,天輔,天英,天芮,天柱,天心,天蓬,螣蛇,太陰,六合,勾陳,朱雀,九地,九天,直符,杜門,景門,死門,驚門,開門,休門,生門,傷門,×遊魂入墓,,×華蓋地戸,,×朱雀投江,×朱雀投江,△丁丁之格,,×太白擒蛇;×焚入太白,◯丙奇昇殿,×龍入天牢;〇青龍返首,,×利陰害陽,,×白虎猖狂,×白虎猖狂,門迫
陽7局丙申,辛,坤,坎,天蓬,休門,辰巳,丁,庚,壬丙,戊,乙,辛,己,癸,辛,己,癸,丁,庚,壬丙,戊,乙,天輔,天英,天芮,天柱,天心,天蓬,天任,天冲,六合,勾陳,朱雀,九地,九天,直符,螣蛇,太陰,驚門,開門,休門,生門,傷門,杜門,景門,死門,×朱雀入獄,,×官符刑格,×刑格;×六儀撃刑格,×幼女奸淫;×華蓋孛師,,〇青龍耀明,,×日奇被刑,◯乙奇得使,×凶蛇入獄;×干合孛師,,△犬遇青龍,,△華蓋蓬星,,門迫
陽7局丁酉,辛,巽,坎,天蓬,休門,辰巳,壬丙,戊,乙,辛,己,癸,丁,庚,辛,己,癸,丁,庚,壬丙,戊,乙,天芮,天柱,天心,天蓬,天任,天冲,天輔,天英,朱雀,九地,九天,直符,螣蛇,太陰,六合,勾陳,死門,驚門,開門,休門,生門,傷門,杜門,景門,×騰蛇相纏;△謀事成就,◯丙奇得使,×貴人入獄,,△華蓋蓬星,◯乙奇昇殿,〇獄神得奇,,×刑格返名,,×復見騰蛇;〇華蓋孛師,,〇青龍転光,◯丁奇昇殿,△太白蓬星,,門迫
陽7局戊戌,辛,兌,坎,天蓬,休門,辰巳,癸,丁,庚,壬丙,戊,乙,辛,己,辛,己,癸,丁,庚,壬丙,戊,乙,天冲,天輔,天英,天芮,天柱,天心,天蓬,天任,太陰,六合,勾陳,朱雀,九地,九天,直符,螣蛇,杜門,景門,死門,驚門,開門,休門,生門,傷門,×網蓋天牢,,×火入勾陳,◯丁奇得使;×丁奇入墓,×反吟大格,,△干合蛇刑;〇星奇朱雀,×六儀撃刑格,×値符飛宮,,×日奇入地;〇奇儀順遂,×乙奇入墓,×囚獄被傷,,△地戸蓬星,,門迫
陽7局己亥,辛,艮,坎,天蓬,休門,辰巳,乙,辛,己,癸,丁,庚,壬丙,戊,辛,己,癸,丁,庚,壬丙,戊,乙,天心,天蓬,天任,天冲,天輔,天英,天芮,天柱,九天,直符,螣蛇,太陰,六合,勾陳,朱雀,九地,生門,傷門,杜門,景門,死門,驚門,開門,休門,×青龍逃走,◯雲遁;×青龍逃走,×入獄自刑,,×地刑玄武,,×螣蛇妖矯,×螣蛇妖矯;×六儀撃刑格,△朱雀入没,,×金華水流;×太白入熒,,〇小蛇化龍;〇飛鳥跌穴,,△青龍合霊,,門迫
陽7局庚子,辛,離,坎,天蓬,休門,辰巳,庚,壬丙,戊,乙,辛,己,癸,丁,辛,己,癸,丁,庚,壬丙,戊,乙,天英,天芮,天柱,天心,天蓬,天任,天冲,天輔,勾陳,朱雀,九地,九天,直符,螣蛇,太陰,六合,傷門,杜門,景門,死門,驚門,開門,休門,生門,×白虎干格,×伏宮格,×凶蛇入獄;△太孛入刑,,△青龍華蓋,×六儀撃刑格,〇奇儀相佐,,×白虎出力,×飛宮格;×六儀撃刑格,×地網高張;×火孛地戸,×六儀撃刑格,〇天乙会合,,〇人遁吉格,,反吟;門迫
陽7局辛丑,辛,坎,坎,天蓬,休門,辰巳,辛,己,癸,丁,庚,壬丙,戊,乙,辛,己,癸,丁,庚,壬丙,戊,乙,天蓬,天任,天冲,天輔,天英,天芮,天柱,天心,直符,螣蛇,太陰,六合,勾陳,朱雀,九地,九天,開門,休門,生門,傷門,杜門,景門,死門,驚門,×伏吟天庭,,×地戸蓬鬼,,×天網四張,,〇奇入太陰,◯丁奇得使,×太白同宮,,×蛇入地羅;×水蛇入火;×火入天羅;×月奇孛師,◯丙奇得使,×伏吟,,△日奇伏吟,◯乙奇得使,伏吟
陽7局壬寅,辛,坤,坎,天蓬,休門,辰巳,丁,庚,壬丙,戊,乙,辛,己,癸,辛,己,癸,丁,庚,壬丙,戊,乙,天輔,天英,天芮,天柱,天心,天蓬,天任,天冲,六合,勾陳,朱雀,九地,九天,直符,螣蛇,太陰,景門,死門,驚門,開門,休門,生門,傷門,杜門,×朱雀入獄,,×官符刑格,×刑格;×六儀撃刑格,×幼女奸淫;×華蓋孛師,,〇青龍耀明,,×日奇被刑,◯乙奇得使,×凶蛇入獄;×干合孛師,,△犬遇青龍,,△華蓋蓬星,,反吟;門迫
陽7局癸卯,辛,震,坎,天蓬,休門,辰巳,戊,乙,辛,己,癸,丁,庚,壬丙,辛,己,癸,丁,庚,壬丙,戊,乙,天柱,天心,天蓬,天任,天冲,天輔,天英,天芮,九地,九天,直符,螣蛇,太陰,六合,勾陳,朱雀,休門,生門,傷門,杜門,景門,死門,驚門,開門,×青龍折足,,×日奇入霧,,×天牢華蓋,,△朱雀入墓,,×太白入網,,〇五神互合;△星髄月転,,×太白伏宮,,△格名小蛇;〇日月併用,×丙奇入墓,
陽7局甲辰,壬,坤,坤,天芮,死門,寅卯,辛,己,癸,丁,庚,壬丙,戊,乙,辛,己,癸,丁,庚,壬丙,戊,乙,天蓬,天任,天冲,天輔,天英,天芮,天柱,天心,六合,勾陳,朱雀,九地,九天,直符,螣蛇,太陰,休門,生門,傷門,杜門,景門,死門,驚門,開門,×伏吟天庭,,×地戸蓬鬼,,×天網四張,,〇奇入太陰,◯丁奇得使,×太白同宮,,×蛇入地羅;×水蛇入火;×火入天羅;×月奇孛師,◯丙奇得使,×伏吟,,△日奇伏吟,◯乙奇得使,伏吟
陽7局乙巳,壬,壬,坤,天芮,死門,寅卯,戊,乙,辛,己,癸,丁,庚,壬丙,辛,己,癸,丁,庚,壬丙,戊,乙,天柱,天心,天蓬,天任,天冲,天輔,天英,天芮,螣蛇,太陰,六合,勾陳,朱雀,九地,九天,直符,杜門,景門,死門,驚門,開門,休門,生門,傷門,×青龍折足,,×日奇入霧,,×天牢華蓋,,△朱雀入墓,,×太白入網,,〇五神互合;△星髄月転,,×太白伏宮,,△格名小蛇;〇日月併用,×地網;×丙奇入墓,門迫
陽7局丙午,壬,坤,坤,天芮,死門,寅卯,辛,己,癸,丁,庚,壬丙,戊,乙,辛,己,癸,丁,庚,壬丙,戊,乙,天蓬,天任,天冲,天輔,天英,天芮,天柱,天心,六合,勾陳,朱雀,九地,九天,直符,螣蛇,太陰,傷門,杜門,景門,死門,驚門,開門,休門,生門,×伏吟天庭,,×地戸蓬鬼,,×天網四張,,〇奇入太陰,◯丁奇得使;◯玉女守門,×太白同宮,,×蛇入地羅;×水蛇入火;×火入天羅;×月奇孛師,◯丙奇得使;×地網,×伏吟,,△日奇伏吟,◯乙奇得使,伏吟;門迫
陽7局丁未,壬,巽,坤,天芮,死門,寅卯,癸,丁,庚,壬丙,戊,乙,辛,己,辛,己,癸,丁,庚,壬丙,戊,乙,天冲,天輔,天英,天芮,天柱,天心,天蓬,天任,朱雀,九地,九天,直符,螣蛇,太陰,六合,勾陳,休門,生門,傷門,杜門,景門,死門,驚門,開門,×網蓋天牢,,×火入勾陳,◯丁奇得使;×丁奇入墓,×反吟大格,,△干合蛇刑;〇星奇朱雀,×地網;×六儀撃刑格,×値符飛宮,,×日奇入地;〇奇儀順遂,×乙奇入墓,×囚獄被傷,,△地戸蓬星,,
陽7局戊申,壬,兌,坤,天芮,死門,寅卯,乙,辛,己,癸,丁,庚,壬丙,戊,辛,己,癸,丁,庚,壬丙,戊,乙,天心,天蓬,天任,天冲,天輔,天英,天芮,天柱,太陰,六合,勾陳,朱雀,九地,九天,直符,螣蛇,驚門,開門,休門,生門,傷門,杜門,景門,死門,×青龍逃走,×青龍逃走,×入獄自刑,,×地刑玄武,,×螣蛇妖矯,×螣蛇妖矯;×六儀撃刑格,△朱雀入没,,×金華水流;×太白入熒,×伏宮格,〇小蛇化龍;〇飛鳥跌穴,×地網,△青龍合霊,,門迫
陽7局己酉,壬,艮,坤,天芮,死門,寅卯,庚,壬丙,戊,乙,辛,己,癸,丁,辛,己,癸,丁,庚,壬丙,戊,乙,天英,天芮,天柱,天心,天蓬,天任,天冲,天輔,九天,直符,螣蛇,太陰,六合,勾陳,朱雀,九地,開門,休門,生門,傷門,杜門,景門,死門,驚門,×白虎干格,,×凶蛇入獄;△太孛入刑,×地網,△青龍華蓋,×六儀撃刑格,〇奇儀相佐,,×白虎出力,×六儀撃刑格,×地網高張;×火孛地戸,×六儀撃刑格,〇天乙会合,,〇人遁吉格,,反吟
陽7局庚戌,壬,離,坤,天芮,死門,寅卯,己,癸,丁,庚,壬丙,戊,乙,辛,辛,己,癸,丁,庚,壬丙,戊,乙,天任,天冲,天輔,天英,天芮,天柱,天心,天蓬,勾陳,朱雀,九地,九天,直符,螣蛇,太陰,六合,景門,死門,驚門,開門,休門,生門,傷門,杜門,×遊魂入墓,,×華蓋地戸,,×朱雀投江,×朱雀投江,△丁丁之格,,×太白擒蛇;×焚入太白,◯丙奇昇殿;×飛宮格;×地網,×龍入天牢;〇青龍返首,,×利陰害陽,,×白虎猖狂,×白虎猖狂,反吟;門迫
陽7局辛亥,壬,坎,坤,天芮,死門,寅卯,壬丙,戊,乙,辛,己,癸,丁,庚,辛,己,癸,丁,庚,壬丙,戊,乙,天芮,天柱,天心,天蓬,天任,天冲,天輔,天英,直符,螣蛇,太陰,六合,勾陳,朱雀,九地,九天,生門,傷門,杜門,景門,死門,驚門,開門,休門,×騰蛇相纏;△謀事成就,◯丙奇得使;×地網,×貴人入獄,,△華蓋蓬星,◯乙奇昇殿,〇獄神得奇,,×刑格返名,,×復見騰蛇;〇華蓋孛師,,〇青龍転光,◯丁奇昇殿,△太白蓬星,,門迫
陽7局壬子,壬,坤,坤,天芮,死門,寅卯,辛,己,癸,丁,庚,壬丙,戊,乙,辛,己,癸,丁,庚,壬丙,戊,乙,天蓬,天任,天冲,天輔,天英,天芮,天柱,天心,六合,勾陳,朱雀,九地,九天,直符,螣蛇,太陰,死門,驚門,開門,休門,生門,傷門,杜門,景門,×伏吟天庭,,×地戸蓬鬼,,×天網四張,,〇奇入太陰,◯丁奇得使,×太白同宮,,×蛇入地羅;×水蛇入火;×火入天羅;×月奇孛師,◯丙奇得使;×地網,×伏吟,,△日奇伏吟,◯乙奇得使,伏吟;門迫
陽7局癸丑,壬,震,坤,天芮,死門,寅卯,丁,庚,壬丙,戊,乙,辛,己,癸,辛,己,癸,丁,庚,壬丙,戊,乙,天輔,天英,天芮,天柱,天心,天蓬,天任,天冲,九地,九天,直符,螣蛇,太陰,六合,勾陳,朱雀,休門,生門,傷門,杜門,景門,死門,驚門,開門,×朱雀入獄,,×官符刑格,×刑格;×六儀撃刑格,×幼女奸淫;×華蓋孛師,×地網,〇青龍耀明,,×日奇被刑,◯乙奇得使,×凶蛇入獄;×干合孛師,,△犬遇青龍,,△華蓋蓬星,,
陽7局甲寅,癸,震,震,天冲,傷門,子丑,辛,己,癸,丁,庚,壬丙,戊,乙,辛,己,癸,丁,庚,壬丙,戊,乙,天蓬,天任,天冲,天輔,天英,天芮,天柱,天心,九地,九天,直符,螣蛇,太陰,六合,勾陳,朱雀,休門,生門,傷門,杜門,景門,死門,驚門,開門,×伏吟天庭,,×地戸蓬鬼,,×天網四張,,〇奇入太陰,◯丁奇得使,×太白同宮,,×蛇入地羅;×水蛇入火;×火入天羅;×月奇孛師,◯丙奇得使,×伏吟,,△日奇伏吟,◯乙奇得使,伏吟
陽7局乙卯,癸,壬,震,天冲,傷門,子丑,丁,庚,壬丙,戊,乙,辛,己,癸,辛,己,癸,丁,庚,壬丙,戊,乙,天輔,天英,天芮,天柱,天心,天蓬,天任,天冲,螣蛇,太陰,六合,勾陳,朱雀,九地,九天,直符,開門,休門,生門,傷門,杜門,景門,死門,驚門,×朱雀入獄,,×官符刑格,×刑格;×六儀撃刑格,×幼女奸淫;×華蓋孛師,,〇青龍耀明,,×日奇被刑,◯乙奇得使,×凶蛇入獄;×干合孛師,,△犬遇青龍,,△華蓋蓬星,×天羅,
陽7局丙辰,癸,坤,震,天冲,傷門,子丑,壬丙,戊,乙,辛,己,癸,丁,庚,辛,己,癸,丁,庚,壬丙,戊,乙,天芮,天柱,天心,天蓬,天任,天冲,天輔,天英,六合,勾陳,朱雀,九地,九天,直符,螣蛇,太陰,死門,驚門,開門,休門,生門,傷門,杜門,景門,×騰蛇相纏;△謀事成就,◯丙奇得使,×貴人入獄,,△華蓋蓬星,◯乙奇昇殿,〇獄神得奇,,×刑格返名,,×復見騰蛇;〇華蓋孛師,×天羅,〇青龍転光,◯丁奇昇殿,△太白蓬星,,門迫
陽7局丁巳,癸,巽,震,天冲,傷門,子丑,乙,辛,己,癸,丁,庚,壬丙,戊,辛,己,癸,丁,庚,壬丙,戊,乙,天心,天蓬,天任,天冲,天輔,天英,天芮,天柱,朱雀,九地,九天,直符,螣蛇,太陰,六合,勾陳,杜門,景門,死門,驚門,開門,休門,生門,傷門,×青龍逃走,×青龍逃走,×入獄自刑,,×地刑玄武,,×螣蛇妖矯,×螣蛇妖矯;×天羅;×六儀撃刑格,△朱雀入没,,×金華水流;×太白入熒,,〇小蛇化龍;〇飛鳥跌穴,,△青龍合霊,,門迫
陽7局戊午,癸,兌,震,天冲,傷門,子丑,庚,壬丙,戊,乙,辛,己,癸,丁,辛,己,癸,丁,庚,壬丙,戊,乙,天英,天芮,天柱,天心,天蓬,天任,天冲,天輔,太陰,六合,勾陳,朱雀,九地,九天,直符,螣蛇,景門,死門,驚門,開門,休門,生門,傷門,杜門,×白虎干格,,×凶蛇入獄;△太孛入刑,,△青龍華蓋,×六儀撃刑格,〇奇儀相佐,◯風遁,×白虎出力,×六儀撃刑格,×地網高張;×火孛地戸,×六儀撃刑格,〇天乙会合,×天羅,〇人遁吉格,,反吟;門迫
陽7局己未,癸,艮,震,天冲,傷門,子丑,己,癸,丁,庚,壬丙,戊,乙,辛,辛,己,癸,丁,庚,壬丙,戊,乙,天任,天冲,天輔,天英,天芮,天柱,天心,天蓬,九天,直符,螣蛇,太陰,六合,勾陳,朱雀,九地,生門,傷門,杜門,景門,死門,驚門,開門,休門,×遊魂入墓,,×華蓋地戸,×天羅,×朱雀投江,×朱雀投江,△丁丁之格,,×太白擒蛇;×焚入太白,◯丙奇昇殿,×龍入天牢;〇青龍返首,,×利陰害陽,,×白虎猖狂,×白虎猖狂,門迫
陽7局庚申,癸,離,震,天冲,傷門,子丑,戊,乙,辛,己,癸,丁,庚,壬丙,辛,己,癸,丁,庚,壬丙,戊,乙,天柱,天心,天蓬,天任,天冲,天輔,天英,天芮,勾陳,朱雀,九地,九天,直符,螣蛇,太陰,六合,驚門,開門,休門,生門,傷門,杜門,景門,死門,×青龍折足,,×日奇入霧,◯地遁,×天牢華蓋,,△朱雀入墓,,×太白入網,×飛宮格;×天羅,〇五神互合;△星髄月転,,×太白伏宮,,△格名小蛇;〇日月併用,×丙奇入墓,門迫
陽7局辛酉,癸,坎,震,天冲,傷門,子丑,癸,丁,庚,壬丙,戊,乙,辛,己,辛,己,癸,丁,庚,壬丙,戊,乙,天冲,天輔,天英,天芮,天柱,天心,天蓬,天任,直符,螣蛇,太陰,六合,勾陳,朱雀,九地,九天,傷門,杜門,景門,死門,驚門,開門,休門,生門,×網蓋天牢,×天羅,×火入勾陳,◯丁奇得使;×丁奇入墓,×反吟大格,×伏宮格,△干合蛇刑;〇星奇朱雀,×六儀撃刑格,×値符飛宮,,×日奇入地;〇奇儀順遂,◯雲遁;×乙奇入墓,×囚獄被傷,,△地戸蓬星,,門迫
陽7局壬戌,癸,坤,震,天冲,傷門,子丑,壬丙,戊,乙,辛,己,癸,丁,庚,辛,己,癸,丁,庚,壬丙,戊,乙,天芮,天柱,天心,天蓬,天任,天冲,天輔,天英,六合,勾陳,朱雀,九地,九天,直符,螣蛇,太陰,死門,驚門,開門,休門,生門,傷門,杜門,景門,×騰蛇相纏;△謀事成就,◯丙奇得使,×貴人入獄,,△華蓋蓬星,◯乙奇昇殿,〇獄神得奇,,×刑格返名,,×復見騰蛇;〇華蓋孛師,×天羅,〇青龍転光,◯丁奇昇殿,△太白蓬星,,門迫
陽7局癸亥,癸,震,震,天冲,傷門,子丑,辛,己,癸,丁,庚,壬丙,戊,乙,辛,己,癸,丁,庚,壬丙,戊,乙,天蓬,天任,天冲,天輔,天英,天芮,天柱,天心,九地,九天,直符,螣蛇,太陰,六合,勾陳,朱雀,休門,生門,傷門,杜門,景門,死門,驚門,開門,×伏吟天庭,,×地戸蓬鬼,,×天網四張,×天羅,〇奇入太陰,◯丁奇得使,×太白同宮,,×蛇入地羅;×水蛇入火;×火入天羅;×月奇孛師,◯丙奇得使,×伏吟,,△日奇伏吟,◯乙奇得使,伏吟
陽8局甲子,戊,艮,艮,天任,生門,戌亥,庚,戊,壬,癸,己,辛丁,乙,丙,庚,戊,壬,癸,己,辛丁,乙,丙,天蓬,天任,天冲,天輔,天英,天芮,天柱,天心,九天,直符,螣蛇,太陰,六合,勾陳,朱雀,九地,休門,生門,傷門,杜門,景門,死門,驚門,開門,×太白同宮,,×伏吟,,×蛇入地羅,,×天網四張,×六儀撃刑格,×地戸蓬鬼,,×伏吟天庭;〇獄神得奇;×朱雀入獄;〇奇入太陰,,△日奇伏吟,,×月奇孛師,×丙奇入墓,伏吟
陽8局乙丑,戊,兌,艮,天任,生門,戌亥,癸,己,辛丁,乙,丙,庚,戊,壬,庚,戊,壬,癸,己,辛丁,乙,丙,天輔,天英,天芮,天柱,天心,天蓬,天任,天冲,太陰,六合,勾陳,朱雀,九地,九天,直符,螣蛇,死門,驚門,開門,休門,生門,傷門,杜門,景門,×太白入網,,△犬遇青龍,,×凶蛇入獄;〇五神互合,,△華蓋蓬星,◯風遁,△太孛入刑,◯丙奇昇殿,×白虎干格;△丁丁之格,,△青龍合霊,,×水蛇入火,,門迫
陽8局丙寅,戊,壬,艮,天任,生門,戌亥,壬,癸,己,辛丁,乙,丙,庚,戊,庚,戊,壬,癸,己,辛丁,乙,丙,天冲,天輔,天英,天芮,天柱,天心,天蓬,天任,螣蛇,太陰,六合,勾陳,朱雀,九地,九天,直符,生門,傷門,杜門,景門,死門,驚門,開門,休門,×太白擒蛇,,〇天乙会合,,×地網高張,,×天牢華蓋;×朱雀投江,◯丁奇得使;×朱雀投江,×日奇入霧,◯乙奇得使,△謀事成就;〇星奇朱雀,◯丙奇得使,△太白蓬星,,〇青龍返首,,門迫
陽8局丁卯,戊,坤,艮,天任,生門,戌亥,己,辛丁,乙,丙,庚,戊,壬,癸,庚,戊,壬,癸,己,辛丁,乙,丙,天英,天芮,天柱,天心,天蓬,天任,天冲,天輔,六合,勾陳,朱雀,九地,九天,直符,螣蛇,太陰,景門,死門,驚門,開門,休門,生門,傷門,杜門,×刑格返名,,×囚獄被傷;〇青龍転光,◯丁奇得使;×丁奇入墓,×日奇入地,◯乙奇昇殿,×華蓋孛師,,×官符刑格,×刑格,×青龍折足;〇青龍耀明,,△格名小蛇,,〇華蓋孛師,,反吟;門迫
陽8局戊辰,戊,艮,艮,天任,生門,戌亥,庚,戊,壬,癸,己,辛丁,乙,丙,庚,戊,壬,癸,己,辛丁,乙,丙,天蓬,天任,天冲,天輔,天英,天芮,天柱,天心,九天,直符,螣蛇,太陰,六合,勾陳,朱雀,九地,開門,休門,生門,傷門,杜門,景門,死門,驚門,×太白同宮,,×伏吟,,×蛇入地羅,,×天網四張,×六儀撃刑格,×地戸蓬鬼,,×伏吟天庭;〇獄神得奇;×朱雀入獄;〇奇入太陰,,△日奇伏吟,,×月奇孛師,×丙奇入墓,伏吟
陽8局己巳,戊,離,艮,天任,生門,戌亥,辛丁,乙,丙,庚,戊,壬,癸,己,庚,戊,壬,癸,己,辛丁,乙,丙,天芮,天柱,天心,天蓬,天任,天冲,天輔,天英,勾陳,朱雀,九地,九天,直符,螣蛇,太陰,六合,驚門,開門,休門,生門,傷門,杜門,景門,死門,×白虎出力;△朱雀入没,,×利陰害陽,,×火入天羅,,×反吟大格,,×貴人入獄,,×騰蛇相纏;△干合蛇刑,,△華蓋蓬星,,×火孛地戸,,門迫
陽8局庚午,戊,坎,艮,天任,生門,戌亥,戊,壬,癸,己,辛丁,乙,丙,庚,庚,戊,壬,癸,己,辛丁,乙,丙,天任,天冲,天輔,天英,天芮,天柱,天心,天蓬,直符,螣蛇,太陰,六合,勾陳,朱雀,九地,九天,景門,死門,驚門,開門,休門,生門,傷門,杜門,×値符飛宮,×飛宮格,〇小蛇化龍,,×復見騰蛇,,×地刑玄武,,×入獄自刑;×火入勾陳,×六儀撃刑格,×青龍逃走;〇奇儀相佐,◯雲遁;×青龍逃走;×乙奇入墓,〇日月併用,,×太白入熒,,反吟;門迫
陽8局辛未,戊,坤,艮,天任,生門,戌亥,己,辛丁,乙,丙,庚,戊,壬,癸,庚,戊,壬,癸,己,辛丁,乙,丙,天英,天芮,天柱,天心,天蓬,天任,天冲,天輔,六合,勾陳,朱雀,九地,九天,直符,螣蛇,太陰,傷門,杜門,景門,死門,驚門,開門,休門,生門,×刑格返名,,×囚獄被傷;〇青龍転光,◯丁奇得使;×丁奇入墓,×日奇入地,◯乙奇昇殿,×華蓋孛師,,×官符刑格,×刑格,×青龍折足;〇青龍耀明,,△格名小蛇,,〇華蓋孛師,,反吟;門迫
陽8局壬申,戊,震,艮,天任,生門,戌亥,丙,庚,戊,壬,癸,己,辛丁,乙,庚,戊,壬,癸,己,辛丁,乙,丙,天心,天蓬,天任,天冲,天輔,天英,天芮,天柱,九地,九天,直符,螣蛇,太陰,六合,勾陳,朱雀,杜門,景門,死門,驚門,開門,休門,生門,傷門,×焚入太白,◯丙奇得使,×太白伏宮,×伏宮格;×六儀撃刑格,×龍入天牢,×六儀撃刑格,×幼女奸淫,×六儀撃刑格,×華蓋地戸,,×遊魂入墓;△朱雀入墓,×六儀撃刑格,×白虎猖狂;〇人遁吉格,◯丁奇昇殿;◯玉女守門;×白虎猖狂,〇奇儀順遂,◯乙奇得使,門迫
陽8局癸酉,戊,巽,艮,天任,生門,戌亥,乙,丙,庚,戊,壬,癸,己,辛丁,庚,戊,壬,癸,己,辛丁,乙,丙,天柱,天心,天蓬,天任,天冲,天輔,天英,天芮,朱雀,九地,九天,直符,螣蛇,太陰,六合,勾陳,休門,生門,傷門,杜門,景門,死門,驚門,開門,×日奇被刑,◯龍遁,〇飛鳥跌穴,,×金華水流,,△青龍華蓋,,×凶蛇入獄,,×網蓋天牢;×螣蛇妖矯,×螣蛇妖矯,△地戸蓬星,,×干合孛師;△星髄月転,,
陽8局甲戌,己,離,離,天英,景門,申酉,庚,戊,壬,癸,己,辛丁,乙,丙,庚,戊,壬,癸,己,辛丁,乙,丙,天蓬,天任,天冲,天輔,天英,天芮,天柱,天心,勾陳,朱雀,九地,九天,直符,螣蛇,太陰,六合,休門,生門,傷門,杜門,景門,死門,驚門,開門,×太白同宮,,×伏吟,,×蛇入地羅,,×天網四張,×六儀撃刑格,×地戸蓬鬼,,×伏吟天庭;〇獄神得奇;×朱雀入獄;〇奇入太陰,,△日奇伏吟,,×月奇孛師,×丙奇入墓,伏吟
陽8局乙亥,己,兌,離,天英,景門,申酉,乙,丙,庚,戊,壬,癸,己,辛丁,庚,戊,壬,癸,己,辛丁,乙,丙,天柱,天心,天蓬,天任,天冲,天輔,天英,天芮,太陰,六合,勾陳,朱雀,九地,九天,直符,螣蛇,景門,死門,驚門,開門,休門,生門,傷門,杜門,×日奇被刑,,〇飛鳥跌穴,,×金華水流,,△青龍華蓋,,×凶蛇入獄,,×網蓋天牢;×螣蛇妖矯,×螣蛇妖矯,△地戸蓬星,,×干合孛師;△星髄月転,,反吟;門迫
陽8局丙子,己,壬,離,天英,景門,申酉,辛丁,乙,丙,庚,戊,壬,癸,己,庚,戊,壬,癸,己,辛丁,乙,丙,天芮,天柱,天心,天蓬,天任,天冲,天輔,天英,螣蛇,太陰,六合,勾陳,朱雀,九地,九天,直符,開門,休門,生門,傷門,杜門,景門,死門,驚門,×白虎出力;△朱雀入没,,×利陰害陽,,×火入天羅,,×反吟大格,,×貴人入獄,,×騰蛇相纏;△干合蛇刑,,△華蓋蓬星,,×火孛地戸,,
陽8局丁丑,己,坤,離,天英,景門,申酉,丙,庚,戊,壬,癸,己,辛丁,乙,庚,戊,壬,癸,己,辛丁,乙,丙,天心,天蓬,天任,天冲,天輔,天英,天芮,天柱,六合,勾陳,朱雀,九地,九天,直符,螣蛇,太陰,傷門,杜門,景門,死門,驚門,開門,休門,生門,×焚入太白,◯丙奇得使,×太白伏宮,×六儀撃刑格,×龍入天牢,×六儀撃刑格,×幼女奸淫,×六儀撃刑格,×華蓋地戸,,×遊魂入墓;△朱雀入墓,×六儀撃刑格,×白虎猖狂;〇人遁吉格,◯丁奇昇殿;×白虎猖狂,〇奇儀順遂,◯乙奇得使,門迫
陽8局戊寅,己,艮,離,天英,景門,申酉,癸,己,辛丁,乙,丙,庚,戊,壬,庚,戊,壬,癸,己,辛丁,乙,丙,天輔,天英,天芮,天柱,天心,天蓬,天任,天冲,九天,直符,螣蛇,太陰,六合,勾陳,朱雀,九地,生門,傷門,杜門,景門,死門,驚門,開門,休門,×太白入網,,△犬遇青龍,,×凶蛇入獄;〇五神互合,,△華蓋蓬星,,△太孛入刑,◯丙奇昇殿,×白虎干格;△丁丁之格,,△青龍合霊,,×水蛇入火,,門迫
陽8局己卯,己,離,離,天英,景門,申酉,庚,戊,壬,癸,己,辛丁,乙,丙,庚,戊,壬,癸,己,辛丁,乙,丙,天蓬,天任,天冲,天輔,天英,天芮,天柱,天心,勾陳,朱雀,九地,九天,直符,螣蛇,太陰,六合,開門,休門,生門,傷門,杜門,景門,死門,驚門,×太白同宮,,×伏吟,,×蛇入地羅,,×天網四張,×六儀撃刑格,×地戸蓬鬼,,×伏吟天庭;〇獄神得奇;×朱雀入獄;〇奇入太陰,◯玉女守門,△日奇伏吟,,×月奇孛師,×丙奇入墓,伏吟
陽8局庚辰,己,坎,離,天英,景門,申酉,己,辛丁,乙,丙,庚,戊,壬,癸,庚,戊,壬,癸,己,辛丁,乙,丙,天英,天芮,天柱,天心,天蓬,天任,天冲,天輔,直符,螣蛇,太陰,六合,勾陳,朱雀,九地,九天,死門,驚門,開門,休門,生門,傷門,杜門,景門,×刑格返名,×飛宮格,×囚獄被傷;〇青龍転光,◯丁奇得使;×丁奇入墓,×日奇入地,◯乙奇昇殿,×華蓋孛師,,×官符刑格,×伏宮格;×刑格,×青龍折足;〇青龍耀明,,△格名小蛇,,〇華蓋孛師,,反吟;門迫
陽8局辛巳,己,坤,離,天英,景門,申酉,丙,庚,戊,壬,癸,己,辛丁,乙,庚,戊,壬,癸,己,辛丁,乙,丙,天心,天蓬,天任,天冲,天輔,天英,天芮,天柱,六合,勾陳,朱雀,九地,九天,直符,螣蛇,太陰,驚門,開門,休門,生門,傷門,杜門,景門,死門,×焚入太白,◯丙奇得使,×太白伏宮,×六儀撃刑格,×龍入天牢,×六儀撃刑格,×幼女奸淫,×六儀撃刑格,×華蓋地戸,,×遊魂入墓;△朱雀入墓,×六儀撃刑格,×白虎猖狂;〇人遁吉格,◯丁奇昇殿;◯玉女守門;×白虎猖狂,〇奇儀順遂,◯乙奇得使,門迫
陽8局壬午,己,震,離,天英,景門,申酉,壬,癸,己,辛丁,乙,丙,庚,戊,庚,戊,壬,癸,己,辛丁,乙,丙,天冲,天輔,天英,天芮,天柱,天心,天蓬,天任,九地,九天,直符,螣蛇,太陰,六合,勾陳,朱雀,杜門,景門,死門,驚門,開門,休門,生門,傷門,×太白擒蛇,,〇天乙会合,,×地網高張,,×天牢華蓋;×朱雀投江,◯丁奇得使;×朱雀投江,×日奇入霧,◯地遁;◯乙奇得使,△謀事成就;〇星奇朱雀,◯丙奇得使,△太白蓬星,,〇青龍返首,,門迫
陽8局癸未,己,巽,離,天英,景門,申酉,戊,壬,癸,己,辛丁,乙,丙,庚,庚,戊,壬,癸,己,辛丁,乙,丙,天任,天冲,天輔,天英,天芮,天柱,天心,天蓬,朱雀,九地,九天,直符,螣蛇,太陰,六合,勾陳,休門,生門,傷門,杜門,景門,死門,驚門,開門,×値符飛宮,,〇小蛇化龍,,×復見騰蛇,,×地刑玄武,,×入獄自刑;×火入勾陳,◯玉女守門;×六儀撃刑格,×青龍逃走;〇奇儀相佐,×青龍逃走;×乙奇入墓,〇日月併用,,×太白入熒,,
陽8局甲申,庚,坎,坎,天蓬,休門,午未,庚,戊,壬,癸,己,辛丁,乙,丙,庚,戊,壬,癸,己,辛丁,乙,丙,天蓬,天任,天冲,天輔,天英,天芮,天柱,天心,直符,螣蛇,太陰,六合,勾陳,朱雀,九地,九天,休門,生門,傷門,杜門,景門,死門,驚門,開門,×太白同宮,×伏宮格;×飛宮格,×伏吟,,×蛇入地羅,,×天網四張,×六儀撃刑格,×地戸蓬鬼,,×伏吟天庭;〇獄神得奇;×朱雀入獄;〇奇入太陰,,△日奇伏吟,,×月奇孛師,×丙奇入墓,伏吟
陽8局乙酉,庚,兌,坎,天蓬,休門,午未,壬,癸,己,辛丁,乙,丙,庚,戊,庚,戊,壬,癸,己,辛丁,乙,丙,天冲,天輔,天英,天芮,天柱,天心,天蓬,天任,太陰,六合,勾陳,朱雀,九地,九天,直符,螣蛇,杜門,景門,死門,驚門,開門,休門,生門,傷門,×太白擒蛇,,〇天乙会合,,×地網高張,,×天牢華蓋;×朱雀投江,◯丁奇得使;×朱雀投江,×日奇入霧,◯地遁;◯鬼遁;◯乙奇得使,△謀事成就;〇星奇朱雀,◯丙奇得使,△太白蓬星,×時格,〇青龍返首,,門迫
陽8局丙戌,庚,壬,坎,天蓬,休門,午未,戊,壬,癸,己,辛丁,乙,丙,庚,庚,戊,壬,癸,己,辛丁,乙,丙,天任,天冲,天輔,天英,天芮,天柱,天心,天蓬,螣蛇,太陰,六合,勾陳,朱雀,九地,九天,直符,驚門,開門,休門,生門,傷門,杜門,景門,死門,×値符飛宮,,〇小蛇化龍,,×復見騰蛇,,×地刑玄武,,×入獄自刑;×火入勾陳,×六儀撃刑格,×青龍逃走;〇奇儀相佐,◯鬼遁;×青龍逃走;×乙奇入墓,〇日月併用,,×太白入熒,×時格,門迫
陽8局丁亥,庚,坤,坎,天蓬,休門,午未,癸,己,辛丁,乙,丙,庚,戊,壬,庚,戊,壬,癸,己,辛丁,乙,丙,天輔,天英,天芮,天柱,天心,天蓬,天任,天冲,六合,勾陳,朱雀,九地,九天,直符,螣蛇,太陰,死門,驚門,開門,休門,生門,傷門,杜門,景門,×太白入網,,△犬遇青龍,,×凶蛇入獄;〇五神互合,,△華蓋蓬星,◯風遁,△太孛入刑,◯神遁;◯丙奇昇殿,×白虎干格;△丁丁之格,×時格,△青龍合霊,,×水蛇入火,,門迫
陽8局戊子,庚,艮,坎,天蓬,休門,午未,丙,庚,戊,壬,癸,己,辛丁,乙,庚,戊,壬,癸,己,辛丁,乙,丙,天心,天蓬,天任,天冲,天輔,天英,天芮,天柱,九天,直符,螣蛇,太陰,六合,勾陳,朱雀,九地,杜門,景門,死門,驚門,開門,休門,生門,傷門,×焚入太白,◯丙奇得使,×太白伏宮,×時格;×六儀撃刑格,×龍入天牢,×六儀撃刑格,×幼女奸淫,×六儀撃刑格,×華蓋地戸,,×遊魂入墓;△朱雀入墓,×六儀撃刑格,×白虎猖狂;〇人遁吉格,◯丁奇昇殿;×白虎猖狂,〇奇儀順遂,◯乙奇得使,門迫
陽8局己丑,庚,離,坎,天蓬,休門,午未,己,辛丁,乙,丙,庚,戊,壬,癸,庚,戊,壬,癸,己,辛丁,乙,丙,天英,天芮,天柱,天心,天蓬,天任,天冲,天輔,勾陳,朱雀,九地,九天,直符,螣蛇,太陰,六合,生門,傷門,杜門,景門,死門,驚門,開門,休門,×刑格返名,,×囚獄被傷;〇青龍転光,◯丁奇得使;×丁奇入墓,×日奇入地,◯鬼遁;◯乙奇昇殿,×華蓋孛師,,×官符刑格,×刑格;×時格,×青龍折足;〇青龍耀明,,△格名小蛇,,〇華蓋孛師,,反吟;門迫
陽8局庚寅,庚,坎,坎,天蓬,休門,午未,庚,戊,壬,癸,己,辛丁,乙,丙,庚,戊,壬,癸,己,辛丁,乙,丙,天蓬,天任,天冲,天輔,天英,天芮,天柱,天心,直符,螣蛇,太陰,六合,勾陳,朱雀,九地,九天,傷門,杜門,景門,死門,驚門,開門,休門,生門,×太白同宮,×伏宮格;×飛宮格;×時格,×伏吟,,×蛇入地羅,,×天網四張,×六儀撃刑格,×地戸蓬鬼,,×伏吟天庭;〇獄神得奇;×朱雀入獄;〇奇入太陰,,△日奇伏吟,,×月奇孛師,◯神遁;×丙奇入墓,伏吟;門迫
陽8局辛卯,庚,坤,坎,天蓬,休門,午未,癸,己,辛丁,乙,丙,庚,戊,壬,庚,戊,壬,癸,己,辛丁,乙,丙,天輔,天英,天芮,天柱,天心,天蓬,天任,天冲,六合,勾陳,朱雀,九地,九天,直符,螣蛇,太陰,開門,休門,生門,傷門,杜門,景門,死門,驚門,×太白入網,,△犬遇青龍,,×凶蛇入獄;〇五神互合,,△華蓋蓬星,,△太孛入刑,◯丙奇昇殿,×白虎干格;△丁丁之格,×時格,△青龍合霊,,×水蛇入火,,
陽8局壬辰,庚,震,坎,天蓬,休門,午未,乙,丙,庚,戊,壬,癸,己,辛丁,庚,戊,壬,癸,己,辛丁,乙,丙,天柱,天心,天蓬,天任,天冲,天輔,天英,天芮,九地,九天,直符,螣蛇,太陰,六合,勾陳,朱雀,景門,死門,驚門,開門,休門,生門,傷門,杜門,×日奇被刑,,〇飛鳥跌穴,,×金華水流,×時格,△青龍華蓋,,×凶蛇入獄,,×網蓋天牢;×螣蛇妖矯,×螣蛇妖矯,△地戸蓬星,,×干合孛師;△星髄月転,,反吟;門迫
陽8局癸巳,庚,巽,坎,天蓬,休門,午未,辛丁,乙,丙,庚,戊,壬,癸,己,庚,戊,壬,癸,己,辛丁,乙,丙,天芮,天柱,天心,天蓬,天任,天冲,天輔,天英,朱雀,九地,九天,直符,螣蛇,太陰,六合,勾陳,休門,生門,傷門,杜門,景門,死門,驚門,開門,×白虎出力;△朱雀入没,◯玉女守門,×利陰害陽,,×火入天羅,,×反吟大格,×時格,×貴人入獄,,×騰蛇相纏;△干合蛇刑,,△華蓋蓬星,,×火孛地戸,,
陽8局甲午,辛,坤,坤,天芮,死門,辰巳,庚,戊,壬,癸,己,辛丁,乙,丙,庚,戊,壬,癸,己,辛丁,乙,丙,天蓬,天任,天冲,天輔,天英,天芮,天柱,天心,六合,勾陳,朱雀,九地,九天,直符,螣蛇,太陰,休門,生門,傷門,杜門,景門,死門,驚門,開門,×太白同宮,,×伏吟,,×蛇入地羅,,×天網四張,×六儀撃刑格,×地戸蓬鬼,,×伏吟天庭;〇獄神得奇;×朱雀入獄;〇奇入太陰,◯玉女守門,△日奇伏吟,,×月奇孛師,×丙奇入墓,伏吟
陽8局乙未,辛,兌,坤,天芮,死門,辰巳,丙,庚,戊,壬,癸,己,辛丁,乙,庚,戊,壬,癸,己,辛丁,乙,丙,天心,天蓬,天任,天冲,天輔,天英,天芮,天柱,太陰,六合,勾陳,朱雀,九地,九天,直符,螣蛇,杜門,景門,死門,驚門,開門,休門,生門,傷門,×焚入太白,◯丙奇得使,×太白伏宮,×六儀撃刑格,×龍入天牢,×六儀撃刑格,×幼女奸淫,×六儀撃刑格,×華蓋地戸,,×遊魂入墓;△朱雀入墓,×六儀撃刑格,×白虎猖狂;〇人遁吉格,◯丁奇昇殿;×白虎猖狂,〇奇儀順遂,◯乙奇得使,門迫
陽8局丙申,辛,壬,坤,天芮,死門,辰巳,乙,丙,庚,戊,壬,癸,己,辛丁,庚,戊,壬,癸,己,辛丁,乙,丙,天柱,天心,天蓬,天任,天冲,天輔,天英,天芮,螣蛇,太陰,六合,勾陳,朱雀,九地,九天,直符,傷門,杜門,景門,死門,驚門,開門,休門,生門,×日奇被刑,,〇飛鳥跌穴,,×金華水流,,△青龍華蓋,,×凶蛇入獄,,×網蓋天牢;×螣蛇妖矯,×螣蛇妖矯,△地戸蓬星,,×干合孛師;△星髄月転,,門迫
陽8局丁酉,辛,坤,坤,天芮,死門,辰巳,庚,戊,壬,癸,己,辛丁,乙,丙,庚,戊,壬,癸,己,辛丁,乙,丙,天蓬,天任,天冲,天輔,天英,天芮,天柱,天心,六合,勾陳,朱雀,九地,九天,直符,螣蛇,太陰,休門,生門,傷門,杜門,景門,死門,驚門,開門,×太白同宮,,×伏吟,,×蛇入地羅,,×天網四張,×六儀撃刑格,×地戸蓬鬼,,×伏吟天庭;〇獄神得奇;×朱雀入獄;〇奇入太陰,◯玉女守門,△日奇伏吟,,×月奇孛師,×丙奇入墓,伏吟
陽8局戊戌,辛,艮,坤,天芮,死門,辰巳,己,辛丁,乙,丙,庚,戊,壬,癸,庚,戊,壬,癸,己,辛丁,乙,丙,天英,天芮,天柱,天心,天蓬,天任,天冲,天輔,九天,直符,螣蛇,太陰,六合,勾陳,朱雀,九地,驚門,開門,休門,生門,傷門,杜門,景門,死門,×刑格返名,,×囚獄被傷;〇青龍転光,◯丁奇得使;×丁奇入墓,×日奇入地,◯乙奇昇殿,×華蓋孛師,,×官符刑格,×刑格,×青龍折足;〇青龍耀明,,△格名小蛇,,〇華蓋孛師,,反吟;門迫
陽8局己亥,辛,離,坤,天芮,死門,辰巳,戊,壬,癸,己,辛丁,乙,丙,庚,庚,戊,壬,癸,己,辛丁,乙,丙,天任,天冲,天輔,天英,天芮,天柱,天心,天蓬,勾陳,朱雀,九地,九天,直符,螣蛇,太陰,六合,開門,休門,生門,傷門,杜門,景門,死門,驚門,×値符飛宮,,〇小蛇化龍,,×復見騰蛇,,×地刑玄武,,×入獄自刑;×火入勾陳,×六儀撃刑格,×青龍逃走;〇奇儀相佐,×青龍逃走;×乙奇入墓,〇日月併用,,×太白入熒,,
陽8局庚子,辛,坎,坤,天芮,死門,辰巳,辛丁,乙,丙,庚,戊,壬,癸,己,庚,戊,壬,癸,己,辛丁,乙,丙,天芮,天柱,天心,天蓬,天任,天冲,天輔,天英,直符,螣蛇,太陰,六合,勾陳,朱雀,九地,九天,景門,死門,驚門,開門,休門,生門,傷門,杜門,×白虎出力;△朱雀入没,×飛宮格,×利陰害陽,,×火入天羅,,×反吟大格,,×貴人入獄,,×騰蛇相纏;△干合蛇刑,,△華蓋蓬星,,×火孛地戸,,反吟;門迫
陽8局辛丑,辛,坤,坤,天芮,死門,辰巳,庚,戊,壬,癸,己,辛丁,乙,丙,庚,戊,壬,癸,己,辛丁,乙,丙,天蓬,天任,天冲,天輔,天英,天芮,天柱,天心,六合,勾陳,朱雀,九地,九天,直符,螣蛇,太陰,生門,傷門,杜門,景門,死門,驚門,開門,休門,×太白同宮,,×伏吟,,×蛇入地羅,,×天網四張,×六儀撃刑格,×地戸蓬鬼,,×伏吟天庭;〇獄神得奇;×朱雀入獄;〇奇入太陰,,△日奇伏吟,,×月奇孛師,×丙奇入墓,伏吟;門迫
陽8局壬寅,辛,震,坤,天芮,死門,辰巳,癸,己,辛丁,乙,丙,庚,戊,壬,庚,戊,壬,癸,己,辛丁,乙,丙,天輔,天英,天芮,天柱,天心,天蓬,天任,天冲,九地,九天,直符,螣蛇,太陰,六合,勾陳,朱雀,死門,驚門,開門,休門,生門,傷門,杜門,景門,×太白入網,,△犬遇青龍,,×凶蛇入獄;〇五神互合,,△華蓋蓬星,◯風遁,△太孛入刑,◯丙奇昇殿,×白虎干格;△丁丁之格,×伏宮格,△青龍合霊,,×水蛇入火,,門迫
陽8局癸卯,辛,巽,坤,天芮,死門,辰巳,壬,癸,己,辛丁,乙,丙,庚,戊,庚,戊,壬,癸,己,辛丁,乙,丙,天冲,天輔,天英,天芮,天柱,天心,天蓬,天任,朱雀,九地,九天,直符,螣蛇,太陰,六合,勾陳,休門,生門,傷門,杜門,景門,死門,驚門,開門,×太白擒蛇,,〇天乙会合,,×地網高張,,×天牢華蓋;×朱雀投江,◯丁奇得使;×朱雀投江,×日奇入霧,◯乙奇得使,△謀事成就;〇星奇朱雀,◯丙奇得使,△太白蓬星,,〇青龍返首,,
陽8局甲辰,壬,震,震,天冲,傷門,寅卯,庚,戊,壬,癸,己,辛丁,乙,丙,庚,戊,壬,癸,己,辛丁,乙,丙,天蓬,天任,天冲,天輔,天英,天芮,天柱,天心,九地,九天,直符,螣蛇,太陰,六合,勾陳,朱雀,休門,生門,傷門,杜門,景門,死門,驚門,開門,×太白同宮,,×伏吟,,×蛇入地羅,,×天網四張,×六儀撃刑格,×地戸蓬鬼,,×伏吟天庭;〇獄神得奇;×朱雀入獄;〇奇入太陰,,△日奇伏吟,,×月奇孛師,×丙奇入墓,伏吟
陽8局乙巳,壬,兌,震,天冲,傷門,寅卯,己,辛丁,乙,丙,庚,戊,壬,癸,庚,戊,壬,癸,己,辛丁,乙,丙,天英,天芮,天柱,天心,天蓬,天任,天冲,天輔,太陰,六合,勾陳,朱雀,九地,九天,直符,螣蛇,開門,休門,生門,傷門,杜門,景門,死門,驚門,×刑格返名,,×囚獄被傷;〇青龍転光,◯丁奇得使;×丁奇入墓,×日奇入地,◯乙奇昇殿,×華蓋孛師,,×官符刑格,×刑格,×青龍折足;〇青龍耀明,,△格名小蛇,×地網,〇華蓋孛師,,反吟
陽8局丙午,壬,壬,震,天冲,傷門,寅卯,癸,己,辛丁,乙,丙,庚,戊,壬,庚,戊,壬,癸,己,辛丁,乙,丙,天輔,天英,天芮,天柱,天心,天蓬,天任,天冲,螣蛇,太陰,六合,勾陳,朱雀,九地,九天,直符,死門,驚門,開門,休門,生門,傷門,杜門,景門,×太白入網,,△犬遇青龍,,×凶蛇入獄;〇五神互合,,△華蓋蓬星,◯風遁,△太孛入刑,◯丙奇昇殿,×白虎干格;△丁丁之格,,△青龍合霊,,×水蛇入火,×地網,門迫
陽8局丁未,壬,坤,震,天冲,傷門,寅卯,辛丁,乙,丙,庚,戊,壬,癸,己,庚,戊,壬,癸,己,辛丁,乙,丙,天芮,天柱,天心,天蓬,天任,天冲,天輔,天英,六合,勾陳,朱雀,九地,九天,直符,螣蛇,太陰,杜門,景門,死門,驚門,開門,休門,生門,傷門,×白虎出力;△朱雀入没,,×利陰害陽,,×火入天羅,,×反吟大格,,×貴人入獄,,×騰蛇相纏;△干合蛇刑,×地網,△華蓋蓬星,,×火孛地戸,,門迫
陽8局戊申,壬,艮,震,天冲,傷門,寅卯,戊,壬,癸,己,辛丁,乙,丙,庚,庚,戊,壬,癸,己,辛丁,乙,丙,天任,天冲,天輔,天英,天芮,天柱,天心,天蓬,九天,直符,螣蛇,太陰,六合,勾陳,朱雀,九地,景門,死門,驚門,開門,休門,生門,傷門,杜門,×値符飛宮,,〇小蛇化龍,×地網,×復見騰蛇,,×地刑玄武,,×入獄自刑;×火入勾陳,×六儀撃刑格,×青龍逃走;〇奇儀相佐,◯雲遁;×青龍逃走;×乙奇入墓,〇日月併用,,×太白入熒,,反吟;門迫
陽8局己酉,壬,離,震,天冲,傷門,寅卯,乙,丙,庚,戊,壬,癸,己,辛丁,庚,戊,壬,癸,己,辛丁,乙,丙,天柱,天心,天蓬,天任,天冲,天輔,天英,天芮,勾陳,朱雀,九地,九天,直符,螣蛇,太陰,六合,生門,傷門,杜門,景門,死門,驚門,開門,休門,×日奇被刑,,〇飛鳥跌穴,,×金華水流,×伏宮格,△青龍華蓋,,×凶蛇入獄,×地網,×網蓋天牢;×螣蛇妖矯,×螣蛇妖矯,△地戸蓬星,,×干合孛師;△星髄月転,,門迫
陽8局庚戌,壬,坎,震,天冲,傷門,寅卯,壬,癸,己,辛丁,乙,丙,庚,戊,庚,戊,壬,癸,己,辛丁,乙,丙,天冲,天輔,天英,天芮,天柱,天心,天蓬,天任,直符,螣蛇,太陰,六合,勾陳,朱雀,九地,九天,驚門,開門,休門,生門,傷門,杜門,景門,死門,×太白擒蛇,×飛宮格;×地網,〇天乙会合,,×地網高張,,×天牢華蓋;×朱雀投江,◯丁奇得使;×朱雀投江,×日奇入霧,◯乙奇得使,△謀事成就;〇星奇朱雀,◯丙奇得使,△太白蓬星,,〇青龍返首,,門迫
陽8局辛亥,壬,坤,震,天冲,傷門,寅卯,辛丁,乙,丙,庚,戊,壬,癸,己,庚,戊,壬,癸,己,辛丁,乙,丙,天芮,天柱,天心,天蓬,天任,天冲,天輔,天英,六合,勾陳,朱雀,九地,九天,直符,螣蛇,太陰,傷門,杜門,景門,死門,驚門,開門,休門,生門,×白虎出力;△朱雀入没,◯玉女守門,×利陰害陽,,×火入天羅,,×反吟大格,,×貴人入獄,,×騰蛇相纏;△干合蛇刑,×地網,△華蓋蓬星,,×火孛地戸,,門迫
陽8局壬子,壬,震,震,天冲,傷門,寅卯,庚,戊,壬,癸,己,辛丁,乙,丙,庚,戊,壬,癸,己,辛丁,乙,丙,天蓬,天任,天冲,天輔,天英,天芮,天柱,天心,九地,九天,直符,螣蛇,太陰,六合,勾陳,朱雀,死門,驚門,開門,休門,生門,傷門,杜門,景門,×太白同宮,,×伏吟,,×蛇入地羅,×地網,×天網四張,×六儀撃刑格,×地戸蓬鬼,,×伏吟天庭;〇獄神得奇;×朱雀入獄;〇奇入太陰,◯玉女守門,△日奇伏吟,,×月奇孛師,×丙奇入墓,伏吟;門迫
陽8局癸丑,壬,巽,震,天冲,傷門,寅卯,丙,庚,戊,壬,癸,己,辛丁,乙,庚,戊,壬,癸,己,辛丁,乙,丙,天心,天蓬,天任,天冲,天輔,天英,天芮,天柱,朱雀,九地,九天,直符,螣蛇,太陰,六合,勾陳,休門,生門,傷門,杜門,景門,死門,驚門,開門,×焚入太白,◯丙奇得使,×太白伏宮,×六儀撃刑格,×龍入天牢,×六儀撃刑格,×幼女奸淫,×地網;×六儀撃刑格,×華蓋地戸,,×遊魂入墓;△朱雀入墓,×六儀撃刑格,×白虎猖狂;〇人遁吉格,◯丁奇昇殿;×白虎猖狂,〇奇儀順遂,◯乙奇得使,
陽8局甲寅,癸,巽,巽,天輔,杜門,子丑,庚,戊,壬,癸,己,辛丁,乙,丙,庚,戊,壬,癸,己,辛丁,乙,丙,天蓬,天任,天冲,天輔,天英,天芮,天柱,天心,朱雀,九地,九天,直符,螣蛇,太陰,六合,勾陳,休門,生門,傷門,杜門,景門,死門,驚門,開門,×太白同宮,,×伏吟,,×蛇入地羅,,×天網四張,×六儀撃刑格,×地戸蓬鬼,,×伏吟天庭;〇獄神得奇;×朱雀入獄;〇奇入太陰,,△日奇伏吟,,×月奇孛師,×丙奇入墓,伏吟
陽8局乙卯,癸,兌,巽,天輔,杜門,子丑,辛丁,乙,丙,庚,戊,壬,癸,己,庚,戊,壬,癸,己,辛丁,乙,丙,天芮,天柱,天心,天蓬,天任,天冲,天輔,天英,太陰,六合,勾陳,朱雀,九地,九天,直符,螣蛇,驚門,開門,休門,生門,傷門,杜門,景門,死門,×白虎出力;△朱雀入没,,×利陰害陽,,×火入天羅,,×反吟大格,×伏宮格,×貴人入獄,,×騰蛇相纏;△干合蛇刑,,△華蓋蓬星,×天羅,×火孛地戸,,門迫
陽8局丙辰,癸,壬,巽,天輔,杜門,子丑,己,辛丁,乙,丙,庚,戊,壬,癸,庚,戊,壬,癸,己,辛丁,乙,丙,天英,天芮,天柱,天心,天蓬,天任,天冲,天輔,螣蛇,太陰,六合,勾陳,朱雀,九地,九天,直符,景門,死門,驚門,開門,休門,生門,傷門,杜門,×刑格返名,,×囚獄被傷;〇青龍転光,◯丁奇得使;×丁奇入墓,×日奇入地,◯乙奇昇殿,×華蓋孛師,,×官符刑格,×刑格,×青龍折足;〇青龍耀明,,△格名小蛇,,〇華蓋孛師,×天羅,反吟;門迫
陽8局丁巳,癸,坤,巽,天輔,杜門,子丑,乙,丙,庚,戊,壬,癸,己,辛丁,庚,戊,壬,癸,己,辛丁,乙,丙,天柱,天心,天蓬,天任,天冲,天輔,天英,天芮,六合,勾陳,朱雀,九地,九天,直符,螣蛇,太陰,死門,驚門,開門,休門,生門,傷門,杜門,景門,×日奇被刑,,〇飛鳥跌穴,,×金華水流,,△青龍華蓋,,×凶蛇入獄,,×網蓋天牢;×螣蛇妖矯,×螣蛇妖矯;×天羅,△地戸蓬星,,×干合孛師;△星髄月転,,門迫
陽8局戊午,癸,艮,巽,天輔,杜門,子丑,壬,癸,己,辛丁,乙,丙,庚,戊,庚,戊,壬,癸,己,辛丁,乙,丙,天冲,天輔,天英,天芮,天柱,天心,天蓬,天任,九天,直符,螣蛇,太陰,六合,勾陳,朱雀,九地,傷門,杜門,景門,死門,驚門,開門,休門,生門,×太白擒蛇,,〇天乙会合,×天羅,×地網高張,,×天牢華蓋;×朱雀投江,◯丁奇得使;×朱雀投江,×日奇入霧,◯乙奇得使,△謀事成就;〇星奇朱雀,◯丙奇得使,△太白蓬星,,〇青龍返首,,門迫
陽8局己未,癸,離,巽,天輔,杜門,子丑,丙,庚,戊,壬,癸,己,辛丁,乙,庚,戊,壬,癸,己,辛丁,乙,丙,天心,天蓬,天任,天冲,天輔,天英,天芮,天柱,勾陳,朱雀,九地,九天,直符,螣蛇,太陰,六合,開門,休門,生門,傷門,杜門,景門,死門,驚門,×焚入太白,◯丙奇得使,×太白伏宮,×六儀撃刑格,×龍入天牢,×六儀撃刑格,×幼女奸淫,×六儀撃刑格,×華蓋地戸,×天羅,×遊魂入墓;△朱雀入墓,×六儀撃刑格,×白虎猖狂;〇人遁吉格,◯丁奇昇殿;×白虎猖狂,〇奇儀順遂,◯乙奇得使,
陽8局庚申,癸,坎,巽,天輔,杜門,子丑,癸,己,辛丁,乙,丙,庚,戊,壬,庚,戊,壬,癸,己,辛丁,乙,丙,天輔,天英,天芮,天柱,天心,天蓬,天任,天冲,直符,螣蛇,太陰,六合,勾陳,朱雀,九地,九天,杜門,景門,死門,驚門,開門,休門,生門,傷門,×太白入網,×飛宮格;×天羅,△犬遇青龍,,×凶蛇入獄;〇五神互合,,△華蓋蓬星,,△太孛入刑,◯丙奇昇殿,×白虎干格;△丁丁之格,,△青龍合霊,,×水蛇入火,,門迫
陽8局辛酉,癸,坤,巽,天輔,杜門,子丑,乙,丙,庚,戊,壬,癸,己,辛丁,庚,戊,壬,癸,己,辛丁,乙,丙,天柱,天心,天蓬,天任,天冲,天輔,天英,天芮,六合,勾陳,朱雀,九地,九天,直符,螣蛇,太陰,驚門,開門,休門,生門,傷門,杜門,景門,死門,×日奇被刑,,〇飛鳥跌穴,,×金華水流,,△青龍華蓋,,×凶蛇入獄,,×網蓋天牢;×螣蛇妖矯,×螣蛇妖矯;×天羅,△地戸蓬星,,×干合孛師;△星髄月転,,門迫
陽8局壬戌,癸,震,巽,天輔,杜門,子丑,戊,壬,癸,己,辛丁,乙,丙,庚,庚,戊,壬,癸,己,辛丁,乙,丙,天任,天冲,天輔,天英,天芮,天柱,天心,天蓬,九地,九天,直符,螣蛇,太陰,六合,勾陳,朱雀,生門,傷門,杜門,景門,死門,驚門,開門,休門,×値符飛宮,,〇小蛇化龍,,×復見騰蛇,×天羅,×地刑玄武,,×入獄自刑;×火入勾陳,×六儀撃刑格,×青龍逃走;〇奇儀相佐,×青龍逃走;×乙奇入墓,〇日月併用,,×太白入熒,,門迫
陽8局癸亥,癸,巽,巽,天輔,杜門,子丑,庚,戊,壬,癸,己,辛丁,乙,丙,庚,戊,壬,癸,己,辛丁,乙,丙,天蓬,天任,天冲,天輔,天英,天芮,天柱,天心,朱雀,九地,九天,直符,螣蛇,太陰,六合,勾陳,休門,生門,傷門,杜門,景門,死門,驚門,開門,×太白同宮,,×伏吟,,×蛇入地羅,,×天網四張,×天羅;×六儀撃刑格,×地戸蓬鬼,,×伏吟天庭;〇獄神得奇;×朱雀入獄;〇奇入太陰,,△日奇伏吟,,×月奇孛師,×丙奇入墓,伏吟
陽9局甲子,戊,離,離,天英,景門,戌亥,己,乙,辛,壬,戊,庚癸,丙,丁,己,乙,辛,壬,戊,庚癸,丙,丁,天蓬,天任,天冲,天輔,天英,天芮,天柱,天心,勾陳,朱雀,九地,九天,直符,螣蛇,太陰,六合,休門,生門,傷門,杜門,景門,死門,驚門,開門,×地戸蓬鬼,,△日奇伏吟,,×伏吟天庭,,×蛇入地羅,×六儀撃刑格,×伏吟,,×太白同宮;×反吟大格;×太白入網;×天網四張,,×月奇孛師,,〇奇入太陰,,伏吟
陽9局乙丑,戊,艮,離,天英,景門,戌亥,壬,戊,庚癸,丙,丁,己,乙,辛,己,乙,辛,壬,戊,庚癸,丙,丁,天輔,天英,天芮,天柱,天心,天蓬,天任,天冲,九天,直符,螣蛇,太陰,六合,勾陳,朱雀,九地,景門,死門,驚門,開門,休門,生門,傷門,杜門,×凶蛇入獄,,△青龍合霊,,×白虎干格;×網蓋天牢,,×火入天羅,,〇青龍転光,,×刑格返名;×地刑玄武,×六儀撃刑格,〇奇儀順遂,,〇獄神得奇,,反吟;門迫
陽9局丙寅,戊,兌,離,天英,景門,戌亥,丙,丁,己,乙,辛,壬,戊,庚癸,己,乙,辛,壬,戊,庚癸,丙,丁,天柱,天心,天蓬,天任,天冲,天輔,天英,天芮,太陰,六合,勾陳,朱雀,九地,九天,直符,螣蛇,開門,休門,生門,傷門,杜門,景門,死門,驚門,△太孛入刑,◯丙奇得使,〇人遁吉格,◯丁奇得使;×丁奇入墓,×遊魂入墓,,×日奇入地,,×囚獄被傷,×六儀撃刑格,×太白擒蛇;×幼女奸淫,,〇青龍返首,,△丁丁之格;×螣蛇妖矯,×螣蛇妖矯,
陽9局丁卯,戊,壬,離,天英,景門,戌亥,庚癸,丙,丁,己,乙,辛,壬,戊,己,乙,辛,壬,戊,庚癸,丙,丁,天芮,天柱,天心,天蓬,天任,天冲,天輔,天英,螣蛇,太陰,六合,勾陳,朱雀,九地,九天,直符,傷門,杜門,景門,死門,驚門,開門,休門,生門,×官符刑格;×華蓋地戸,×刑格,〇日月併用,,×朱雀入獄,◯玉女守門,×地網高張,,×利陰害陽,◯乙奇得使,×白虎出力;×天牢華蓋,,×水蛇入火,,〇青龍耀明,,門迫
陽9局戊辰,戊,離,離,天英,景門,戌亥,己,乙,辛,壬,戊,庚癸,丙,丁,己,乙,辛,壬,戊,庚癸,丙,丁,天蓬,天任,天冲,天輔,天英,天芮,天柱,天心,勾陳,朱雀,九地,九天,直符,螣蛇,太陰,六合,生門,傷門,杜門,景門,死門,驚門,開門,休門,×地戸蓬鬼,,△日奇伏吟,,×伏吟天庭,,×蛇入地羅,×六儀撃刑格,×伏吟,,×太白同宮;×反吟大格;×太白入網;×天網四張,,×月奇孛師,,〇奇入太陰,,伏吟;門迫
陽9局己巳,戊,坎,離,天英,景門,戌亥,戊,庚癸,丙,丁,己,乙,辛,壬,己,乙,辛,壬,戊,庚癸,丙,丁,天英,天芮,天柱,天心,天蓬,天任,天冲,天輔,直符,螣蛇,太陰,六合,勾陳,朱雀,九地,九天,開門,休門,生門,傷門,杜門,景門,死門,驚門,×貴人入獄,,△太白蓬星;△華蓋蓬星,×六儀撃刑格,△謀事成就,,〇五神互合,◯丁奇得使,△犬遇青龍,,×日奇被刑;△華蓋蓬星,×乙奇入墓,×干合孛師,,△干合蛇刑,,反吟
陽9局庚午,戊,坤,離,天英,景門,戌亥,丁,己,乙,辛,壬,戊,庚癸,丙,己,乙,辛,壬,戊,庚癸,丙,丁,天心,天蓬,天任,天冲,天輔,天英,天芮,天柱,六合,勾陳,朱雀,九地,九天,直符,螣蛇,太陰,死門,驚門,開門,休門,生門,傷門,杜門,景門,×火入勾陳,,△地戸蓬星,,×青龍逃走,◯雲遁;◯乙奇昇殿;×青龍逃走,×凶蛇入獄,,〇小蛇化龍,,×値符飛宮;△青龍華蓋,×飛宮格,×太白入熒;〇華蓋孛師,,〇星奇朱雀,×丙奇入墓,門迫
陽9局辛未,戊,震,離,天英,景門,戌亥,辛,壬,戊,庚癸,丙,丁,己,乙,己,乙,辛,壬,戊,庚癸,丙,丁,天冲,天輔,天英,天芮,天柱,天心,天蓬,天任,九地,九天,直符,螣蛇,太陰,六合,勾陳,朱雀,驚門,開門,休門,生門,傷門,杜門,景門,死門,×入獄自刑,,△格名小蛇,,×青龍折足,×六儀撃刑格,×金華水流;×復見騰蛇,×六儀撃刑格,〇飛鳥跌穴,◯丙奇昇殿,△朱雀入没;×朱雀投江,×朱雀投江,×火孛地戸,,〇奇儀相佐,◯乙奇得使,門迫
陽9局壬申,戊,巽,離,天英,景門,戌亥,乙,辛,壬,戊,庚癸,丙,丁,己,己,乙,辛,壬,戊,庚癸,丙,丁,天任,天冲,天輔,天英,天芮,天柱,天心,天蓬,朱雀,九地,九天,直符,螣蛇,太陰,六合,勾陳,杜門,景門,死門,驚門,開門,休門,生門,傷門,×日奇入霧,,×白虎猖狂,×白虎猖狂,×騰蛇相纏,,×龍入天牢,,×太白伏宮;〇天乙会合,×伏宮格,×焚入太白;×華蓋孛師,◯丙奇得使,△星髄月転,◯丁奇昇殿,△朱雀入墓,,門迫
陽9局癸酉,戊,坤,離,天英,景門,戌亥,丁,己,乙,辛,壬,戊,庚癸,丙,己,乙,辛,壬,戊,庚癸,丙,丁,天心,天蓬,天任,天冲,天輔,天英,天芮,天柱,六合,勾陳,朱雀,九地,九天,直符,螣蛇,太陰,休門,生門,傷門,杜門,景門,死門,驚門,開門,×火入勾陳,,△地戸蓬星,,×青龍逃走,◯乙奇昇殿;×青龍逃走,×凶蛇入獄,,〇小蛇化龍,,×値符飛宮;△青龍華蓋,×飛宮格,×太白入熒;〇華蓋孛師,,〇星奇朱雀,×丙奇入墓,
陽9局甲戌,己,坎,坎,天蓬,休門,申酉,己,乙,辛,壬,戊,庚癸,丙,丁,己,乙,辛,壬,戊,庚癸,丙,丁,天蓬,天任,天冲,天輔,天英,天芮,天柱,天心,直符,螣蛇,太陰,六合,勾陳,朱雀,九地,九天,休門,生門,傷門,杜門,景門,死門,驚門,開門,×地戸蓬鬼,,△日奇伏吟,,×伏吟天庭,,×蛇入地羅,×六儀撃刑格,×伏吟,,×太白同宮;×反吟大格;×太白入網;×天網四張,,×月奇孛師,,〇奇入太陰,,伏吟
陽9局乙亥,己,艮,坎,天蓬,休門,申酉,丁,己,乙,辛,壬,戊,庚癸,丙,己,乙,辛,壬,戊,庚癸,丙,丁,天心,天蓬,天任,天冲,天輔,天英,天芮,天柱,九天,直符,螣蛇,太陰,六合,勾陳,朱雀,九地,杜門,景門,死門,驚門,開門,休門,生門,傷門,×火入勾陳,,△地戸蓬星,,×青龍逃走,◯乙奇昇殿;×青龍逃走,×凶蛇入獄,,〇小蛇化龍,,×値符飛宮;△青龍華蓋,,×太白入熒;〇華蓋孛師,,〇星奇朱雀,×丙奇入墓,門迫
陽9局丙子,己,兌,坎,天蓬,休門,申酉,辛,壬,戊,庚癸,丙,丁,己,乙,己,乙,辛,壬,戊,庚癸,丙,丁,天冲,天輔,天英,天芮,天柱,天心,天蓬,天任,太陰,六合,勾陳,朱雀,九地,九天,直符,螣蛇,驚門,開門,休門,生門,傷門,杜門,景門,死門,×入獄自刑,,△格名小蛇,,×青龍折足,×六儀撃刑格,×金華水流;×復見騰蛇,×六儀撃刑格,〇飛鳥跌穴,◯丙奇昇殿,△朱雀入没;×朱雀投江,×朱雀投江,×火孛地戸,,〇奇儀相佐,◯乙奇得使,門迫
陽9局丁丑,己,壬,坎,天蓬,休門,申酉,乙,辛,壬,戊,庚癸,丙,丁,己,己,乙,辛,壬,戊,庚癸,丙,丁,天任,天冲,天輔,天英,天芮,天柱,天心,天蓬,螣蛇,太陰,六合,勾陳,朱雀,九地,九天,直符,死門,驚門,開門,休門,生門,傷門,杜門,景門,×日奇入霧,,×白虎猖狂,×白虎猖狂,×騰蛇相纏,,×龍入天牢,,×太白伏宮;〇天乙会合,,×焚入太白;×華蓋孛師,◯丙奇得使,△星髄月転,◯丁奇昇殿,△朱雀入墓,,門迫
陽9局戊寅,己,離,坎,天蓬,休門,申酉,戊,庚癸,丙,丁,己,乙,辛,壬,己,乙,辛,壬,戊,庚癸,丙,丁,天英,天芮,天柱,天心,天蓬,天任,天冲,天輔,勾陳,朱雀,九地,九天,直符,螣蛇,太陰,六合,杜門,景門,死門,驚門,開門,休門,生門,傷門,×貴人入獄,,△太白蓬星;△華蓋蓬星,×六儀撃刑格,△謀事成就,,〇五神互合,◯丁奇得使,△犬遇青龍,,×日奇被刑;△華蓋蓬星,×乙奇入墓,×干合孛師,,△干合蛇刑,,反吟;門迫
陽9局己卯,己,坎,坎,天蓬,休門,申酉,己,乙,辛,壬,戊,庚癸,丙,丁,己,乙,辛,壬,戊,庚癸,丙,丁,天蓬,天任,天冲,天輔,天英,天芮,天柱,天心,直符,螣蛇,太陰,六合,勾陳,朱雀,九地,九天,生門,傷門,杜門,景門,死門,驚門,開門,休門,×地戸蓬鬼,,△日奇伏吟,,×伏吟天庭,,×蛇入地羅,×六儀撃刑格,×伏吟,,×太白同宮;×反吟大格;×太白入網;×天網四張,,×月奇孛師,,〇奇入太陰,◯玉女守門,伏吟;門迫
陽9局庚辰,己,坤,坎,天蓬,休門,申酉,壬,戊,庚癸,丙,丁,己,乙,辛,己,乙,辛,壬,戊,庚癸,丙,丁,天輔,天英,天芮,天柱,天心,天蓬,天任,天冲,六合,勾陳,朱雀,九地,九天,直符,螣蛇,太陰,傷門,杜門,景門,死門,驚門,開門,休門,生門,×凶蛇入獄,,△青龍合霊,,×白虎干格;×網蓋天牢,,×火入天羅,,〇青龍転光,,×刑格返名;×地刑玄武,×飛宮格;×六儀撃刑格,〇奇儀順遂,,〇獄神得奇,,門迫
陽9局辛巳,己,震,坎,天蓬,休門,申酉,丙,丁,己,乙,辛,壬,戊,庚癸,己,乙,辛,壬,戊,庚癸,丙,丁,天柱,天心,天蓬,天任,天冲,天輔,天英,天芮,九地,九天,直符,螣蛇,太陰,六合,勾陳,朱雀,開門,休門,生門,傷門,杜門,景門,死門,驚門,△太孛入刑,◯丙奇得使,〇人遁吉格,◯丁奇得使;◯玉女守門;×丁奇入墓,×遊魂入墓,,×日奇入地,,×囚獄被傷,×六儀撃刑格,×太白擒蛇;×幼女奸淫,,〇青龍返首,,△丁丁之格;×螣蛇妖矯,×螣蛇妖矯,
陽9局壬午,己,巽,坎,天蓬,休門,申酉,庚癸,丙,丁,己,乙,辛,壬,戊,己,乙,辛,壬,戊,庚癸,丙,丁,天芮,天柱,天心,天蓬,天任,天冲,天輔,天英,朱雀,九地,九天,直符,螣蛇,太陰,六合,勾陳,景門,死門,驚門,開門,休門,生門,傷門,杜門,×官符刑格;×華蓋地戸,×伏宮格;×刑格,〇日月併用,,×朱雀入獄,,×地網高張,,×利陰害陽,◯乙奇得使,×白虎出力;×天牢華蓋,,×水蛇入火,,〇青龍耀明,,反吟;門迫
陽9局癸未,己,坤,坎,天蓬,休門,申酉,壬,戊,庚癸,丙,丁,己,乙,辛,己,乙,辛,壬,戊,庚癸,丙,丁,天輔,天英,天芮,天柱,天心,天蓬,天任,天冲,六合,勾陳,朱雀,九地,九天,直符,螣蛇,太陰,休門,生門,傷門,杜門,景門,死門,驚門,開門,×凶蛇入獄,,△青龍合霊,,×白虎干格;×網蓋天牢,,×火入天羅,,〇青龍転光,,×刑格返名;×地刑玄武,×飛宮格;×六儀撃刑格,〇奇儀順遂,,〇獄神得奇,,
陽9局甲申,庚,坤,坤,天芮,死門,午未,己,乙,辛,壬,戊,庚癸,丙,丁,己,乙,辛,壬,戊,庚癸,丙,丁,天蓬,天任,天冲,天輔,天英,天芮,天柱,天心,六合,勾陳,朱雀,九地,九天,直符,螣蛇,太陰,休門,生門,傷門,杜門,景門,死門,驚門,開門,×地戸蓬鬼,,△日奇伏吟,,×伏吟天庭,,×蛇入地羅,×六儀撃刑格,×伏吟,,×太白同宮;×反吟大格;×太白入網;×天網四張,×伏宮格;×飛宮格,×月奇孛師,,〇奇入太陰,,伏吟
陽9局乙酉,庚,艮,坤,天芮,死門,午未,戊,庚癸,丙,丁,己,乙,辛,壬,己,乙,辛,壬,戊,庚癸,丙,丁,天英,天芮,天柱,天心,天蓬,天任,天冲,天輔,九天,直符,螣蛇,太陰,六合,勾陳,朱雀,九地,杜門,景門,死門,驚門,開門,休門,生門,傷門,×貴人入獄,,△太白蓬星;△華蓋蓬星,×時格;×天羅;×六儀撃刑格,△謀事成就,,〇五神互合,◯丁奇得使,△犬遇青龍,,×日奇被刑;△華蓋蓬星,×乙奇入墓,×干合孛師,,△干合蛇刑,,反吟;門迫
陽9局丙戌,庚,兌,坤,天芮,死門,午未,丁,己,乙,辛,壬,戊,庚癸,丙,己,乙,辛,壬,戊,庚癸,丙,丁,天心,天蓬,天任,天冲,天輔,天英,天芮,天柱,太陰,六合,勾陳,朱雀,九地,九天,直符,螣蛇,傷門,杜門,景門,死門,驚門,開門,休門,生門,×火入勾陳,,△地戸蓬星,,×青龍逃走,◯乙奇昇殿;×青龍逃走,×凶蛇入獄,,〇小蛇化龍,,×値符飛宮;△青龍華蓋,,×太白入熒;〇華蓋孛師,×時格;×天羅,〇星奇朱雀,◯天遁;×丙奇入墓,門迫
陽9局丁亥,庚,壬,坤,天芮,死門,午未,丙,丁,己,乙,辛,壬,戊,庚癸,己,乙,辛,壬,戊,庚癸,丙,丁,天柱,天心,天蓬,天任,天冲,天輔,天英,天芮,螣蛇,太陰,六合,勾陳,朱雀,九地,九天,直符,休門,生門,傷門,杜門,景門,死門,驚門,開門,△太孛入刑,◯丙奇得使,〇人遁吉格,◯丁奇得使;×丁奇入墓,×遊魂入墓,,×日奇入地,,×囚獄被傷,×六儀撃刑格,×太白擒蛇;×幼女奸淫,,〇青龍返首,,△丁丁之格;×螣蛇妖矯,×時格;×螣蛇妖矯;×天羅,
陽9局戊子,庚,離,坤,天芮,死門,午未,乙,辛,壬,戊,庚癸,丙,丁,己,己,乙,辛,壬,戊,庚癸,丙,丁,天任,天冲,天輔,天英,天芮,天柱,天心,天蓬,勾陳,朱雀,九地,九天,直符,螣蛇,太陰,六合,驚門,開門,休門,生門,傷門,杜門,景門,死門,×日奇入霧,,×白虎猖狂,×白虎猖狂,×騰蛇相纏,,×龍入天牢,,×太白伏宮;〇天乙会合,×時格;×天羅,×焚入太白;×華蓋孛師,◯丙奇得使,△星髄月転,◯丁奇昇殿,△朱雀入墓,,門迫
陽9局己丑,庚,坎,坤,天芮,死門,午未,庚癸,丙,丁,己,乙,辛,壬,戊,己,乙,辛,壬,戊,庚癸,丙,丁,天芮,天柱,天心,天蓬,天任,天冲,天輔,天英,直符,螣蛇,太陰,六合,勾陳,朱雀,九地,九天,開門,休門,生門,傷門,杜門,景門,死門,驚門,×官符刑格;×華蓋地戸,×刑格;×時格;×天羅,〇日月併用,,×朱雀入獄,,×地網高張,,×利陰害陽,◯乙奇得使,×白虎出力;×天牢華蓋,,×水蛇入火,,〇青龍耀明,,
陽9局庚寅,庚,坤,坤,天芮,死門,午未,己,乙,辛,壬,戊,庚癸,丙,丁,己,乙,辛,壬,戊,庚癸,丙,丁,天蓬,天任,天冲,天輔,天英,天芮,天柱,天心,六合,勾陳,朱雀,九地,九天,直符,螣蛇,太陰,景門,死門,驚門,開門,休門,生門,傷門,杜門,×地戸蓬鬼,,△日奇伏吟,,×伏吟天庭,,×蛇入地羅,×六儀撃刑格,×伏吟,,×太白同宮;×反吟大格;×太白入網;×天網四張,×伏宮格;×飛宮格;×時格;×天羅,×月奇孛師,,〇奇入太陰,,伏吟;反吟;門迫
陽9局辛卯,庚,震,坤,天芮,死門,午未,壬,戊,庚癸,丙,丁,己,乙,辛,己,乙,辛,壬,戊,庚癸,丙,丁,天輔,天英,天芮,天柱,天心,天蓬,天任,天冲,九地,九天,直符,螣蛇,太陰,六合,勾陳,朱雀,生門,傷門,杜門,景門,死門,驚門,開門,休門,×凶蛇入獄,,△青龍合霊,,×白虎干格;×網蓋天牢,×時格;×天羅,×火入天羅,,〇青龍転光,◯玉女守門,×刑格返名;×地刑玄武,×六儀撃刑格,〇奇儀順遂,,〇獄神得奇,,門迫
陽9局壬辰,庚,巽,坤,天芮,死門,午未,辛,壬,戊,庚癸,丙,丁,己,乙,己,乙,辛,壬,戊,庚癸,丙,丁,天冲,天輔,天英,天芮,天柱,天心,天蓬,天任,朱雀,九地,九天,直符,螣蛇,太陰,六合,勾陳,死門,驚門,開門,休門,生門,傷門,杜門,景門,×入獄自刑,,△格名小蛇,,×青龍折足,×六儀撃刑格,×金華水流;×復見騰蛇,×時格;×天羅;×六儀撃刑格,〇飛鳥跌穴,◯丙奇昇殿,△朱雀入没;×朱雀投江,×朱雀投江,×火孛地戸,,〇奇儀相佐,◯乙奇得使,門迫
陽9局癸巳,庚,坤,坤,天芮,死門,午未,己,乙,辛,壬,戊,庚癸,丙,丁,己,乙,辛,壬,戊,庚癸,丙,丁,天蓬,天任,天冲,天輔,天英,天芮,天柱,天心,六合,勾陳,朱雀,九地,九天,直符,螣蛇,太陰,休門,生門,傷門,杜門,景門,死門,驚門,開門,×地戸蓬鬼,,△日奇伏吟,,×伏吟天庭,,×蛇入地羅,×六儀撃刑格,×伏吟,,×太白同宮;×反吟大格;×太白入網;×天網四張,×伏宮格;×飛宮格;×時格;×天羅,×月奇孛師,,〇奇入太陰,,伏吟
陽9局甲午,辛,震,震,天冲,傷門,辰巳,己,乙,辛,壬,戊,庚癸,丙,丁,己,乙,辛,壬,戊,庚癸,丙,丁,天蓬,天任,天冲,天輔,天英,天芮,天柱,天心,九地,九天,直符,螣蛇,太陰,六合,勾陳,朱雀,休門,生門,傷門,杜門,景門,死門,驚門,開門,×地戸蓬鬼,,△日奇伏吟,,×伏吟天庭,,×蛇入地羅,×六儀撃刑格,×伏吟,,×太白同宮;×反吟大格;×太白入網;×天網四張,,×月奇孛師,,〇奇入太陰,,伏吟
陽9局乙未,辛,艮,震,天冲,傷門,辰巳,乙,辛,壬,戊,庚癸,丙,丁,己,己,乙,辛,壬,戊,庚癸,丙,丁,天任,天冲,天輔,天英,天芮,天柱,天心,天蓬,九天,直符,螣蛇,太陰,六合,勾陳,朱雀,九地,開門,休門,生門,傷門,杜門,景門,死門,驚門,×日奇入霧,◯地遁,×白虎猖狂,×白虎猖狂,×騰蛇相纏,,×龍入天牢,,×太白伏宮;〇天乙会合,,×焚入太白;×華蓋孛師,◯丙奇得使,△星髄月転,◯丁奇昇殿,△朱雀入墓,,
陽9局丙申,辛,兌,震,天冲,傷門,辰巳,戊,庚癸,丙,丁,己,乙,辛,壬,己,乙,辛,壬,戊,庚癸,丙,丁,天英,天芮,天柱,天心,天蓬,天任,天冲,天輔,太陰,六合,勾陳,朱雀,九地,九天,直符,螣蛇,死門,驚門,開門,休門,生門,傷門,杜門,景門,×貴人入獄,,△太白蓬星;△華蓋蓬星,×六儀撃刑格,△謀事成就,,〇五神互合,◯丁奇得使,△犬遇青龍,,×日奇被刑;△華蓋蓬星,×乙奇入墓,×干合孛師,,△干合蛇刑,,反吟;門迫
陽9局丁酉,辛,壬,震,天冲,傷門,辰巳,壬,戊,庚癸,丙,丁,己,乙,辛,己,乙,辛,壬,戊,庚癸,丙,丁,天輔,天英,天芮,天柱,天心,天蓬,天任,天冲,螣蛇,太陰,六合,勾陳,朱雀,九地,九天,直符,杜門,景門,死門,驚門,開門,休門,生門,傷門,×凶蛇入獄,,△青龍合霊,,×白虎干格;×網蓋天牢,×伏宮格,×火入天羅,,〇青龍転光,,×刑格返名;×地刑玄武,×六儀撃刑格,〇奇儀順遂,,〇獄神得奇,,門迫
陽9局戊戌,辛,離,震,天冲,傷門,辰巳,丙,丁,己,乙,辛,壬,戊,庚癸,己,乙,辛,壬,戊,庚癸,丙,丁,天柱,天心,天蓬,天任,天冲,天輔,天英,天芮,勾陳,朱雀,九地,九天,直符,螣蛇,太陰,六合,景門,死門,驚門,開門,休門,生門,傷門,杜門,△太孛入刑,◯丙奇得使,〇人遁吉格,◯丁奇得使;×丁奇入墓,×遊魂入墓,,×日奇入地,◯風遁,×囚獄被傷,×六儀撃刑格,×太白擒蛇;×幼女奸淫,,〇青龍返首,,△丁丁之格;×螣蛇妖矯,×螣蛇妖矯,反吟;門迫
陽9局己亥,辛,坎,震,天冲,傷門,辰巳,辛,壬,戊,庚癸,丙,丁,己,乙,己,乙,辛,壬,戊,庚癸,丙,丁,天冲,天輔,天英,天芮,天柱,天心,天蓬,天任,直符,螣蛇,太陰,六合,勾陳,朱雀,九地,九天,生門,傷門,杜門,景門,死門,驚門,開門,休門,×入獄自刑,,△格名小蛇,,×青龍折足,×六儀撃刑格,×金華水流;×復見騰蛇,×六儀撃刑格,〇飛鳥跌穴,◯丙奇昇殿,△朱雀入没;×朱雀投江,×朱雀投江,×火孛地戸,,〇奇儀相佐,◯乙奇得使,門迫
陽9局庚子,辛,坤,震,天冲,傷門,辰巳,庚癸,丙,丁,己,乙,辛,壬,戊,己,乙,辛,壬,戊,庚癸,丙,丁,天芮,天柱,天心,天蓬,天任,天冲,天輔,天英,六合,勾陳,朱雀,九地,九天,直符,螣蛇,太陰,驚門,開門,休門,生門,傷門,杜門,景門,死門,×官符刑格;×華蓋地戸,×刑格,〇日月併用,,×朱雀入獄,,×地網高張,,×利陰害陽,◯乙奇得使,×白虎出力;×天牢華蓋,×飛宮格,×水蛇入火,,〇青龍耀明,,門迫
陽9局辛丑,辛,震,震,天冲,傷門,辰巳,己,乙,辛,壬,戊,庚癸,丙,丁,己,乙,辛,壬,戊,庚癸,丙,丁,天蓬,天任,天冲,天輔,天英,天芮,天柱,天心,九地,九天,直符,螣蛇,太陰,六合,勾陳,朱雀,傷門,杜門,景門,死門,驚門,開門,休門,生門,×地戸蓬鬼,,△日奇伏吟,,×伏吟天庭,,×蛇入地羅,×六儀撃刑格,×伏吟,,×太白同宮;×反吟大格;×太白入網;×天網四張,,×月奇孛師,,〇奇入太陰,,伏吟;門迫
陽9局壬寅,辛,巽,震,天冲,傷門,辰巳,丁,己,乙,辛,壬,戊,庚癸,丙,己,乙,辛,壬,戊,庚癸,丙,丁,天心,天蓬,天任,天冲,天輔,天英,天芮,天柱,朱雀,九地,九天,直符,螣蛇,太陰,六合,勾陳,死門,驚門,開門,休門,生門,傷門,杜門,景門,×火入勾陳,,△地戸蓬星,,×青龍逃走,◯雲遁;◯乙奇昇殿;×青龍逃走,×凶蛇入獄,,〇小蛇化龍,,×値符飛宮;△青龍華蓋,,×太白入熒;〇華蓋孛師,,〇星奇朱雀,×丙奇入墓,門迫
陽9局癸卯,辛,坤,震,天冲,傷門,辰巳,庚癸,丙,丁,己,乙,辛,壬,戊,己,乙,辛,壬,戊,庚癸,丙,丁,天芮,天柱,天心,天蓬,天任,天冲,天輔,天英,六合,勾陳,朱雀,九地,九天,直符,螣蛇,太陰,休門,生門,傷門,杜門,景門,死門,驚門,開門,×官符刑格;×華蓋地戸,×刑格,〇日月併用,,×朱雀入獄,◯玉女守門,×地網高張,,×利陰害陽,◯乙奇得使,×白虎出力;×天牢華蓋,×飛宮格,×水蛇入火,,〇青龍耀明,,
陽9局甲辰,壬,巽,巽,天輔,杜門,寅卯,己,乙,辛,壬,戊,庚癸,丙,丁,己,乙,辛,壬,戊,庚癸,丙,丁,天蓬,天任,天冲,天輔,天英,天芮,天柱,天心,朱雀,九地,九天,直符,螣蛇,太陰,六合,勾陳,休門,生門,傷門,杜門,景門,死門,驚門,開門,×地戸蓬鬼,,△日奇伏吟,,×伏吟天庭,,×蛇入地羅,×六儀撃刑格,×伏吟,,×太白同宮;×反吟大格;×太白入網;×天網四張,,×月奇孛師,,〇奇入太陰,,伏吟
陽9局乙巳,壬,艮,巽,天輔,杜門,寅卯,辛,壬,戊,庚癸,丙,丁,己,乙,己,乙,辛,壬,戊,庚癸,丙,丁,天冲,天輔,天英,天芮,天柱,天心,天蓬,天任,九天,直符,螣蛇,太陰,六合,勾陳,朱雀,九地,驚門,開門,休門,生門,傷門,杜門,景門,死門,×入獄自刑,,△格名小蛇,×地網,×青龍折足,×六儀撃刑格,×金華水流;×復見騰蛇,×伏宮格;×六儀撃刑格,〇飛鳥跌穴,◯丙奇昇殿,△朱雀入没;×朱雀投江,◯玉女守門;×朱雀投江,×火孛地戸,,〇奇儀相佐,◯乙奇得使,門迫
陽9局丙午,壬,兌,巽,天輔,杜門,寅卯,庚癸,丙,丁,己,乙,辛,壬,戊,己,乙,辛,壬,戊,庚癸,丙,丁,天芮,天柱,天心,天蓬,天任,天冲,天輔,天英,太陰,六合,勾陳,朱雀,九地,九天,直符,螣蛇,景門,死門,驚門,開門,休門,生門,傷門,杜門,×官符刑格;×華蓋地戸,×刑格,〇日月併用,,×朱雀入獄,,×地網高張,,×利陰害陽,◯乙奇得使,×白虎出力;×天牢華蓋,,×水蛇入火,×地網,〇青龍耀明,,反吟;門迫
陽9局丁未,壬,壬,巽,天輔,杜門,寅卯,戊,庚癸,丙,丁,己,乙,辛,壬,己,乙,辛,壬,戊,庚癸,丙,丁,天英,天芮,天柱,天心,天蓬,天任,天冲,天輔,螣蛇,太陰,六合,勾陳,朱雀,九地,九天,直符,死門,驚門,開門,休門,生門,傷門,杜門,景門,×貴人入獄,,△太白蓬星;△華蓋蓬星,×六儀撃刑格,△謀事成就,,〇五神互合,◯丁奇得使,△犬遇青龍,,×日奇被刑;△華蓋蓬星,×乙奇入墓,×干合孛師,,△干合蛇刑,×地網,反吟;門迫
陽9局戊申,壬,離,巽,天輔,杜門,寅卯,丁,己,乙,辛,壬,戊,庚癸,丙,己,乙,辛,壬,戊,庚癸,丙,丁,天心,天蓬,天任,天冲,天輔,天英,天芮,天柱,勾陳,朱雀,九地,九天,直符,螣蛇,太陰,六合,傷門,杜門,景門,死門,驚門,開門,休門,生門,×火入勾陳,,△地戸蓬星,,×青龍逃走,◯乙奇昇殿;×青龍逃走,×凶蛇入獄,,〇小蛇化龍,×地網,×値符飛宮;△青龍華蓋,,×太白入熒;〇華蓋孛師,,〇星奇朱雀,◯天遁;×丙奇入墓,門迫
陽9局己酉,壬,坎,巽,天輔,杜門,寅卯,壬,戊,庚癸,丙,丁,己,乙,辛,己,乙,辛,壬,戊,庚癸,丙,丁,天輔,天英,天芮,天柱,天心,天蓬,天任,天冲,直符,螣蛇,太陰,六合,勾陳,朱雀,九地,九天,開門,休門,生門,傷門,杜門,景門,死門,驚門,×凶蛇入獄,×地網,△青龍合霊,,×白虎干格;×網蓋天牢,,×火入天羅,,〇青龍転光,◯玉女守門,×刑格返名;×地刑玄武,×六儀撃刑格,〇奇儀順遂,,〇獄神得奇,,
陽9局庚戌,壬,坤,巽,天輔,杜門,寅卯,丙,丁,己,乙,辛,壬,戊,庚癸,己,乙,辛,壬,戊,庚癸,丙,丁,天柱,天心,天蓬,天任,天冲,天輔,天英,天芮,六合,勾陳,朱雀,九地,九天,直符,螣蛇,太陰,杜門,景門,死門,驚門,開門,休門,生門,傷門,△太孛入刑,◯丙奇得使,〇人遁吉格,◯丁奇得使;×丁奇入墓,×遊魂入墓,,×日奇入地,,×囚獄被傷,×六儀撃刑格,×太白擒蛇;×幼女奸淫,×飛宮格;×地網,〇青龍返首,,△丁丁之格;×螣蛇妖矯,×螣蛇妖矯,門迫
陽9局辛亥,壬,震,巽,天輔,杜門,寅卯,乙,辛,壬,戊,庚癸,丙,丁,己,己,乙,辛,壬,戊,庚癸,丙,丁,天任,天冲,天輔,天英,天芮,天柱,天心,天蓬,九地,九天,直符,螣蛇,太陰,六合,勾陳,朱雀,驚門,開門,休門,生門,傷門,杜門,景門,死門,×日奇入霧,,×白虎猖狂,×白虎猖狂,×騰蛇相纏,×地網,×龍入天牢,,×太白伏宮;〇天乙会合,,×焚入太白;×華蓋孛師,◯丙奇得使,△星髄月転,◯丁奇昇殿,△朱雀入墓,,門迫
陽9局壬子,壬,巽,巽,天輔,杜門,寅卯,己,乙,辛,壬,戊,庚癸,丙,丁,己,乙,辛,壬,戊,庚癸,丙,丁,天蓬,天任,天冲,天輔,天英,天芮,天柱,天心,朱雀,九地,九天,直符,螣蛇,太陰,六合,勾陳,生門,傷門,杜門,景門,死門,驚門,開門,休門,×地戸蓬鬼,,△日奇伏吟,,×伏吟天庭,,×蛇入地羅,×地網;×六儀撃刑格,×伏吟,,×太白同宮;×反吟大格;×太白入網;×天網四張,,×月奇孛師,,〇奇入太陰,,伏吟;門迫
陽9局癸丑,壬,坤,巽,天輔,杜門,寅卯,丙,丁,己,乙,辛,壬,戊,庚癸,己,乙,辛,壬,戊,庚癸,丙,丁,天柱,天心,天蓬,天任,天冲,天輔,天英,天芮,六合,勾陳,朱雀,九地,九天,直符,螣蛇,太陰,休門,生門,傷門,杜門,景門,死門,驚門,開門,△太孛入刑,◯丙奇得使,〇人遁吉格,◯丁奇得使;×丁奇入墓,×遊魂入墓,,×日奇入地,◯鬼遁,×囚獄被傷,×六儀撃刑格,×太白擒蛇;×幼女奸淫,×飛宮格;×地網,〇青龍返首,,△丁丁之格;×螣蛇妖矯,×螣蛇妖矯,
陽9局甲寅,癸,坤,坤,天芮,死門,子丑,己,乙,辛,壬,戊,庚癸,丙,丁,己,乙,辛,壬,戊,庚癸,丙,丁,天蓬,天任,天冲,天輔,天英,天芮,天柱,天心,六合,勾陳,朱雀,九地,九天,直符,螣蛇,太陰,休門,生門,傷門,杜門,景門,死門,驚門,開門,×地戸蓬鬼,,△日奇伏吟,,×伏吟天庭,,×蛇入地羅,×六儀撃刑格,×伏吟,,×太白同宮;×反吟大格;×太白入網;×天網四張,×伏宮格;×飛宮格,×月奇孛師,,〇奇入太陰,,伏吟
陽9局乙卯,癸,艮,坤,天芮,死門,子丑,戊,庚癸,丙,丁,己,乙,辛,壬,己,乙,辛,壬,戊,庚癸,丙,丁,天英,天芮,天柱,天心,天蓬,天任,天冲,天輔,九天,直符,螣蛇,太陰,六合,勾陳,朱雀,九地,驚門,開門,休門,生門,傷門,杜門,景門,死門,×貴人入獄,,△太白蓬星;△華蓋蓬星,×時格;×天羅;×六儀撃刑格,△謀事成就,,〇五神互合,◯丁奇得使,△犬遇青龍,,×日奇被刑;△華蓋蓬星,×乙奇入墓,×干合孛師,,△干合蛇刑,,反吟;門迫
陽9局丙辰,癸,兌,坤,天芮,死門,子丑,丁,己,乙,辛,壬,戊,庚癸,丙,己,乙,辛,壬,戊,庚癸,丙,丁,天心,天蓬,天任,天冲,天輔,天英,天芮,天柱,太陰,六合,勾陳,朱雀,九地,九天,直符,螣蛇,開門,休門,生門,傷門,杜門,景門,死門,驚門,×火入勾陳,,△地戸蓬星,,×青龍逃走,◯雲遁;◯乙奇昇殿;×青龍逃走,×凶蛇入獄,,〇小蛇化龍,,×値符飛宮;△青龍華蓋,,×太白入熒;〇華蓋孛師,×時格;×天羅,〇星奇朱雀,×丙奇入墓,
陽9局丁巳,癸,乾,坤,天芮,死門,子丑,丙,丁,己,乙,辛,壬,戊,庚癸,己,乙,辛,壬,戊,庚癸,丙,丁,天柱,天心,天蓬,天任,天冲,天輔,天英,天芮,螣蛇,太陰,六合,勾陳,朱雀,九地,九天,直符,景門,死門,驚門,開門,休門,生門,傷門,杜門,△太孛入刑,◯丙奇得使,〇人遁吉格,◯丁奇得使;◯玉女守門;×丁奇入墓,×遊魂入墓,,×日奇入地,◯風遁,×囚獄被傷,×六儀撃刑格,×太白擒蛇;×幼女奸淫,,〇青龍返首,,△丁丁之格;×螣蛇妖矯,×時格;×螣蛇妖矯;×天羅,反吟;門迫
陽9局戊午,癸,離,坤,天芮,死門,子丑,乙,辛,壬,戊,庚癸,丙,丁,己,己,乙,辛,壬,戊,庚癸,丙,丁,天任,天冲,天輔,天英,天芮,天柱,天心,天蓬,勾陳,朱雀,九地,九天,直符,螣蛇,太陰,六合,生門,傷門,杜門,景門,死門,驚門,開門,休門,×日奇入霧,,×白虎猖狂,×白虎猖狂,×騰蛇相纏,,×龍入天牢,,×太白伏宮;〇天乙会合,×時格;×天羅,×焚入太白;×華蓋孛師,◯丙奇得使,△星髄月転,◯丁奇昇殿,△朱雀入墓,,門迫
陽9局己未,癸,坎,坤,天芮,死門,子丑,庚癸,丙,丁,己,乙,辛,壬,戊,己,乙,辛,壬,戊,庚癸,丙,丁,天芮,天柱,天心,天蓬,天任,天冲,天輔,天英,直符,螣蛇,太陰,六合,勾陳,朱雀,九地,九天,死門,驚門,開門,休門,生門,傷門,杜門,景門,×官符刑格;×華蓋地戸,×刑格;×時格;×天羅,〇日月併用,,×朱雀入獄,,×地網高張,,×利陰害陽,◯乙奇得使,×白虎出力;×天牢華蓋,,×水蛇入火,,〇青龍耀明,,門迫
陽9局庚申,癸,坤,坤,天芮,死門,子丑,己,乙,辛,壬,戊,庚癸,丙,丁,己,乙,辛,壬,戊,庚癸,丙,丁,天蓬,天任,天冲,天輔,天英,天芮,天柱,天心,六合,勾陳,朱雀,九地,九天,直符,螣蛇,太陰,休門,生門,傷門,杜門,景門,死門,驚門,開門,×地戸蓬鬼,,△日奇伏吟,,×伏吟天庭,,×蛇入地羅,×六儀撃刑格,×伏吟,,×太白同宮;×反吟大格;×太白入網;×天網四張,×伏宮格;×飛宮格;×時格;×天羅,×月奇孛師,,〇奇入太陰,,伏吟
陽9局辛酉,癸,震,坤,天芮,死門,子丑,壬,戊,庚癸,丙,丁,己,乙,辛,己,乙,辛,壬,戊,庚癸,丙,丁,天輔,天英,天芮,天柱,天心,天蓬,天任,天冲,九地,九天,直符,螣蛇,太陰,六合,勾陳,朱雀,杜門,景門,死門,驚門,開門,休門,生門,傷門,×凶蛇入獄,,△青龍合霊,,×白虎干格;×網蓋天牢,×時格;×天羅,×火入天羅,,〇青龍転光,,×刑格返名;×地刑玄武,×六儀撃刑格,〇奇儀順遂,,〇獄神得奇,,門迫
陽9局壬戌,癸,巽,坤,天芮,死門,子丑,辛,壬,戊,庚癸,丙,丁,己,乙,己,乙,辛,壬,戊,庚癸,丙,丁,天冲,天輔,天英,天芮,天柱,天心,天蓬,天任,朱雀,九地,九天,直符,螣蛇,太陰,六合,勾陳,傷門,杜門,景門,死門,驚門,開門,休門,生門,×入獄自刑,,△格名小蛇,,×青龍折足,×六儀撃刑格,×金華水流;×復見騰蛇,×時格;×天羅;×六儀撃刑格,〇飛鳥跌穴,◯丙奇昇殿,△朱雀入没;×朱雀投江,×朱雀投江,×火孛地戸,,〇奇儀相佐,◯乙奇得使,門迫
陽9局癸亥,癸,坤,坤,天芮,死門,子丑,己,乙,辛,壬,戊,庚癸,丙,丁,己,乙,辛,壬,戊,庚癸,丙,丁,天蓬,天任,天冲,天輔,天英,天芮,天柱,天心,六合,勾陳,朱雀,九地,九天,直符,螣蛇,太陰,休門,生門,傷門,杜門,景門,死門,驚門,開門,×地戸蓬鬼,,△日奇伏吟,,×伏吟天庭,,×蛇入地羅,×六儀撃刑格,×伏吟,,×太白同宮;×反吟大格;×太白入網;×天網四張,×伏宮格;×飛宮格;×時格;×天羅,×月奇孛師,,〇奇入太陰,,伏吟