key,junshu,tenban_junshu_p,chiban_junshu_p,chokufu,chokushi,kuubou,tenban_kan,tenban_gon,tenban_shin,tenban_son,tenban_ri,tenban_kun,tenban_da,tenban_ken,chiban_kan,chiban_gon,chiban_shin,chiban_son,chiban_ri,chiban_kun,chiban_da,chiban_ken,kyusei_kan,kyusei_gon,kyusei_shin,kyusei_son,kyusei_ri,kyusei_kun,kyusei_da,kyusei_ken,hasshin_kan,hasshin_gon,hasshin_shin,hasshin_son,hasshin_ri,hasshin_kun,hasshin_da,hasshin_ken,hachimon_kan,hachimon_gon,hachimon_shin,hachimon_son,hachimon_ri,hachimon_kun,hachimon_da,hachimon_ken
陰1局甲子,戊,坎,坎,天蓬,休門,戌亥,戊,庚,丙,丁,己,乙癸,辛,壬,戊,庚,丙,丁,己,乙癸,辛,壬,天蓬,天任,天冲,天輔,天英,天芮,天柱,天心,直符,九天,九地,朱雀,勾陳,六合,太陰,螣蛇,休門,生門,傷門,杜門,景門,死門,驚門,開門
陰1局乙丑,戊,坤,坎,天蓬,休門,戌亥,丁,己,乙癸,辛,壬,戊,庚,丙,戊,庚,丙,丁,己,乙癸,辛,壬,天輔,天英,天芮,天柱,天心,天蓬,天任,天冲,朱雀,勾陳,六合,太陰,螣蛇,直符,九天,九地,景門,死門,驚門,開門,休門,生門,傷門,杜門
陰1局丙寅,戊,震,坎,天蓬,休門,戌亥,辛,壬,戊,庚,丙,丁,己,乙癸,戊,庚,丙,丁,己,乙癸,辛,壬,天柱,天心,天蓬,天任,天冲,天輔,天英,天芮,太陰,螣蛇,直符,九天,九地,朱雀,勾陳,六合,開門,休門,生門,傷門,杜門,景門,死門,驚門
陰1局丁卯,戊,巽,坎,天蓬,休門,戌亥,乙癸,辛,壬,戊,庚,丙,丁,己,戊,庚,丙,丁,己,乙癸,辛,壬,天芮,天柱,天心,天蓬,天任,天冲,天輔,天英,六合,太陰,螣蛇,直符,九天,九地,朱雀,勾陳,傷門,杜門,景門,死門,驚門,開門,休門,生門
陰1局戊辰,戊,坎,坎,天蓬,休門,戌亥,戊,庚,丙,丁,己,乙癸,辛,壬,戊,庚,丙,丁,己,乙癸,辛,壬,天蓬,天任,天冲,天輔,天英,天芮,天柱,天心,直符,九天,九地,朱雀,勾陳,六合,太陰,螣蛇,生門,傷門,杜門,景門,死門,驚門,開門,休門
陰1局己巳,戊,離,坎,天蓬,休門,戌亥,己,乙癸,辛,壬,戊,庚,丙,丁,戊,庚,丙,丁,己,乙癸,辛,壬,天英,天芮,天柱,天心,天蓬,天任,天冲,天輔,勾陳,六合,太陰,螣蛇,直符,九天,九地,朱雀,杜門,景門,死門,驚門,開門,休門,生門,傷門
陰1局庚午,戊,艮,坎,天蓬,休門,戌亥,壬,戊,庚,丙,丁,己,乙癸,辛,戊,庚,丙,丁,己,乙癸,辛,壬,天心,天蓬,天任,天冲,天輔,天英,天芮,天柱,螣蛇,直符,九天,九地,朱雀,勾陳,六合,太陰,死門,驚門,開門,休門,生門,傷門,杜門,景門
陰1局辛未,戊,兌,坎,天蓬,休門,戌亥,丙,丁,己,乙癸,辛,壬,戊,庚,戊,庚,丙,丁,己,乙癸,辛,壬,天冲,天輔,天英,天芮,天柱,天心,天蓬,天任,九地,朱雀,勾陳,六合,太陰,螣蛇,直符,九天,驚門,開門,休門,生門,傷門,杜門,景門,死門
陰1局壬申,戊,壬,坎,天蓬,休門,戌亥,庚,丙,丁,己,乙癸,辛,壬,戊,戊,庚,丙,丁,己,乙癸,辛,壬,天任,天冲,天輔,天英,天芮,天柱,天心,天蓬,九天,九地,朱雀,勾陳,六合,太陰,螣蛇,直符,杜門,景門,死門,驚門,開門,休門,生門,傷門
陰1局癸酉,戊,坤,坎,天蓬,休門,戌亥,丁,己,乙癸,辛,壬,戊,庚,丙,戊,庚,丙,丁,己,乙癸,辛,壬,天輔,天英,天芮,天柱,天心,天蓬,天任,天冲,朱雀,勾陳,六合,太陰,螣蛇,直符,九天,九地,休門,生門,傷門,杜門,景門,死門,驚門,開門
陰1局甲戌,己,離,離,天英,景門,申酉,戊,庚,丙,丁,己,乙癸,辛,壬,戊,庚,丙,丁,己,乙癸,辛,壬,天蓬,天任,天冲,天輔,天英,天芮,天柱,天心,勾陳,六合,太陰,螣蛇,直符,九天,九地,朱雀,休門,生門,傷門,杜門,景門,死門,驚門,開門
陰1局乙亥,己,坤,離,天英,景門,申酉,壬,戊,庚,丙,丁,己,乙癸,辛,戊,庚,丙,丁,己,乙癸,辛,壬,天心,天蓬,天任,天冲,天輔,天英,天芮,天柱,朱雀,勾陳,六合,太陰,螣蛇,直符,九天,九地,杜門,景門,死門,驚門,開門,休門,生門,傷門
陰1局丙子,己,震,離,天英,景門,申酉,丙,丁,己,乙癸,辛,壬,戊,庚,戊,庚,丙,丁,己,乙癸,辛,壬,天冲,天輔,天英,天芮,天柱,天心,天蓬,天任,太陰,螣蛇,直符,九天,九地,朱雀,勾陳,六合,驚門,開門,休門,生門,傷門,杜門,景門,死門
陰1局丁丑,己,巽,離,天英,景門,申酉,庚,丙,丁,己,乙癸,辛,壬,戊,戊,庚,丙,丁,己,乙癸,辛,壬,天任,天冲,天輔,天英,天芮,天柱,天心,天蓬,六合,太陰,螣蛇,直符,九天,九地,朱雀,勾陳,死門,驚門,開門,休門,生門,傷門,杜門,景門
陰1局戊寅,己,坎,離,天英,景門,申酉,己,乙癸,辛,壬,戊,庚,丙,丁,戊,庚,丙,丁,己,乙癸,辛,壬,天英,天芮,天柱,天心,天蓬,天任,天冲,天輔,直符,九天,九地,朱雀,勾陳,六合,太陰,螣蛇,開門,休門,生門,傷門,杜門,景門,死門,驚門
陰1局己卯,己,離,離,天英,景門,申酉,戊,庚,丙,丁,己,乙癸,辛,壬,戊,庚,丙,丁,己,乙癸,辛,壬,天蓬,天任,天冲,天輔,天英,天芮,天柱,天心,勾陳,六合,太陰,螣蛇,直符,九天,九地,朱雀,生門,傷門,杜門,景門,死門,驚門,開門,休門
陰1局庚辰,己,艮,離,天英,景門,申酉,丁,己,乙癸,辛,壬,戊,庚,丙,戊,庚,丙,丁,己,乙癸,辛,壬,天輔,天英,天芮,天柱,天心,天蓬,天任,天冲,螣蛇,直符,九天,九地,朱雀,勾陳,六合,太陰,傷門,杜門,景門,死門,驚門,開門,休門,生門
陰1局辛巳,己,兌,離,天英,景門,申酉,辛,壬,戊,庚,丙,丁,己,乙癸,戊,庚,丙,丁,己,乙癸,辛,壬,天柱,天心,天蓬,天任,天冲,天輔,天英,天芮,九地,朱雀,勾陳,六合,太陰,螣蛇,直符,九天,開門,休門,生門,傷門,杜門,景門,死門,驚門
陰1局壬午,己,壬,離,天英,景門,申酉,乙癸,辛,壬,戊,庚,丙,丁,己,戊,庚,丙,丁,己,乙癸,辛,壬,天芮,天柱,天心,天蓬,天任,天冲,天輔,天英,九天,九地,朱雀,勾陳,六合,太陰,螣蛇,直符,景門,死門,驚門,開門,休門,生門,傷門,杜門
陰1局癸未,己,坤,離,天英,景門,申酉,壬,戊,庚,丙,丁,己,乙癸,辛,戊,庚,丙,丁,己,乙癸,辛,壬,天心,天蓬,天任,天冲,天輔,天英,天芮,天柱,朱雀,勾陳,六合,太陰,螣蛇,直符,九天,九地,休門,生門,傷門,杜門,景門,死門,驚門,開門
陰1局甲申,庚,艮,艮,天任,生門,午未,戊,庚,丙,丁,己,乙癸,辛,壬,戊,庚,丙,丁,己,乙癸,辛,壬,天蓬,天任,天冲,天輔,天英,天芮,天柱,天心,螣蛇,直符,九天,九地,朱雀,勾陳,六合,太陰,休門,生門,傷門,杜門,景門,死門,驚門,開門
陰1局乙酉,庚,坤,艮,天任,生門,午未,己,乙癸,辛,壬,戊,庚,丙,丁,戊,庚,丙,丁,己,乙癸,辛,壬,天英,天芮,天柱,天心,天蓬,天任,天冲,天輔,朱雀,勾陳,六合,太陰,螣蛇,直符,九天,九地,杜門,景門,死門,驚門,開門,休門,生門,傷門
陰1局丙戌,庚,震,艮,天任,生門,午未,壬,戊,庚,丙,丁,己,乙癸,辛,戊,庚,丙,丁,己,乙癸,辛,壬,天心,天蓬,天任,天冲,天輔,天英,天芮,天柱,太陰,螣蛇,直符,九天,九地,朱雀,勾陳,六合,傷門,杜門,景門,死門,驚門,開門,休門,生門
陰1局丁亥,庚,巽,艮,天任,生門,午未,辛,壬,戊,庚,丙,丁,己,乙癸,戊,庚,丙,丁,己,乙癸,辛,壬,天柱,天心,天蓬,天任,天冲,天輔,天英,天芮,六合,太陰,螣蛇,直符,九天,九地,朱雀,勾陳,景門,死門,驚門,開門,休門,生門,傷門,杜門
陰1局戊子,庚,坎,艮,天任,生門,午未,庚,丙,丁,己,乙癸,辛,壬,戊,戊,庚,丙,丁,己,乙癸,辛,壬,天任,天冲,天輔,天英,天芮,天柱,天心,天蓬,直符,九天,九地,朱雀,勾陳,六合,太陰,螣蛇,驚門,開門,休門,生門,傷門,杜門,景門,死門
陰1局己丑,庚,離,艮,天任,生門,午未,乙癸,辛,壬,戊,庚,丙,丁,己,戊,庚,丙,丁,己,乙癸,辛,壬,天芮,天柱,天心,天蓬,天任,天冲,天輔,天英,勾陳,六合,太陰,螣蛇,直符,九天,九地,朱雀,開門,休門,生門,傷門,杜門,景門,死門,驚門
陰1局庚寅,庚,艮,艮,天任,生門,午未,戊,庚,丙,丁,己,乙癸,辛,壬,戊,庚,丙,丁,己,乙癸,辛,壬,天蓬,天任,天冲,天輔,天英,天芮,天柱,天心,螣蛇,直符,九天,九地,朱雀,勾陳,六合,太陰,景門,死門,驚門,開門,休門,生門,傷門,杜門
陰1局辛卯,庚,兌,艮,天任,生門,午未,丁,己,乙癸,辛,壬,戊,庚,丙,戊,庚,丙,丁,己,乙癸,辛,壬,天輔,天英,天芮,天柱,天心,天蓬,天任,天冲,九地,朱雀,勾陳,六合,太陰,螣蛇,直符,九天,生門,傷門,杜門,景門,死門,驚門,開門,休門
陰1局壬辰,庚,壬,艮,天任,生門,午未,丙,丁,己,乙癸,辛,壬,戊,庚,戊,庚,丙,丁,己,乙癸,辛,壬,天冲,天輔,天英,天芮,天柱,天心,天蓬,天任,九天,九地,朱雀,勾陳,六合,太陰,螣蛇,直符,死門,驚門,開門,休門,生門,傷門,杜門,景門
陰1局癸巳,庚,坤,艮,天任,生門,午未,己,乙癸,辛,壬,戊,庚,丙,丁,戊,庚,丙,丁,己,乙癸,辛,壬,天英,天芮,天柱,天心,天蓬,天任,天冲,天輔,朱雀,勾陳,六合,太陰,螣蛇,直符,九天,九地,休門,生門,傷門,杜門,景門,死門,驚門,開門
陰1局甲午,辛,兌,兌,天柱,驚門,辰巳,戊,庚,丙,丁,己,乙癸,辛,壬,戊,庚,丙,丁,己,乙癸,辛,壬,天蓬,天任,天冲,天輔,天英,天芮,天柱,天心,九地,朱雀,勾陳,六合,太陰,螣蛇,直符,九天,休門,生門,傷門,杜門,景門,死門,驚門,開門
陰1局乙未,辛,坤,兌,天柱,驚門,辰巳,庚,丙,丁,己,乙癸,辛,壬,戊,戊,庚,丙,丁,己,乙癸,辛,壬,天任,天冲,天輔,天英,天芮,天柱,天心,天蓬,朱雀,勾陳,六合,太陰,螣蛇,直符,九天,九地,開門,休門,生門,傷門,杜門,景門,死門,驚門
陰1局丙申,辛,震,兌,天柱,驚門,辰巳,己,乙癸,辛,壬,戊,庚,丙,丁,戊,庚,丙,丁,己,乙癸,辛,壬,天英,天芮,天柱,天心,天蓬,天任,天冲,天輔,太陰,螣蛇,直符,九天,九地,朱雀,勾陳,六合,生門,傷門,杜門,景門,死門,驚門,開門,休門
陰1局丁酉,辛,巽,兌,天柱,驚門,辰巳,丁,己,乙癸,辛,壬,戊,庚,丙,戊,庚,丙,丁,己,乙癸,辛,壬,天輔,天英,天芮,天柱,天心,天蓬,天任,天冲,六合,太陰,螣蛇,直符,九天,九地,朱雀,勾陳,杜門,景門,死門,驚門,開門,休門,生門,傷門
陰1局戊戌,辛,坎,兌,天柱,驚門,辰巳,辛,壬,戊,庚,丙,丁,己,乙癸,戊,庚,丙,丁,己,乙癸,辛,壬,天柱,天心,天蓬,天任,天冲,天輔,天英,天芮,直符,九天,九地,朱雀,勾陳,六合,太陰,螣蛇,景門,死門,驚門,開門,休門,生門,傷門,杜門
陰1局己亥,辛,離,兌,天柱,驚門,辰巳,丙,丁,己,乙癸,辛,壬,戊,庚,戊,庚,丙,丁,己,乙癸,辛,壬,天冲,天輔,天英,天芮,天柱,天心,天蓬,天任,勾陳,六合,太陰,螣蛇,直符,九天,九地,朱雀,生門,傷門,杜門,景門,死門,驚門,開門,休門
陰1局庚子,辛,艮,兌,天柱,驚門,辰巳,乙癸,辛,壬,戊,庚,丙,丁,己,戊,庚,丙,丁,己,乙癸,辛,壬,天芮,天柱,天心,天蓬,天任,天冲,天輔,天英,螣蛇,直符,九天,九地,朱雀,勾陳,六合,太陰,驚門,開門,休門,生門,傷門,杜門,景門,死門
陰1局辛丑,辛,兌,兌,天柱,驚門,辰巳,戊,庚,丙,丁,己,乙癸,辛,壬,戊,庚,丙,丁,己,乙癸,辛,壬,天蓬,天任,天冲,天輔,天英,天芮,天柱,天心,九地,朱雀,勾陳,六合,太陰,螣蛇,直符,九天,傷門,杜門,景門,死門,驚門,開門,休門,生門
陰1局壬寅,辛,壬,兌,天柱,驚門,辰巳,壬,戊,庚,丙,丁,己,乙癸,辛,戊,庚,丙,丁,己,乙癸,辛,壬,天心,天蓬,天任,天冲,天輔,天英,天芮,天柱,九天,九地,朱雀,勾陳,六合,太陰,螣蛇,直符,死門,驚門,開門,休門,生門,傷門,杜門,景門
陰1局癸卯,辛,坤,兌,天柱,驚門,辰巳,庚,丙,丁,己,乙癸,辛,壬,戊,戊,庚,丙,丁,己,乙癸,辛,壬,天任,天冲,天輔,天英,天芮,天柱,天心,天蓬,朱雀,勾陳,六合,太陰,螣蛇,直符,九天,九地,休門,生門,傷門,杜門,景門,死門,驚門,開門
陰1局甲辰,壬,壬,乾,天心,開門,寅卯,戊,庚,丙,丁,己,乙癸,辛,壬,戊,庚,丙,丁,己,乙癸,辛,壬,天蓬,天任,天冲,天輔,天英,天芮,天柱,天心,九天,九地,朱雀,勾陳,六合,太陰,螣蛇,直符,休門,生門,傷門,杜門,景門,死門,驚門,開門
陰1局乙巳,壬,坤,乾,天心,開門,寅卯,丙,丁,己,乙癸,辛,壬,戊,庚,戊,庚,丙,丁,己,乙癸,辛,壬,天冲,天輔,天英,天芮,天柱,天心,天蓬,天任,朱雀,勾陳,六合,太陰,螣蛇,直符,九天,九地,傷門,杜門,景門,死門,驚門,開門,休門,生門
陰1局丙午,壬,震,乾,天心,開門,寅卯,乙癸,辛,壬,戊,庚,丙,丁,己,戊,庚,丙,丁,己,乙癸,辛,壬,天芮,天柱,天心,天蓬,天任,天冲,天輔,天英,太陰,螣蛇,直符,九天,九地,朱雀,勾陳,六合,景門,死門,驚門,開門,休門,生門,傷門,杜門
陰1局丁未,壬,巽,乾,天心,開門,寅卯,己,乙癸,辛,壬,戊,庚,丙,丁,戊,庚,丙,丁,己,乙癸,辛,壬,天英,天芮,天柱,天心,天蓬,天任,天冲,天輔,六合,太陰,螣蛇,直符,九天,九地,朱雀,勾陳,死門,驚門,開門,休門,生門,傷門,杜門,景門
陰1局戊申,壬,坎,乾,天心,開門,寅卯,壬,戊,庚,丙,丁,己,乙癸,辛,戊,庚,丙,丁,己,乙癸,辛,壬,天心,天蓬,天任,天冲,天輔,天英,天芮,天柱,直符,九天,九地,朱雀,勾陳,六合,太陰,螣蛇,傷門,杜門,景門,死門,驚門,開門,休門,生門
陰1局己酉,壬,離,乾,天心,開門,寅卯,丁,己,乙癸,辛,壬,戊,庚,丙,戊,庚,丙,丁,己,乙癸,辛,壬,天輔,天英,天芮,天柱,天心,天蓬,天任,天冲,勾陳,六合,太陰,螣蛇,直符,九天,九地,朱雀,開門,休門,生門,傷門,杜門,景門,死門,驚門
陰1局庚戌,壬,艮,乾,天心,開門,寅卯,辛,壬,戊,庚,丙,丁,己,乙癸,戊,庚,丙,丁,己,乙癸,辛,壬,天柱,天心,天蓬,天任,天冲,天輔,天英,天芮,螣蛇,直符,九天,九地,朱雀,勾陳,六合,太陰,杜門,景門,死門,驚門,開門,休門,生門,傷門
陰1局辛亥,壬,兌,乾,天心,開門,寅卯,庚,丙,丁,己,乙癸,辛,壬,戊,戊,庚,丙,丁,己,乙癸,辛,壬,天任,天冲,天輔,天英,天芮,天柱,天心,天蓬,九地,朱雀,勾陳,六合,太陰,螣蛇,直符,九天,驚門,開門,休門,生門,傷門,杜門,景門,死門
陰1局壬子,壬,壬,乾,天心,開門,寅卯,戊,庚,丙,丁,己,乙癸,辛,壬,戊,庚,丙,丁,己,乙癸,辛,壬,天蓬,天任,天冲,天輔,天英,天芮,天柱,天心,九天,九地,朱雀,勾陳,六合,太陰,螣蛇,直符,生門,傷門,杜門,景門,死門,驚門,開門,休門
陰1局癸丑,壬,坤,乾,天心,開門,寅卯,丙,丁,己,乙癸,辛,壬,戊,庚,戊,庚,丙,丁,己,乙癸,辛,壬,天冲,天輔,天英,天芮,天柱,天心,天蓬,天任,朱雀,勾陳,六合,太陰,螣蛇,直符,九天,九地,休門,生門,傷門,杜門,景門,死門,驚門,開門
陰1局甲寅,癸,坤,坤,天芮,死門,子丑,戊,庚,丙,丁,己,乙癸,辛,壬,戊,庚,丙,丁,己,乙癸,辛,壬,天蓬,天任,天冲,天輔,天英,天芮,天柱,天心,朱雀,勾陳,六合,太陰,螣蛇,直符,九天,九地,休門,生門,傷門,杜門,景門,死門,驚門,開門
陰1局乙卯,癸,坤,坤,天芮,死門,子丑,戊,庚,丙,丁,己,乙癸,辛,壬,戊,庚,丙,丁,己,乙癸,辛,壬,天蓬,天任,天冲,天輔,天英,天芮,天柱,天心,朱雀,勾陳,六合,太陰,螣蛇,直符,九天,九地,傷門,杜門,景門,死門,驚門,開門,休門,生門
陰1局丙辰,癸,震,坤,天芮,死門,子丑,丁,己,乙癸,辛,壬,戊,庚,丙,戊,庚,丙,丁,己,乙癸,辛,壬,天輔,天英,天芮,天柱,天心,天蓬,天任,天冲,太陰,螣蛇,直符,九天,九地,朱雀,勾陳,六合,杜門,景門,死門,驚門,開門,休門,生門,傷門
陰1局丁巳,癸,巽,坤,天芮,死門,子丑,丙,丁,己,乙癸,辛,壬,戊,庚,戊,庚,丙,丁,己,乙癸,辛,壬,天冲,天輔,天英,天芮,天柱,天心,天蓬,天任,六合,太陰,螣蛇,直符,九天,九地,朱雀,勾陳,休門,生門,傷門,杜門,景門,死門,驚門,開門
陰1局戊午,癸,艮,坤,天芮,死門,子丑,己,乙癸,辛,壬,戊,庚,丙,丁,戊,庚,丙,丁,己,乙癸,辛,壬,天芮,天柱,天心,天蓬,天任,天冲,天輔,天英,直符,九天,九地,朱雀,勾陳,六合,太陰,螣蛇,死門,驚門,開門,休門,生門,傷門,杜門,景門
陰1局己未,癸,離,坤,天芮,死門,子丑,庚,丙,丁,己,乙癸,辛,壬,戊,戊,庚,丙,丁,己,乙癸,辛,壬,天任,天冲,天輔,天英,天芮,天柱,天心,天蓬,勾陳,六合,太陰,螣蛇,直符,九天,九地,朱雀,生門,傷門,杜門,景門,死門,驚門,開門,休門
陰1局庚申,癸,艮,坤,天芮,死門,子丑,己,乙癸,辛,壬,戊,庚,丙,丁,戊,庚,丙,丁,己,乙癸,辛,壬,天英,天芮,天柱,天心,天蓬,天任,天冲,天輔,螣蛇,直符,九天,九地,朱雀,勾陳,六合,太陰,景門,死門,驚門,開門,休門,生門,傷門,杜門
陰1局辛酉,癸,兌,坤,天芮,死門,子丑,壬,戊,庚,丙,丁,己,乙癸,辛,戊,庚,丙,丁,己,乙癸,辛,壬,天心,天蓬,天任,天冲,天輔,天英,天芮,天柱,九地,朱雀,勾陳,六合,太陰,螣蛇,直符,九天,開門,休門,生門,傷門,杜門,景門,死門,驚門
陰1局壬戌,癸,乾,坤,天芮,死門,子丑,辛,壬,戊,庚,丙,丁,己,乙癸,戊,庚,丙,丁,己,乙癸,辛,壬,天柱,天心,天蓬,天任,天冲,天輔,天英,天芮,九天,九地,朱雀,勾陳,六合,太陰,螣蛇,直符,驚門,開門,休門,生門,傷門,杜門,景門,死門
陰1局癸亥,癸,坤,坤,天芮,死門,子丑,戊,庚,丙,丁,己,乙癸,辛,壬,戊,庚,丙,丁,己,乙癸,辛,壬,天蓬,天任,天冲,天輔,天英,天芮,天柱,天心,朱雀,勾陳,六合,太陰,螣蛇,直符,九天,九地,休門,生門,傷門,杜門,景門,死門,驚門,開門
陰2局甲子,戊,坤,坤,天芮,死門,戌亥,己,辛,乙,丙,庚,戊丁,壬,癸,己,辛,乙,丙,庚,戊丁,壬,癸,天蓬,天任,天冲,天輔,天英,天芮,天柱,天心,朱雀,勾陳,六合,太陰,螣蛇,直符,九天,九地,休門,生門,傷門,杜門,景門,死門,驚門,開門
陰2局乙丑,戊,震,坤,天芮,死門,戌亥,丙,庚,戊丁,壬,癸,己,辛,乙,己,辛,乙,丙,庚,戊丁,壬,癸,天輔,天英,天芮,天柱,天心,天蓬,天任,天冲,太陰,螣蛇,直符,九天,九地,朱雀,勾陳,六合,死門,驚門,開門,休門,生門,傷門,杜門,景門
陰2局丙寅,戊,巽,坤,天芮,死門,戌亥,乙,丙,庚,戊丁,壬,癸,己,辛,己,辛,乙,丙,庚,戊丁,壬,癸,天冲,天輔,天英,天芮,天柱,天心,天蓬,天任,六合,太陰,螣蛇,直符,九天,九地,朱雀,勾陳,生門,傷門,杜門,景門,死門,驚門,開門,休門
陰2局丁卯,戊,坤,坤,天芮,死門,戌亥,己,辛,乙,丙,庚,戊丁,壬,癸,己,辛,乙,丙,庚,戊丁,壬,癸,天蓬,天任,天冲,天輔,天英,天芮,天柱,天心,朱雀,勾陳,六合,太陰,螣蛇,直符,九天,九地,景門,死門,驚門,開門,休門,生門,傷門,杜門
陰2局戊辰,戊,坤,坤,天芮,死門,戌亥,己,辛,乙,丙,庚,戊丁,壬,癸,己,辛,乙,丙,庚,戊丁,壬,癸,天蓬,天任,天冲,天輔,天英,天芮,天柱,天心,朱雀,勾陳,六合,太陰,螣蛇,直符,九天,九地,開門,休門,生門,傷門,杜門,景門,死門,驚門
陰2局己巳,戊,坎,坤,天芮,死門,戌亥,戊丁,壬,癸,己,辛,乙,丙,庚,己,辛,乙,丙,庚,戊丁,壬,癸,天芮,天柱,天心,天蓬,天任,天冲,天輔,天英,直符,九天,九地,朱雀,勾陳,六合,太陰,螣蛇,驚門,開門,休門,生門,傷門,杜門,景門,死門
陰2局庚午,戊,離,坤,天芮,死門,戌亥,辛,乙,丙,庚,戊丁,壬,癸,己,己,辛,乙,丙,庚,戊丁,壬,癸,天任,天冲,天輔,天英,天芮,天柱,天心,天蓬,勾陳,六合,太陰,螣蛇,直符,九天,九地,朱雀,休門,生門,傷門,杜門,景門,死門,驚門,開門
陰2局辛未,戊,艮,坤,天芮,死門,戌亥,庚,戊丁,壬,癸,己,辛,乙,丙,己,辛,乙,丙,庚,戊丁,壬,癸,天英,天芮,天柱,天心,天蓬,天任,天冲,天輔,螣蛇,直符,九天,九地,朱雀,勾陳,六合,太陰,傷門,杜門,景門,死門,驚門,開門,休門,生門
陰2局壬申,戊,兌,坤,天芮,死門,戌亥,癸,己,辛,乙,丙,庚,戊丁,壬,己,辛,乙,丙,庚,戊丁,壬,癸,天心,天蓬,天任,天冲,天輔,天英,天芮,天柱,九地,朱雀,勾陳,六合,太陰,螣蛇,直符,九天,杜門,景門,死門,驚門,開門,休門,生門,傷門
陰2局癸酉,戊,壬,坤,天芮,死門,戌亥,壬,癸,己,辛,乙,丙,庚,戊丁,己,辛,乙,丙,庚,戊丁,壬,癸,天柱,天心,天蓬,天任,天冲,天輔,天英,天芮,九天,九地,朱雀,勾陳,六合,太陰,螣蛇,直符,休門,生門,傷門,杜門,景門,死門,驚門,開門
陰2局甲戌,己,坎,坎,天蓬,休門,申酉,己,辛,乙,丙,庚,戊丁,壬,癸,己,辛,乙,丙,庚,戊丁,壬,癸,天蓬,天任,天冲,天輔,天英,天芮,天柱,天心,直符,九天,九地,朱雀,勾陳,六合,太陰,螣蛇,休門,生門,傷門,杜門,景門,死門,驚門,開門
陰2局乙亥,己,震,坎,天蓬,休門,申酉,壬,癸,己,辛,乙,丙,庚,戊丁,己,辛,乙,丙,庚,戊丁,壬,癸,天柱,天心,天蓬,天任,天冲,天輔,天英,天芮,太陰,螣蛇,直符,九天,九地,朱雀,勾陳,六合,景門,死門,驚門,開門,休門,生門,傷門,杜門
陰2局丙子,己,巽,坎,天蓬,休門,申酉,戊丁,壬,癸,己,辛,乙,丙,庚,己,辛,乙,丙,庚,戊丁,壬,癸,天芮,天柱,天心,天蓬,天任,天冲,天輔,天英,六合,太陰,螣蛇,直符,九天,九地,朱雀,勾陳,開門,休門,生門,傷門,杜門,景門,死門,驚門
陰2局丁丑,己,坤,坎,天蓬,休門,申酉,丙,庚,戊丁,壬,癸,己,辛,乙,己,辛,乙,丙,庚,戊丁,壬,癸,天輔,天英,天芮,天柱,天心,天蓬,天任,天冲,朱雀,勾陳,六合,太陰,螣蛇,直符,九天,九地,傷門,杜門,景門,死門,驚門,開門,休門,生門
陰2局戊寅,己,坤,坎,天蓬,休門,申酉,丙,庚,戊丁,壬,癸,己,辛,乙,己,辛,乙,丙,庚,戊丁,壬,癸,天輔,天英,天芮,天柱,天心,天蓬,天任,天冲,朱雀,勾陳,六合,太陰,螣蛇,直符,九天,九地,生門,傷門,杜門,景門,死門,驚門,開門,休門
陰2局己卯,己,坎,坎,天蓬,休門,申酉,己,辛,乙,丙,庚,戊丁,壬,癸,己,辛,乙,丙,庚,戊丁,壬,癸,天蓬,天任,天冲,天輔,天英,天芮,天柱,天心,直符,九天,九地,朱雀,勾陳,六合,太陰,螣蛇,杜門,景門,死門,驚門,開門,休門,生門,傷門
陰2局庚辰,己,離,坎,天蓬,休門,申酉,庚,戊丁,壬,癸,己,辛,乙,丙,己,辛,乙,丙,庚,戊丁,壬,癸,天英,天芮,天柱,天心,天蓬,天任,天冲,天輔,勾陳,六合,太陰,螣蛇,直符,九天,九地,朱雀,死門,驚門,開門,休門,生門,傷門,杜門,景門
陰2局辛巳,己,艮,坎,天蓬,休門,申酉,癸,己,辛,乙,丙,庚,戊丁,壬,己,辛,乙,丙,庚,戊丁,壬,癸,天心,天蓬,天任,天冲,天輔,天英,天芮,天柱,螣蛇,直符,九天,九地,朱雀,勾陳,六合,太陰,驚門,開門,休門,生門,傷門,杜門,景門,死門
陰2局壬午,己,兌,坎,天蓬,休門,申酉,乙,丙,庚,戊丁,壬,癸,己,辛,己,辛,乙,丙,庚,戊丁,壬,癸,天冲,天輔,天英,天芮,天柱,天心,天蓬,天任,九地,朱雀,勾陳,六合,太陰,螣蛇,直符,九天,杜門,景門,死門,驚門,開門,休門,生門,傷門
陰2局癸未,己,壬,坎,天蓬,休門,申酉,辛,乙,丙,庚,戊丁,壬,癸,己,己,辛,乙,丙,庚,戊丁,壬,癸,天任,天冲,天輔,天英,天芮,天柱,天心,天蓬,九天,九地,朱雀,勾陳,六合,太陰,螣蛇,直符,休門,生門,傷門,杜門,景門,死門,驚門,開門
陰2局甲申,庚,離,離,天英,景門,午未,己,辛,乙,丙,庚,戊丁,壬,癸,己,辛,乙,丙,庚,戊丁,壬,癸,天蓬,天任,天冲,天輔,天英,天芮,天柱,天心,勾陳,六合,太陰,螣蛇,直符,九天,九地,朱雀,休門,生門,傷門,杜門,景門,死門,驚門,開門
陰2局乙酉,庚,震,離,天英,景門,午未,乙,丙,庚,戊丁,壬,癸,己,辛,己,辛,乙,丙,庚,戊丁,壬,癸,天冲,天輔,天英,天芮,天柱,天心,天蓬,天任,太陰,螣蛇,直符,九天,九地,朱雀,勾陳,六合,杜門,景門,死門,驚門,開門,休門,生門,傷門
陰2局丙戌,庚,巽,離,天英,景門,午未,辛,乙,丙,庚,戊丁,壬,癸,己,己,辛,乙,丙,庚,戊丁,壬,癸,天任,天冲,天輔,天英,天芮,天柱,天心,天蓬,六合,太陰,螣蛇,直符,九天,九地,朱雀,勾陳,驚門,開門,休門,生門,傷門,杜門,景門,死門
陰2局丁亥,庚,坤,離,天英,景門,午未,癸,己,辛,乙,丙,庚,戊丁,壬,己,辛,乙,丙,庚,戊丁,壬,癸,天心,天蓬,天任,天冲,天輔,天英,天芮,天柱,朱雀,勾陳,六合,太陰,螣蛇,直符,九天,九地,死門,驚門,開門,休門,生門,傷門,杜門,景門
陰2局戊子,庚,坤,離,天英,景門,午未,癸,己,辛,乙,丙,庚,戊丁,壬,己,辛,乙,丙,庚,戊丁,壬,癸,天心,天蓬,天任,天冲,天輔,天英,天芮,天柱,朱雀,勾陳,六合,太陰,螣蛇,直符,九天,九地,開門,休門,生門,傷門,杜門,景門,死門,驚門
陰2局己丑,庚,坎,離,天英,景門,午未,庚,戊丁,壬,癸,己,辛,乙,丙,己,辛,乙,丙,庚,戊丁,壬,癸,天英,天芮,天柱,天心,天蓬,天任,天冲,天輔,直符,九天,九地,朱雀,勾陳,六合,太陰,螣蛇,生門,傷門,杜門,景門,死門,驚門,開門,休門
陰2局庚寅,庚,離,離,天英,景門,午未,己,辛,乙,丙,庚,戊丁,壬,癸,己,辛,乙,丙,庚,戊丁,壬,癸,天蓬,天任,天冲,天輔,天英,天芮,天柱,天心,勾陳,六合,太陰,螣蛇,直符,九天,九地,朱雀,傷門,杜門,景門,死門,驚門,開門,休門,生門
陰2局辛卯,庚,艮,離,天英,景門,午未,丙,庚,戊丁,壬,癸,己,辛,乙,己,辛,乙,丙,庚,戊丁,壬,癸,天輔,天英,天芮,天柱,天心,天蓬,天任,天冲,螣蛇,直符,九天,九地,朱雀,勾陳,六合,太陰,開門,休門,生門,傷門,杜門,景門,死門,驚門
陰2局壬辰,庚,兌,離,天英,景門,午未,壬,癸,己,辛,乙,丙,庚,戊丁,己,辛,乙,丙,庚,戊丁,壬,癸,天柱,天心,天蓬,天任,天冲,天輔,天英,天芮,九地,朱雀,勾陳,六合,太陰,螣蛇,直符,九天,景門,死門,驚門,開門,休門,生門,傷門,杜門
陰2局癸巳,庚,壬,離,天英,景門,午未,戊丁,壬,癸,己,辛,乙,丙,庚,己,辛,乙,丙,庚,戊丁,壬,癸,天芮,天柱,天心,天蓬,天任,天冲,天輔,天英,九天,九地,朱雀,勾陳,六合,太陰,螣蛇,直符,休門,生門,傷門,杜門,景門,死門,驚門,開門
陰2局甲午,辛,艮,艮,天任,生門,辰巳,己,辛,乙,丙,庚,戊丁,壬,癸,己,辛,乙,丙,庚,戊丁,壬,癸,天蓬,天任,天冲,天輔,天英,天芮,天柱,天心,螣蛇,直符,九天,九地,朱雀,勾陳,六合,太陰,休門,生門,傷門,杜門,景門,死門,驚門,開門
陰2局乙未,辛,震,艮,天任,生門,辰巳,癸,己,辛,乙,丙,庚,戊丁,壬,己,辛,乙,丙,庚,戊丁,壬,癸,天心,天蓬,天任,天冲,天輔,天英,天芮,天柱,太陰,螣蛇,直符,九天,九地,朱雀,勾陳,六合,杜門,景門,死門,驚門,開門,休門,生門,傷門
陰2局丙申,辛,巽,艮,天任,生門,辰巳,壬,癸,己,辛,乙,丙,庚,戊丁,己,辛,乙,丙,庚,戊丁,壬,癸,天柱,天心,天蓬,天任,天冲,天輔,天英,天芮,六合,太陰,螣蛇,直符,九天,九地,朱雀,勾陳,傷門,杜門,景門,死門,驚門,開門,休門,生門
陰2局丁酉,辛,坤,艮,天任,生門,辰巳,庚,戊丁,壬,癸,己,辛,乙,丙,己,辛,乙,丙,庚,戊丁,壬,癸,天英,天芮,天柱,天心,天蓬,天任,天冲,天輔,朱雀,勾陳,六合,太陰,螣蛇,直符,九天,九地,景門,死門,驚門,開門,休門,生門,傷門,杜門
陰2局戊戌,辛,坤,艮,天任,生門,辰巳,庚,戊丁,壬,癸,己,辛,乙,丙,己,辛,乙,丙,庚,戊丁,壬,癸,天英,天芮,天柱,天心,天蓬,天任,天冲,天輔,朱雀,勾陳,六合,太陰,螣蛇,直符,九天,九地,驚門,開門,休門,生門,傷門,杜門,景門,死門
陰2局己亥,辛,坎,艮,天任,生門,辰巳,辛,乙,丙,庚,戊丁,壬,癸,己,己,辛,乙,丙,庚,戊丁,壬,癸,天任,天冲,天輔,天英,天芮,天柱,天心,天蓬,直符,九天,九地,朱雀,勾陳,六合,太陰,螣蛇,開門,休門,生門,傷門,杜門,景門,死門,驚門
陰2局庚子,辛,離,艮,天任,生門,辰巳,戊丁,壬,癸,己,辛,乙,丙,庚,己,辛,乙,丙,庚,戊丁,壬,癸,天芮,天柱,天心,天蓬,天任,天冲,天輔,天英,勾陳,六合,太陰,螣蛇,直符,九天,九地,朱雀,景門,死門,驚門,開門,休門,生門,傷門,杜門
陰2局辛丑,辛,艮,艮,天任,生門,辰巳,己,辛,乙,丙,庚,戊丁,壬,癸,己,辛,乙,丙,庚,戊丁,壬,癸,天蓬,天任,天冲,天輔,天英,天芮,天柱,天心,螣蛇,直符,九天,九地,朱雀,勾陳,六合,太陰,生門,傷門,杜門,景門,死門,驚門,開門,休門
陰2局壬寅,辛,兌,艮,天任,生門,辰巳,丙,庚,戊丁,壬,癸,己,辛,乙,己,辛,乙,丙,庚,戊丁,壬,癸,天輔,天英,天芮,天柱,天心,天蓬,天任,天冲,九地,朱雀,勾陳,六合,太陰,螣蛇,直符,九天,死門,驚門,開門,休門,生門,傷門,杜門,景門
陰2局癸卯,辛,壬,艮,天任,生門,辰巳,乙,丙,庚,戊丁,壬,癸,己,辛,己,辛,乙,丙,庚,戊丁,壬,癸,天冲,天輔,天英,天芮,天柱,天心,天蓬,天任,九天,九地,朱雀,勾陳,六合,太陰,螣蛇,直符,休門,生門,傷門,杜門,景門,死門,驚門,開門
陰2局甲辰,壬,兌,兌,天柱,驚門,寅卯,己,辛,乙,丙,庚,戊丁,壬,癸,己,辛,乙,丙,庚,戊丁,壬,癸,天蓬,天任,天冲,天輔,天英,天芮,天柱,天心,九地,朱雀,勾陳,六合,太陰,螣蛇,直符,九天,休門,生門,傷門,杜門,景門,死門,驚門,開門
陰2局乙巳,壬,震,兌,天柱,驚門,寅卯,庚,戊丁,壬,癸,己,辛,乙,丙,己,辛,乙,丙,庚,戊丁,壬,癸,天英,天芮,天柱,天心,天蓬,天任,天冲,天輔,太陰,螣蛇,直符,九天,九地,朱雀,勾陳,六合,開門,休門,生門,傷門,杜門,景門,死門,驚門
陰2局丙午,壬,巽,兌,天柱,驚門,寅卯,丙,庚,戊丁,壬,癸,己,辛,乙,己,辛,乙,丙,庚,戊丁,壬,癸,天輔,天英,天芮,天柱,天心,天蓬,天任,天冲,六合,太陰,螣蛇,直符,九天,九地,朱雀,勾陳,生門,傷門,杜門,景門,死門,驚門,開門,休門
陰2局丁未,壬,坤,兌,天柱,驚門,寅卯,辛,乙,丙,庚,戊丁,壬,癸,己,己,辛,乙,丙,庚,戊丁,壬,癸,天任,天冲,天輔,天英,天芮,天柱,天心,天蓬,朱雀,勾陳,六合,太陰,螣蛇,直符,九天,九地,杜門,景門,死門,驚門,開門,休門,生門,傷門
陰2局戊申,壬,坤,兌,天柱,驚門,寅卯,辛,乙,丙,庚,戊丁,壬,癸,己,己,辛,乙,丙,庚,戊丁,壬,癸,天任,天冲,天輔,天英,天芮,天柱,天心,天蓬,朱雀,勾陳,六合,太陰,螣蛇,直符,九天,九地,景門,死門,驚門,開門,休門,生門,傷門,杜門
陰2局己酉,壬,坎,兌,天柱,驚門,寅卯,壬,癸,己,辛,乙,丙,庚,戊丁,己,辛,乙,丙,庚,戊丁,壬,癸,天柱,天心,天蓬,天任,天冲,天輔,天英,天芮,直符,九天,九地,朱雀,勾陳,六合,太陰,螣蛇,生門,傷門,杜門,景門,死門,驚門,開門,休門
陰2局庚戌,壬,離,兌,天柱,驚門,寅卯,乙,丙,庚,戊丁,壬,癸,己,辛,己,辛,乙,丙,庚,戊丁,壬,癸,天冲,天輔,天英,天芮,天柱,天心,天蓬,天任,勾陳,六合,太陰,螣蛇,直符,九天,九地,朱雀,驚門,開門,休門,生門,傷門,杜門,景門,死門
陰2局辛亥,壬,艮,兌,天柱,驚門,寅卯,戊丁,壬,癸,己,辛,乙,丙,庚,己,辛,乙,丙,庚,戊丁,壬,癸,天芮,天柱,天心,天蓬,天任,天冲,天輔,天英,螣蛇,直符,九天,九地,朱雀,勾陳,六合,太陰,傷門,杜門,景門,死門,驚門,開門,休門,生門
陰2局壬子,壬,兌,兌,天柱,驚門,寅卯,己,辛,乙,丙,庚,戊丁,壬,癸,己,辛,乙,丙,庚,戊丁,壬,癸,天蓬,天任,天冲,天輔,天英,天芮,天柱,天心,九地,朱雀,勾陳,六合,太陰,螣蛇,直符,九天,死門,驚門,開門,休門,生門,傷門,杜門,景門
陰2局癸丑,壬,壬,兌,天柱,驚門,寅卯,癸,己,辛,乙,丙,庚,戊丁,壬,己,辛,乙,丙,庚,戊丁,壬,癸,天心,天蓬,天任,天冲,天輔,天英,天芮,天柱,九天,九地,朱雀,勾陳,六合,太陰,螣蛇,直符,休門,生門,傷門,杜門,景門,死門,驚門,開門
陰2局甲寅,癸,壬,乾,天心,開門,子丑,己,辛,乙,丙,庚,戊丁,壬,癸,己,辛,乙,丙,庚,戊丁,壬,癸,天蓬,天任,天冲,天輔,天英,天芮,天柱,天心,九天,九地,朱雀,勾陳,六合,太陰,螣蛇,直符,休門,生門,傷門,杜門,景門,死門,驚門,開門
陰2局乙卯,癸,震,乾,天心,開門,子丑,戊丁,壬,癸,己,辛,乙,丙,庚,己,辛,乙,丙,庚,戊丁,壬,癸,天芮,天柱,天心,天蓬,天任,天冲,天輔,天英,太陰,螣蛇,直符,九天,九地,朱雀,勾陳,六合,傷門,杜門,景門,死門,驚門,開門,休門,生門
陰2局丙辰,癸,巽,乾,天心,開門,子丑,庚,戊丁,壬,癸,己,辛,乙,丙,己,辛,乙,丙,庚,戊丁,壬,癸,天英,天芮,天柱,天心,天蓬,天任,天冲,天輔,六合,太陰,螣蛇,直符,九天,九地,朱雀,勾陳,景門,死門,驚門,開門,休門,生門,傷門,杜門
陰2局丁巳,癸,坤,乾,天心,開門,子丑,乙,丙,庚,戊丁,壬,癸,己,辛,己,辛,乙,丙,庚,戊丁,壬,癸,天冲,天輔,天英,天芮,天柱,天心,天蓬,天任,朱雀,勾陳,六合,太陰,螣蛇,直符,九天,九地,死門,驚門,開門,休門,生門,傷門,杜門,景門
陰2局戊午,癸,坤,乾,天心,開門,子丑,乙,丙,庚,戊丁,壬,癸,己,辛,己,辛,乙,丙,庚,戊丁,壬,癸,天冲,天輔,天英,天芮,天柱,天心,天蓬,天任,朱雀,勾陳,六合,太陰,螣蛇,直符,九天,九地,傷門,杜門,景門,死門,驚門,開門,休門,生門
陰2局己未,癸,坎,乾,天心,開門,子丑,癸,己,辛,乙,丙,庚,戊丁,壬,己,辛,乙,丙,庚,戊丁,壬,癸,天心,天蓬,天任,天冲,天輔,天英,天芮,天柱,直符,九天,九地,朱雀,勾陳,六合,太陰,螣蛇,開門,休門,生門,傷門,杜門,景門,死門,驚門
陰2局庚申,癸,離,乾,天心,開門,子丑,丙,庚,戊丁,壬,癸,己,辛,乙,己,辛,乙,丙,庚,戊丁,壬,癸,天輔,天英,天芮,天柱,天心,天蓬,天任,天冲,勾陳,六合,太陰,螣蛇,直符,九天,九地,朱雀,杜門,景門,死門,驚門,開門,休門,生門,傷門
陰2局辛酉,癸,艮,乾,天心,開門,子丑,壬,癸,己,辛,乙,丙,庚,戊丁,己,辛,乙,丙,庚,戊丁,壬,癸,天柱,天心,天蓬,天任,天冲,天輔,天英,天芮,螣蛇,直符,九天,九地,朱雀,勾陳,六合,太陰,驚門,開門,休門,生門,傷門,杜門,景門,死門
陰2局壬戌,癸,兌,乾,天心,開門,子丑,辛,乙,丙,庚,戊丁,壬,癸,己,己,辛,乙,丙,庚,戊丁,壬,癸,天任,天冲,天輔,天英,天芮,天柱,天心,天蓬,九地,朱雀,勾陳,六合,太陰,螣蛇,直符,九天,生門,傷門,杜門,景門,死門,驚門,開門,休門
陰2局癸亥,癸,壬,乾,天心,開門,子丑,己,辛,乙,丙,庚,戊丁,壬,癸,己,辛,乙,丙,庚,戊丁,壬,癸,天蓬,天任,天冲,天輔,天英,天芮,天柱,天心,九天,九地,朱雀,勾陳,六合,太陰,螣蛇,直符,休門,生門,傷門,杜門,景門,死門,驚門,開門
陰3局甲子,戊,震,震,天冲,傷門,戌亥,庚,壬,戊,乙,辛,己丙,癸,丁,庚,壬,戊,乙,辛,己丙,癸,丁,天蓬,天任,天冲,天輔,天英,天芮,天柱,天心,太陰,螣蛇,直符,九天,九地,朱雀,勾陳,六合,休門,生門,傷門,杜門,景門,死門,驚門,開門
陰3局乙丑,戊,巽,震,天冲,傷門,戌亥,丁,庚,壬,戊,乙,辛,己丙,癸,庚,壬,戊,乙,辛,己丙,癸,丁,天任,天冲,天輔,天英,天芮,天柱,天心,天蓬,六合,太陰,螣蛇,直符,九天,九地,朱雀,勾陳,死門,驚門,開門,休門,生門,傷門,杜門,景門
陰3局丙寅,戊,坤,震,天冲,傷門,戌亥,己丙,癸,丁,庚,壬,戊,乙,辛,庚,壬,戊,乙,辛,己丙,癸,丁,天芮,天柱,天心,天蓬,天任,天冲,天輔,天英,朱雀,勾陳,六合,太陰,螣蛇,直符,九天,九地,傷門,杜門,景門,死門,驚門,開門,休門,生門
陰3局丁卯,戊,壬,震,天冲,傷門,戌亥,乙,辛,己丙,癸,丁,庚,壬,戊,庚,壬,戊,乙,辛,己丙,癸,丁,天輔,天英,天芮,天柱,天心,天蓬,天任,天冲,九天,九地,朱雀,勾陳,六合,太陰,螣蛇,直符,驚門,開門,休門,生門,傷門,杜門,景門,死門
陰3局戊辰,戊,震,震,天冲,傷門,戌亥,庚,壬,戊,乙,辛,己丙,癸,丁,庚,壬,戊,乙,辛,己丙,癸,丁,天蓬,天任,天冲,天輔,天英,天芮,天柱,天心,太陰,螣蛇,直符,九天,九地,朱雀,勾陳,六合,生門,傷門,杜門,景門,死門,驚門,開門,休門
陰3局己巳,戊,坤,震,天冲,傷門,戌亥,己丙,癸,丁,庚,壬,戊,乙,辛,庚,壬,戊,乙,辛,己丙,癸,丁,天芮,天柱,天心,天蓬,天任,天冲,天輔,天英,朱雀,勾陳,六合,太陰,螣蛇,直符,九天,九地,景門,死門,驚門,開門,休門,生門,傷門,杜門
陰3局庚午,戊,坎,震,天冲,傷門,戌亥,戊,乙,辛,己丙,癸,丁,庚,壬,庚,壬,戊,乙,辛,己丙,癸,丁,天冲,天輔,天英,天芮,天柱,天心,天蓬,天任,直符,九天,九地,朱雀,勾陳,六合,太陰,螣蛇,杜門,景門,死門,驚門,開門,休門,生門,傷門
陰3局辛未,戊,離,震,天冲,傷門,戌亥,癸,丁,庚,壬,戊,乙,辛,己丙,庚,壬,戊,乙,辛,己丙,癸,丁,天柱,天心,天蓬,天任,天冲,天輔,天英,天芮,勾陳,六合,太陰,螣蛇,直符,九天,九地,朱雀,死門,驚門,開門,休門,生門,傷門,杜門,景門
陰3局壬申,戊,艮,震,天冲,傷門,戌亥,壬,戊,乙,辛,己丙,癸,丁,庚,庚,壬,戊,乙,辛,己丙,癸,丁,天任,天冲,天輔,天英,天芮,天柱,天心,天蓬,螣蛇,直符,九天,九地,朱雀,勾陳,六合,太陰,開門,休門,生門,傷門,杜門,景門,死門,驚門
陰3局癸酉,戊,兌,震,天冲,傷門,戌亥,辛,己丙,癸,丁,庚,壬,戊,乙,庚,壬,戊,乙,辛,己丙,癸,丁,天英,天芮,天柱,天心,天蓬,天任,天冲,天輔,九地,朱雀,勾陳,六合,太陰,螣蛇,直符,九天,休門,生門,傷門,杜門,景門,死門,驚門,開門
陰3局甲戌,己,坤,坤,天芮,死門,申酉,庚,壬,戊,乙,辛,己丙,癸,丁,庚,壬,戊,乙,辛,己丙,癸,丁,天蓬,天任,天冲,天輔,天英,天芮,天柱,天心,朱雀,勾陳,六合,太陰,螣蛇,直符,九天,九地,休門,生門,傷門,杜門,景門,死門,驚門,開門
陰3局乙亥,己,巽,坤,天芮,死門,申酉,戊,乙,辛,己丙,癸,丁,庚,壬,庚,壬,戊,乙,辛,己丙,癸,丁,天冲,天輔,天英,天芮,天柱,天心,天蓬,天任,六合,太陰,螣蛇,直符,九天,九地,朱雀,勾陳,死門,驚門,開門,休門,生門,傷門,杜門,景門
陰3局丙子,己,坤,坤,天芮,死門,申酉,庚,壬,戊,乙,辛,己丙,癸,丁,庚,壬,戊,乙,辛,己丙,癸,丁,天蓬,天任,天冲,天輔,天英,天芮,天柱,天心,朱雀,勾陳,六合,太陰,螣蛇,直符,九天,九地,生門,傷門,杜門,景門,死門,驚門,開門,休門
陰3局丁丑,己,壬,坤,天芮,死門,申酉,癸,丁,庚,壬,戊,乙,辛,己丙,庚,壬,戊,乙,辛,己丙,癸,丁,天柱,天心,天蓬,天任,天冲,天輔,天英,天芮,九天,九地,朱雀,勾陳,六合,太陰,螣蛇,直符,景門,死門,驚門,開門,休門,生門,傷門,杜門
陰3局戊寅,己,震,坤,天芮,死門,申酉,乙,辛,己丙,癸,丁,庚,壬,戊,庚,壬,戊,乙,辛,己丙,癸,丁,天輔,天英,天芮,天柱,天心,天蓬,天任,天冲,太陰,螣蛇,直符,九天,九地,朱雀,勾陳,六合,開門,休門,生門,傷門,杜門,景門,死門,驚門
陰3局己卯,己,坤,坤,天芮,死門,申酉,庚,壬,戊,乙,辛,己丙,癸,丁,庚,壬,戊,乙,辛,己丙,癸,丁,天蓬,天任,天冲,天輔,天英,天芮,天柱,天心,朱雀,勾陳,六合,太陰,螣蛇,直符,九天,九地,驚門,開門,休門,生門,傷門,杜門,景門,死門
陰3局庚辰,己,坎,坤,天芮,死門,申酉,己丙,癸,丁,庚,壬,戊,乙,辛,庚,壬,戊,乙,辛,己丙,癸,丁,天芮,天柱,天心,天蓬,天任,天冲,天輔,天英,直符,九天,九地,朱雀,勾陳,六合,太陰,螣蛇,休門,生門,傷門,杜門,景門,死門,驚門,開門
陰3局辛巳,己,離,坤,天芮,死門,申酉,壬,戊,乙,辛,己丙,癸,丁,庚,庚,壬,戊,乙,辛,己丙,癸,丁,天任,天冲,天輔,天英,天芮,天柱,天心,天蓬,勾陳,六合,太陰,螣蛇,直符,九天,九地,朱雀,傷門,杜門,景門,死門,驚門,開門,休門,生門
陰3局壬午,己,艮,坤,天芮,死門,申酉,辛,己丙,癸,丁,庚,壬,戊,乙,庚,壬,戊,乙,辛,己丙,癸,丁,天英,天芮,天柱,天心,天蓬,天任,天冲,天輔,螣蛇,直符,九天,九地,朱雀,勾陳,六合,太陰,杜門,景門,死門,驚門,開門,休門,生門,傷門
陰3局癸未,己,兌,坤,天芮,死門,申酉,丁,庚,壬,戊,乙,辛,己丙,癸,庚,壬,戊,乙,辛,己丙,癸,丁,天心,天蓬,天任,天冲,天輔,天英,天芮,天柱,九地,朱雀,勾陳,六合,太陰,螣蛇,直符,九天,休門,生門,傷門,杜門,景門,死門,驚門,開門
陰3局甲申,庚,坎,坎,天蓬,休門,午未,庚,壬,戊,乙,辛,己丙,癸,丁,庚,壬,戊,乙,辛,己丙,癸,丁,天蓬,天任,天冲,天輔,天英,天芮,天柱,天心,直符,九天,九地,朱雀,勾陳,六合,太陰,螣蛇,休門,生門,傷門,杜門,景門,死門,驚門,開門
陰3局乙酉,庚,巽,坎,天蓬,休門,午未,己丙,癸,丁,庚,壬,戊,乙,辛,庚,壬,戊,乙,辛,己丙,癸,丁,天芮,天柱,天心,天蓬,天任,天冲,天輔,天英,六合,太陰,螣蛇,直符,九天,九地,朱雀,勾陳,景門,死門,驚門,開門,休門,生門,傷門,杜門
陰3局丙戌,庚,坤,坎,天蓬,休門,午未,乙,辛,己丙,癸,丁,庚,壬,戊,庚,壬,戊,乙,辛,己丙,癸,丁,天輔,天英,天芮,天柱,天心,天蓬,天任,天冲,朱雀,勾陳,六合,太陰,螣蛇,直符,九天,九地,開門,休門,生門,傷門,杜門,景門,死門,驚門
陰3局丁亥,庚,壬,坎,天蓬,休門,午未,壬,戊,乙,辛,己丙,癸,丁,庚,庚,壬,戊,乙,辛,己丙,癸,丁,天任,天冲,天輔,天英,天芮,天柱,天心,天蓬,九天,九地,朱雀,勾陳,六合,太陰,螣蛇,直符,傷門,杜門,景門,死門,驚門,開門,休門,生門
陰3局戊子,庚,震,坎,天蓬,休門,午未,癸,丁,庚,壬,戊,乙,辛,己丙,庚,壬,戊,乙,辛,己丙,癸,丁,天柱,天心,天蓬,天任,天冲,天輔,天英,天芮,太陰,螣蛇,直符,九天,九地,朱雀,勾陳,六合,生門,傷門,杜門,景門,死門,驚門,開門,休門
陰3局己丑,庚,坤,坎,天蓬,休門,午未,乙,辛,己丙,癸,丁,庚,壬,戊,庚,壬,戊,乙,辛,己丙,癸,丁,天輔,天英,天芮,天柱,天心,天蓬,天任,天冲,朱雀,勾陳,六合,太陰,螣蛇,直符,九天,九地,杜門,景門,死門,驚門,開門,休門,生門,傷門
陰3局庚寅,庚,坎,坎,天蓬,休門,午未,庚,壬,戊,乙,辛,己丙,癸,丁,庚,壬,戊,乙,辛,己丙,癸,丁,天蓬,天任,天冲,天輔,天英,天芮,天柱,天心,直符,九天,九地,朱雀,勾陳,六合,太陰,螣蛇,死門,驚門,開門,休門,生門,傷門,杜門,景門
陰3局辛卯,庚,離,坎,天蓬,休門,午未,辛,己丙,癸,丁,庚,壬,戊,乙,庚,壬,戊,乙,辛,己丙,癸,丁,天英,天芮,天柱,天心,天蓬,天任,天冲,天輔,勾陳,六合,太陰,螣蛇,直符,九天,九地,朱雀,驚門,開門,休門,生門,傷門,杜門,景門,死門
陰3局壬辰,庚,艮,坎,天蓬,休門,午未,丁,庚,壬,戊,乙,辛,己丙,癸,庚,壬,戊,乙,辛,己丙,癸,丁,天心,天蓬,天任,天冲,天輔,天英,天芮,天柱,螣蛇,直符,九天,九地,朱雀,勾陳,六合,太陰,杜門,景門,死門,驚門,開門,休門,生門,傷門
陰3局癸巳,庚,兌,坎,天蓬,休門,午未,戊,乙,辛,己丙,癸,丁,庚,壬,庚,壬,戊,乙,辛,己丙,癸,丁,天冲,天輔,天英,天芮,天柱,天心,天蓬,天任,九地,朱雀,勾陳,六合,太陰,螣蛇,直符,九天,休門,生門,傷門,杜門,景門,死門,驚門,開門
陰3局甲午,辛,離,離,天英,景門,辰巳,庚,壬,戊,乙,辛,己丙,癸,丁,庚,壬,戊,乙,辛,己丙,癸,丁,天蓬,天任,天冲,天輔,天英,天芮,天柱,天心,勾陳,六合,太陰,螣蛇,直符,九天,九地,朱雀,休門,生門,傷門,杜門,景門,死門,驚門,開門
陰3局乙未,辛,巽,離,天英,景門,辰巳,壬,戊,乙,辛,己丙,癸,丁,庚,庚,壬,戊,乙,辛,己丙,癸,丁,天任,天冲,天輔,天英,天芮,天柱,天心,天蓬,六合,太陰,螣蛇,直符,九天,九地,朱雀,勾陳,杜門,景門,死門,驚門,開門,休門,生門,傷門
陰3局丙申,辛,坤,離,天英,景門,辰巳,丁,庚,壬,戊,乙,辛,己丙,癸,庚,壬,戊,乙,辛,己丙,癸,丁,天心,天蓬,天任,天冲,天輔,天英,天芮,天柱,朱雀,勾陳,六合,太陰,螣蛇,直符,九天,九地,驚門,開門,休門,生門,傷門,杜門,景門,死門
陰3局丁酉,辛,壬,離,天英,景門,辰巳,己丙,癸,丁,庚,壬,戊,乙,辛,庚,壬,戊,乙,辛,己丙,癸,丁,天芮,天柱,天心,天蓬,天任,天冲,天輔,天英,九天,九地,朱雀,勾陳,六合,太陰,螣蛇,直符,死門,驚門,開門,休門,生門,傷門,杜門,景門
陰3局戊戌,辛,震,離,天英,景門,辰巳,戊,乙,辛,己丙,癸,丁,庚,壬,庚,壬,戊,乙,辛,己丙,癸,丁,天冲,天輔,天英,天芮,天柱,天心,天蓬,天任,太陰,螣蛇,直符,九天,九地,朱雀,勾陳,六合,開門,休門,生門,傷門,杜門,景門,死門,驚門
陰3局己亥,辛,坤,離,天英,景門,辰巳,丁,庚,壬,戊,乙,辛,己丙,癸,庚,壬,戊,乙,辛,己丙,癸,丁,天心,天蓬,天任,天冲,天輔,天英,天芮,天柱,朱雀,勾陳,六合,太陰,螣蛇,直符,九天,九地,生門,傷門,杜門,景門,死門,驚門,開門,休門
陰3局庚子,辛,坎,離,天英,景門,辰巳,辛,己丙,癸,丁,庚,壬,戊,乙,庚,壬,戊,乙,辛,己丙,癸,丁,天英,天芮,天柱,天心,天蓬,天任,天冲,天輔,直符,九天,九地,朱雀,勾陳,六合,太陰,螣蛇,傷門,杜門,景門,死門,驚門,開門,休門,生門
陰3局辛丑,辛,離,離,天英,景門,辰巳,庚,壬,戊,乙,辛,己丙,癸,丁,庚,壬,戊,乙,辛,己丙,癸,丁,天蓬,天任,天冲,天輔,天英,天芮,天柱,天心,勾陳,六合,太陰,螣蛇,直符,九天,九地,朱雀,開門,休門,生門,傷門,杜門,景門,死門,驚門
陰3局壬寅,辛,艮,離,天英,景門,辰巳,乙,辛,己丙,癸,丁,庚,壬,戊,庚,壬,戊,乙,辛,己丙,癸,丁,天輔,天英,天芮,天柱,天心,天蓬,天任,天冲,螣蛇,直符,九天,九地,朱雀,勾陳,六合,太陰,景門,死門,驚門,開門,休門,生門,傷門,杜門
陰3局癸卯,辛,兌,離,天英,景門,辰巳,癸,丁,庚,壬,戊,乙,辛,己丙,庚,壬,戊,乙,辛,己丙,癸,丁,天柱,天心,天蓬,天任,天冲,天輔,天英,天芮,九地,朱雀,勾陳,六合,太陰,螣蛇,直符,九天,休門,生門,傷門,杜門,景門,死門,驚門,開門
陰3局甲辰,壬,艮,艮,天任,生門,寅卯,庚,壬,戊,乙,辛,己丙,癸,丁,庚,壬,戊,乙,辛,己丙,癸,丁,天蓬,天任,天冲,天輔,天英,天芮,天柱,天心,螣蛇,直符,九天,九地,朱雀,勾陳,六合,太陰,休門,生門,傷門,杜門,景門,死門,驚門,開門
陰3局乙巳,壬,巽,艮,天任,生門,寅卯,癸,丁,庚,壬,戊,乙,辛,己丙,庚,壬,戊,乙,辛,己丙,癸,丁,天柱,天心,天蓬,天任,天冲,天輔,天英,天芮,六合,太陰,螣蛇,直符,九天,九地,朱雀,勾陳,杜門,景門,死門,驚門,開門,休門,生門,傷門
陰3局丙午,壬,坤,艮,天任,生門,寅卯,辛,己丙,癸,丁,庚,壬,戊,乙,庚,壬,戊,乙,辛,己丙,癸,丁,天英,天芮,天柱,天心,天蓬,天任,天冲,天輔,朱雀,勾陳,六合,太陰,螣蛇,直符,九天,九地,傷門,杜門,景門,死門,驚門,開門,休門,生門
陰3局丁未,壬,壬,艮,天任,生門,寅卯,戊,乙,辛,己丙,癸,丁,庚,壬,庚,壬,戊,乙,辛,己丙,癸,丁,天冲,天輔,天英,天芮,天柱,天心,天蓬,天任,九天,九地,朱雀,勾陳,六合,太陰,螣蛇,直符,景門,死門,驚門,開門,休門,生門,傷門,杜門
陰3局戊申,壬,震,艮,天任,生門,寅卯,丁,庚,壬,戊,乙,辛,己丙,癸,庚,壬,戊,乙,辛,己丙,癸,丁,天心,天蓬,天任,天冲,天輔,天英,天芮,天柱,太陰,螣蛇,直符,九天,九地,朱雀,勾陳,六合,驚門,開門,休門,生門,傷門,杜門,景門,死門
陰3局己酉,壬,坤,艮,天任,生門,寅卯,辛,己丙,癸,丁,庚,壬,戊,乙,庚,壬,戊,乙,辛,己丙,癸,丁,天英,天芮,天柱,天心,天蓬,天任,天冲,天輔,朱雀,勾陳,六合,太陰,螣蛇,直符,九天,九地,開門,休門,生門,傷門,杜門,景門,死門,驚門
陰3局庚戌,壬,坎,艮,天任,生門,寅卯,壬,戊,乙,辛,己丙,癸,丁,庚,庚,壬,戊,乙,辛,己丙,癸,丁,天任,天冲,天輔,天英,天芮,天柱,天心,天蓬,直符,九天,九地,朱雀,勾陳,六合,太陰,螣蛇,景門,死門,驚門,開門,休門,生門,傷門,杜門
陰3局辛亥,壬,離,艮,天任,生門,寅卯,己丙,癸,丁,庚,壬,戊,乙,辛,庚,壬,戊,乙,辛,己丙,癸,丁,天芮,天柱,天心,天蓬,天任,天冲,天輔,天英,勾陳,六合,太陰,螣蛇,直符,九天,九地,朱雀,生門,傷門,杜門,景門,死門,驚門,開門,休門
陰3局壬子,壬,艮,艮,天任,生門,寅卯,庚,壬,戊,乙,辛,己丙,癸,丁,庚,壬,戊,乙,辛,己丙,癸,丁,天蓬,天任,天冲,天輔,天英,天芮,天柱,天心,螣蛇,直符,九天,九地,朱雀,勾陳,六合,太陰,死門,驚門,開門,休門,生門,傷門,杜門,景門
陰3局癸丑,壬,兌,艮,天任,生門,寅卯,乙,辛,己丙,癸,丁,庚,壬,戊,庚,壬,戊,乙,辛,己丙,癸,丁,天輔,天英,天芮,天柱,天心,天蓬,天任,天冲,九地,朱雀,勾陳,六合,太陰,螣蛇,直符,九天,休門,生門,傷門,杜門,景門,死門,驚門,開門
陰3局甲寅,癸,兌,兌,天柱,驚門,子丑,庚,壬,戊,乙,辛,己丙,癸,丁,庚,壬,戊,乙,辛,己丙,癸,丁,天蓬,天任,天冲,天輔,天英,天芮,天柱,天心,九地,朱雀,勾陳,六合,太陰,螣蛇,直符,九天,休門,生門,傷門,杜門,景門,死門,驚門,開門
陰3局乙卯,癸,巽,兌,天柱,驚門,子丑,乙,辛,己丙,癸,丁,庚,壬,戊,庚,壬,戊,乙,辛,己丙,癸,丁,天輔,天英,天芮,天柱,天心,天蓬,天任,天冲,六合,太陰,螣蛇,直符,九天,九地,朱雀,勾陳,開門,休門,生門,傷門,杜門,景門,死門,驚門
陰3局丙辰,癸,坤,兌,天柱,驚門,子丑,壬,戊,乙,辛,己丙,癸,丁,庚,庚,壬,戊,乙,辛,己丙,癸,丁,天任,天冲,天輔,天英,天芮,天柱,天心,天蓬,朱雀,勾陳,六合,太陰,螣蛇,直符,九天,九地,生門,傷門,杜門,景門,死門,驚門,開門,休門
陰3局丁巳,癸,壬,兌,天柱,驚門,子丑,丁,庚,壬,戊,乙,辛,己丙,癸,庚,壬,戊,乙,辛,己丙,癸,丁,天心,天蓬,天任,天冲,天輔,天英,天芮,天柱,九天,九地,朱雀,勾陳,六合,太陰,螣蛇,直符,杜門,景門,死門,驚門,開門,休門,生門,傷門
陰3局戊午,癸,震,兌,天柱,驚門,子丑,辛,己丙,癸,丁,庚,壬,戊,乙,庚,壬,戊,乙,辛,己丙,癸,丁,天英,天芮,天柱,天心,天蓬,天任,天冲,天輔,太陰,螣蛇,直符,九天,九地,朱雀,勾陳,六合,景門,死門,驚門,開門,休門,生門,傷門,杜門
陰3局己未,癸,坤,兌,天柱,驚門,子丑,壬,戊,乙,辛,己丙,癸,丁,庚,庚,壬,戊,乙,辛,己丙,癸,丁,天任,天冲,天輔,天英,天芮,天柱,天心,天蓬,朱雀,勾陳,六合,太陰,螣蛇,直符,九天,九地,生門,傷門,杜門,景門,死門,驚門,開門,休門
陰3局庚申,癸,坎,兌,天柱,驚門,子丑,癸,丁,庚,壬,戊,乙,辛,己丙,庚,壬,戊,乙,辛,己丙,癸,丁,天柱,天心,天蓬,天任,天冲,天輔,天英,天芮,直符,九天,九地,朱雀,勾陳,六合,太陰,螣蛇,驚門,開門,休門,生門,傷門,杜門,景門,死門
陰3局辛酉,癸,離,兌,天柱,驚門,子丑,戊,乙,辛,己丙,癸,丁,庚,壬,庚,壬,戊,乙,辛,己丙,癸,丁,天冲,天輔,天英,天芮,天柱,天心,天蓬,天任,勾陳,六合,太陰,螣蛇,直符,九天,九地,朱雀,傷門,杜門,景門,死門,驚門,開門,休門,生門
陰3局壬戌,癸,艮,兌,天柱,驚門,子丑,己丙,癸,丁,庚,壬,戊,乙,辛,庚,壬,戊,乙,辛,己丙,癸,丁,天芮,天柱,天心,天蓬,天任,天冲,天輔,天英,螣蛇,直符,九天,九地,朱雀,勾陳,六合,太陰,死門,驚門,開門,休門,生門,傷門,杜門,景門
陰3局癸亥,癸,兌,兌,天柱,驚門,子丑,庚,壬,戊,乙,辛,己丙,癸,丁,庚,壬,戊,乙,辛,己丙,癸,丁,天蓬,天任,天冲,天輔,天英,天芮,天柱,天心,九地,朱雀,勾陳,六合,太陰,螣蛇,直符,九天,休門,生門,傷門,杜門,景門,死門,驚門,開門
陰4局甲子,戊,巽,巽,天輔,杜門,戌亥,辛,癸,己,戊,壬,庚乙,丁,丙,辛,癸,己,戊,壬,庚乙,丁,丙,天蓬,天任,天冲,天輔,天英,天芮,天柱,天心,六合,太陰,螣蛇,直符,九天,九地,朱雀,勾陳,休門,生門,傷門,杜門,景門,死門,驚門,開門
陰4局乙丑,戊,坤,巽,天輔,杜門,戌亥,丁,丙,辛,癸,己,戊,壬,庚乙,辛,癸,己,戊,壬,庚乙,丁,丙,天柱,天心,天蓬,天任,天冲,天輔,天英,天芮,朱雀,勾陳,六合,太陰,螣蛇,直符,九天,九地,生門,傷門,杜門,景門,死門,驚門,開門,休門
陰4局丙寅,戊,壬,巽,天輔,杜門,戌亥,壬,庚乙,丁,丙,辛,癸,己,戊,辛,癸,己,戊,壬,庚乙,丁,丙,天英,天芮,天柱,天心,天蓬,天任,天冲,天輔,九天,九地,朱雀,勾陳,六合,太陰,螣蛇,直符,驚門,開門,休門,生門,傷門,杜門,景門,死門
陰4局丁卯,戊,兌,巽,天輔,杜門,戌亥,庚乙,丁,丙,辛,癸,己,戊,壬,辛,癸,己,戊,壬,庚乙,丁,丙,天芮,天柱,天心,天蓬,天任,天冲,天輔,天英,九地,朱雀,勾陳,六合,太陰,螣蛇,直符,九天,杜門,景門,死門,驚門,開門,休門,生門,傷門
陰4局戊辰,戊,巽,巽,天輔,杜門,戌亥,辛,癸,己,戊,壬,庚乙,丁,丙,辛,癸,己,戊,壬,庚乙,丁,丙,天蓬,天任,天冲,天輔,天英,天芮,天柱,天心,六合,太陰,螣蛇,直符,九天,九地,朱雀,勾陳,開門,休門,生門,傷門,杜門,景門,死門,驚門
陰4局己巳,戊,震,巽,天輔,杜門,戌亥,癸,己,戊,壬,庚乙,丁,丙,辛,辛,癸,己,戊,壬,庚乙,丁,丙,天任,天冲,天輔,天英,天芮,天柱,天心,天蓬,太陰,螣蛇,直符,九天,九地,朱雀,勾陳,六合,傷門,杜門,景門,死門,驚門,開門,休門,生門
陰4局庚午,戊,坤,巽,天輔,杜門,戌亥,丁,丙,辛,癸,己,戊,壬,庚乙,辛,癸,己,戊,壬,庚乙,丁,丙,天柱,天心,天蓬,天任,天冲,天輔,天英,天芮,朱雀,勾陳,六合,太陰,螣蛇,直符,九天,九地,死門,驚門,開門,休門,生門,傷門,杜門,景門
陰4局辛未,戊,坎,巽,天輔,杜門,戌亥,戊,壬,庚乙,丁,丙,辛,癸,己,辛,癸,己,戊,壬,庚乙,丁,丙,天輔,天英,天芮,天柱,天心,天蓬,天任,天冲,直符,九天,九地,朱雀,勾陳,六合,太陰,螣蛇,景門,死門,驚門,開門,休門,生門,傷門,杜門
陰4局壬申,戊,離,巽,天輔,杜門,戌亥,丙,辛,癸,己,戊,壬,庚乙,丁,辛,癸,己,戊,壬,庚乙,丁,丙,天心,天蓬,天任,天冲,天輔,天英,天芮,天柱,勾陳,六合,太陰,螣蛇,直符,九天,九地,朱雀,驚門,開門,休門,生門,傷門,杜門,景門,死門
陰4局癸酉,戊,艮,巽,天輔,杜門,戌亥,己,戊,壬,庚乙,丁,丙,辛,癸,辛,癸,己,戊,壬,庚乙,丁,丙,天冲,天輔,天英,天芮,天柱,天心,天蓬,天任,螣蛇,直符,九天,九地,朱雀,勾陳,六合,太陰,休門,生門,傷門,杜門,景門,死門,驚門,開門
陰4局甲戌,己,震,震,天冲,傷門,申酉,辛,癸,己,戊,壬,庚乙,丁,丙,辛,癸,己,戊,壬,庚乙,丁,丙,天蓬,天任,天冲,天輔,天英,天芮,天柱,天心,太陰,螣蛇,直符,九天,九地,朱雀,勾陳,六合,休門,生門,傷門,杜門,景門,死門,驚門,開門
陰4局乙亥,己,坤,震,天冲,傷門,申酉,庚乙,丁,丙,辛,癸,己,戊,壬,辛,癸,己,戊,壬,庚乙,丁,丙,天芮,天柱,天心,天蓬,天任,天冲,天輔,天英,朱雀,勾陳,六合,太陰,螣蛇,直符,九天,九地,死門,驚門,開門,休門,生門,傷門,杜門,景門
陰4局丙子,己,壬,震,天冲,傷門,申酉,戊,壬,庚乙,丁,丙,辛,癸,己,辛,癸,己,戊,壬,庚乙,丁,丙,天輔,天英,天芮,天柱,天心,天蓬,天任,天冲,九天,九地,朱雀,勾陳,六合,太陰,螣蛇,直符,傷門,杜門,景門,死門,驚門,開門,休門,生門
陰4局丁丑,己,兌,震,天冲,傷門,申酉,壬,庚乙,丁,丙,辛,癸,己,戊,辛,癸,己,戊,壬,庚乙,丁,丙,天英,天芮,天柱,天心,天蓬,天任,天冲,天輔,九地,朱雀,勾陳,六合,太陰,螣蛇,直符,九天,驚門,開門,休門,生門,傷門,杜門,景門,死門
陰4局戊寅,己,巽,震,天冲,傷門,申酉,丙,辛,癸,己,戊,壬,庚乙,丁,辛,癸,己,戊,壬,庚乙,丁,丙,天心,天蓬,天任,天冲,天輔,天英,天芮,天柱,六合,太陰,螣蛇,直符,九天,九地,朱雀,勾陳,生門,傷門,杜門,景門,死門,驚門,開門,休門
陰4局己卯,己,震,震,天冲,傷門,申酉,辛,癸,己,戊,壬,庚乙,丁,丙,辛,癸,己,戊,壬,庚乙,丁,丙,天蓬,天任,天冲,天輔,天英,天芮,天柱,天心,太陰,螣蛇,直符,九天,九地,朱雀,勾陳,六合,景門,死門,驚門,開門,休門,生門,傷門,杜門
陰4局庚辰,己,坤,震,天冲,傷門,申酉,庚乙,丁,丙,辛,癸,己,戊,壬,辛,癸,己,戊,壬,庚乙,丁,丙,天芮,天柱,天心,天蓬,天任,天冲,天輔,天英,朱雀,勾陳,六合,太陰,螣蛇,直符,九天,九地,杜門,景門,死門,驚門,開門,休門,生門,傷門
陰4局辛巳,己,坎,震,天冲,傷門,申酉,己,戊,壬,庚乙,丁,丙,辛,癸,辛,癸,己,戊,壬,庚乙,丁,丙,天冲,天輔,天英,天芮,天柱,天心,天蓬,天任,直符,九天,九地,朱雀,勾陳,六合,太陰,螣蛇,死門,驚門,開門,休門,生門,傷門,杜門,景門
陰4局壬午,己,離,震,天冲,傷門,申酉,丁,丙,辛,癸,己,戊,壬,庚乙,辛,癸,己,戊,壬,庚乙,丁,丙,天柱,天心,天蓬,天任,天冲,天輔,天英,天芮,勾陳,六合,太陰,螣蛇,直符,九天,九地,朱雀,開門,休門,生門,傷門,杜門,景門,死門,驚門
陰4局癸未,己,艮,震,天冲,傷門,申酉,癸,己,戊,壬,庚乙,丁,丙,辛,辛,癸,己,戊,壬,庚乙,丁,丙,天任,天冲,天輔,天英,天芮,天柱,天心,天蓬,螣蛇,直符,九天,九地,朱雀,勾陳,六合,太陰,休門,生門,傷門,杜門,景門,死門,驚門,開門
陰4局甲申,庚,坤,坤,天芮,死門,午未,辛,癸,己,戊,壬,庚乙,丁,丙,辛,癸,己,戊,壬,庚乙,丁,丙,天蓬,天任,天冲,天輔,天英,天芮,天柱,天心,朱雀,勾陳,六合,太陰,螣蛇,直符,九天,九地,休門,生門,傷門,杜門,景門,死門,驚門,開門
陰4局乙酉,庚,坤,坤,天芮,死門,午未,辛,癸,己,戊,壬,庚乙,丁,丙,辛,癸,己,戊,壬,庚乙,丁,丙,天蓬,天任,天冲,天輔,天英,天芮,天柱,天心,朱雀,勾陳,六合,太陰,螣蛇,直符,九天,九地,死門,驚門,開門,休門,生門,傷門,杜門,景門
陰4局丙戌,庚,壬,坤,天芮,死門,午未,丁,丙,辛,癸,己,戊,壬,庚乙,辛,癸,己,戊,壬,庚乙,丁,丙,天柱,天心,天蓬,天任,天冲,天輔,天英,天芮,九天,九地,朱雀,勾陳,六合,太陰,螣蛇,直符,生門,傷門,杜門,景門,死門,驚門,開門,休門
陰4局丁亥,庚,兌,坤,天芮,死門,午未,丙,辛,癸,己,戊,壬,庚乙,丁,辛,癸,己,戊,壬,庚乙,丁,丙,天心,天蓬,天任,天冲,天輔,天英,天芮,天柱,九地,朱雀,勾陳,六合,太陰,螣蛇,直符,九天,景門,死門,驚門,開門,休門,生門,傷門,杜門
陰4局戊子,庚,巽,坤,天芮,死門,午未,己,戊,壬,庚乙,丁,丙,辛,癸,辛,癸,己,戊,壬,庚乙,丁,丙,天冲,天輔,天英,天芮,天柱,天心,天蓬,天任,六合,太陰,螣蛇,直符,九天,九地,朱雀,勾陳,開門,休門,生門,傷門,杜門,景門,死門,驚門
陰4局己丑,庚,震,坤,天芮,死門,午未,戊,壬,庚乙,丁,丙,辛,癸,己,辛,癸,己,戊,壬,庚乙,丁,丙,天輔,天英,天芮,天柱,天心,天蓬,天任,天冲,太陰,螣蛇,直符,九天,九地,朱雀,勾陳,六合,驚門,開門,休門,生門,傷門,杜門,景門,死門
陰4局庚寅,庚,坤,坤,天芮,死門,午未,辛,癸,己,戊,壬,庚乙,丁,丙,辛,癸,己,戊,壬,庚乙,丁,丙,天蓬,天任,天冲,天輔,天英,天芮,天柱,天心,朱雀,勾陳,六合,太陰,螣蛇,直符,九天,九地,休門,生門,傷門,杜門,景門,死門,驚門,開門
陰4局辛卯,庚,坎,坤,天芮,死門,午未,庚乙,丁,丙,辛,癸,己,戊,壬,辛,癸,己,戊,壬,庚乙,丁,丙,天芮,天柱,天心,天蓬,天任,天冲,天輔,天英,直符,九天,九地,朱雀,勾陳,六合,太陰,螣蛇,傷門,杜門,景門,死門,驚門,開門,休門,生門
陰4局壬辰,庚,離,坤,天芮,死門,午未,癸,己,戊,壬,庚乙,丁,丙,辛,辛,癸,己,戊,壬,庚乙,丁,丙,天任,天冲,天輔,天英,天芮,天柱,天心,天蓬,勾陳,六合,太陰,螣蛇,直符,九天,九地,朱雀,杜門,景門,死門,驚門,開門,休門,生門,傷門
陰4局癸巳,庚,艮,坤,天芮,死門,午未,壬,庚乙,丁,丙,辛,癸,己,戊,辛,癸,己,戊,壬,庚乙,丁,丙,天英,天芮,天柱,天心,天蓬,天任,天冲,天輔,螣蛇,直符,九天,九地,朱雀,勾陳,六合,太陰,休門,生門,傷門,杜門,景門,死門,驚門,開門
陰4局甲午,辛,坎,坎,天蓬,休門,辰巳,辛,癸,己,戊,壬,庚乙,丁,丙,辛,癸,己,戊,壬,庚乙,丁,丙,天蓬,天任,天冲,天輔,天英,天芮,天柱,天心,直符,九天,九地,朱雀,勾陳,六合,太陰,螣蛇,休門,生門,傷門,杜門,景門,死門,驚門,開門
陰4局乙未,辛,坤,坎,天蓬,休門,辰巳,戊,壬,庚乙,丁,丙,辛,癸,己,辛,癸,己,戊,壬,庚乙,丁,丙,天輔,天英,天芮,天柱,天心,天蓬,天任,天冲,朱雀,勾陳,六合,太陰,螣蛇,直符,九天,九地,景門,死門,驚門,開門,休門,生門,傷門,杜門
陰4局丙申,辛,壬,坎,天蓬,休門,辰巳,癸,己,戊,壬,庚乙,丁,丙,辛,辛,癸,己,戊,壬,庚乙,丁,丙,天任,天冲,天輔,天英,天芮,天柱,天心,天蓬,九天,九地,朱雀,勾陳,六合,太陰,螣蛇,直符,開門,休門,生門,傷門,杜門,景門,死門,驚門
陰4局丁酉,辛,兌,坎,天蓬,休門,辰巳,己,戊,壬,庚乙,丁,丙,辛,癸,辛,癸,己,戊,壬,庚乙,丁,丙,天冲,天輔,天英,天芮,天柱,天心,天蓬,天任,九地,朱雀,勾陳,六合,太陰,螣蛇,直符,九天,傷門,杜門,景門,死門,驚門,開門,休門,生門
陰4局戊戌,辛,巽,坎,天蓬,休門,辰巳,庚乙,丁,丙,辛,癸,己,戊,壬,辛,癸,己,戊,壬,庚乙,丁,丙,天芮,天柱,天心,天蓬,天任,天冲,天輔,天英,六合,太陰,螣蛇,直符,九天,九地,朱雀,勾陳,生門,傷門,杜門,景門,死門,驚門,開門,休門
陰4局己亥,辛,震,坎,天蓬,休門,辰巳,丁,丙,辛,癸,己,戊,壬,庚乙,辛,癸,己,戊,壬,庚乙,丁,丙,天柱,天心,天蓬,天任,天冲,天輔,天英,天芮,太陰,螣蛇,直符,九天,九地,朱雀,勾陳,六合,杜門,景門,死門,驚門,開門,休門,生門,傷門
陰4局庚子,辛,坤,坎,天蓬,休門,辰巳,戊,壬,庚乙,丁,丙,辛,癸,己,辛,癸,己,戊,壬,庚乙,丁,丙,天輔,天英,天芮,天柱,天心,天蓬,天任,天冲,朱雀,勾陳,六合,太陰,螣蛇,直符,九天,九地,死門,驚門,開門,休門,生門,傷門,杜門,景門
陰4局辛丑,辛,坎,坎,天蓬,休門,辰巳,辛,癸,己,戊,壬,庚乙,丁,丙,辛,癸,己,戊,壬,庚乙,丁,丙,天蓬,天任,天冲,天輔,天英,天芮,天柱,天心,直符,九天,九地,朱雀,勾陳,六合,太陰,螣蛇,驚門,開門,休門,生門,傷門,杜門,景門,死門
陰4局壬寅,辛,離,坎,天蓬,休門,辰巳,壬,庚乙,丁,丙,辛,癸,己,戊,辛,癸,己,戊,壬,庚乙,丁,丙,天英,天芮,天柱,天心,天蓬,天任,天冲,天輔,勾陳,六合,太陰,螣蛇,直符,九天,九地,朱雀,杜門,景門,死門,驚門,開門,休門,生門,傷門
陰4局癸卯,辛,艮,坎,天蓬,休門,辰巳,丙,辛,癸,己,戊,壬,庚乙,丁,辛,癸,己,戊,壬,庚乙,丁,丙,天心,天蓬,天任,天冲,天輔,天英,天芮,天柱,螣蛇,直符,九天,九地,朱雀,勾陳,六合,太陰,休門,生門,傷門,杜門,景門,死門,驚門,開門
陰4局甲辰,壬,離,離,天英,景門,寅卯,辛,癸,己,戊,壬,庚乙,丁,丙,辛,癸,己,戊,壬,庚乙,丁,丙,天蓬,天任,天冲,天輔,天英,天芮,天柱,天心,勾陳,六合,太陰,螣蛇,直符,九天,九地,朱雀,休門,生門,傷門,杜門,景門,死門,驚門,開門
陰4局乙巳,壬,坤,離,天英,景門,寅卯,丙,辛,癸,己,戊,壬,庚乙,丁,辛,癸,己,戊,壬,庚乙,丁,丙,天心,天蓬,天任,天冲,天輔,天英,天芮,天柱,朱雀,勾陳,六合,太陰,螣蛇,直符,九天,九地,杜門,景門,死門,驚門,開門,休門,生門,傷門
陰4局丙午,壬,壬,離,天英,景門,寅卯,庚乙,丁,丙,辛,癸,己,戊,壬,辛,癸,己,戊,壬,庚乙,丁,丙,天芮,天柱,天心,天蓬,天任,天冲,天輔,天英,九天,九地,朱雀,勾陳,六合,太陰,螣蛇,直符,驚門,開門,休門,生門,傷門,杜門,景門,死門
陰4局丁未,壬,兌,離,天英,景門,寅卯,丁,丙,辛,癸,己,戊,壬,庚乙,辛,癸,己,戊,壬,庚乙,丁,丙,天柱,天心,天蓬,天任,天冲,天輔,天英,天芮,九地,朱雀,勾陳,六合,太陰,螣蛇,直符,九天,死門,驚門,開門,休門,生門,傷門,杜門,景門
陰4局戊申,壬,巽,離,天英,景門,寅卯,癸,己,戊,壬,庚乙,丁,丙,辛,辛,癸,己,戊,壬,庚乙,丁,丙,天任,天冲,天輔,天英,天芮,天柱,天心,天蓬,六合,太陰,螣蛇,直符,九天,九地,朱雀,勾陳,開門,休門,生門,傷門,杜門,景門,死門,驚門
陰4局己酉,壬,震,離,天英,景門,寅卯,己,戊,壬,庚乙,丁,丙,辛,癸,辛,癸,己,戊,壬,庚乙,丁,丙,天冲,天輔,天英,天芮,天柱,天心,天蓬,天任,太陰,螣蛇,直符,九天,九地,朱雀,勾陳,六合,生門,傷門,杜門,景門,死門,驚門,開門,休門
陰4局庚戌,壬,坤,離,天英,景門,寅卯,丙,辛,癸,己,戊,壬,庚乙,丁,辛,癸,己,戊,壬,庚乙,丁,丙,天心,天蓬,天任,天冲,天輔,天英,天芮,天柱,朱雀,勾陳,六合,太陰,螣蛇,直符,九天,九地,傷門,杜門,景門,死門,驚門,開門,休門,生門
陰4局辛亥,壬,坎,離,天英,景門,寅卯,壬,庚乙,丁,丙,辛,癸,己,戊,辛,癸,己,戊,壬,庚乙,丁,丙,天英,天芮,天柱,天心,天蓬,天任,天冲,天輔,直符,九天,九地,朱雀,勾陳,六合,太陰,螣蛇,開門,休門,生門,傷門,杜門,景門,死門,驚門
陰4局壬子,壬,離,離,天英,景門,寅卯,辛,癸,己,戊,壬,庚乙,丁,丙,辛,癸,己,戊,壬,庚乙,丁,丙,天蓬,天任,天冲,天輔,天英,天芮,天柱,天心,勾陳,六合,太陰,螣蛇,直符,九天,九地,朱雀,景門,死門,驚門,開門,休門,生門,傷門,杜門
陰4局癸丑,壬,艮,離,天英,景門,寅卯,戊,壬,庚乙,丁,丙,辛,癸,己,辛,癸,己,戊,壬,庚乙,丁,丙,天輔,天英,天芮,天柱,天心,天蓬,天任,天冲,螣蛇,直符,九天,九地,朱雀,勾陳,六合,太陰,休門,生門,傷門,杜門,景門,死門,驚門,開門
陰4局甲寅,癸,艮,艮,天任,生門,子丑,辛,癸,己,戊,壬,庚乙,丁,丙,辛,癸,己,戊,壬,庚乙,丁,丙,天蓬,天任,天冲,天輔,天英,天芮,天柱,天心,螣蛇,直符,九天,九地,朱雀,勾陳,六合,太陰,休門,生門,傷門,杜門,景門,死門,驚門,開門
陰4局乙卯,癸,坤,艮,天任,生門,子丑,壬,庚乙,丁,丙,辛,癸,己,戊,辛,癸,己,戊,壬,庚乙,丁,丙,天英,天芮,天柱,天心,天蓬,天任,天冲,天輔,朱雀,勾陳,六合,太陰,螣蛇,直符,九天,九地,杜門,景門,死門,驚門,開門,休門,生門,傷門
陰4局丙辰,癸,壬,艮,天任,生門,子丑,己,戊,壬,庚乙,丁,丙,辛,癸,辛,癸,己,戊,壬,庚乙,丁,丙,天冲,天輔,天英,天芮,天柱,天心,天蓬,天任,九天,九地,朱雀,勾陳,六合,太陰,螣蛇,直符,傷門,杜門,景門,死門,驚門,開門,休門,生門
陰4局丁巳,癸,兌,艮,天任,生門,子丑,戊,壬,庚乙,丁,丙,辛,癸,己,辛,癸,己,戊,壬,庚乙,丁,丙,天輔,天英,天芮,天柱,天心,天蓬,天任,天冲,九地,朱雀,勾陳,六合,太陰,螣蛇,直符,九天,景門,死門,驚門,開門,休門,生門,傷門,杜門
陰4局戊午,癸,巽,艮,天任,生門,子丑,丁,丙,辛,癸,己,戊,壬,庚乙,辛,癸,己,戊,壬,庚乙,丁,丙,天柱,天心,天蓬,天任,天冲,天輔,天英,天芮,六合,太陰,螣蛇,直符,九天,九地,朱雀,勾陳,驚門,開門,休門,生門,傷門,杜門,景門,死門
陰4局己未,癸,震,艮,天任,生門,子丑,丙,辛,癸,己,戊,壬,庚乙,丁,辛,癸,己,戊,壬,庚乙,丁,丙,天心,天蓬,天任,天冲,天輔,天英,天芮,天柱,太陰,螣蛇,直符,九天,九地,朱雀,勾陳,六合,開門,休門,生門,傷門,杜門,景門,死門,驚門
陰4局庚申,癸,坤,艮,天任,生門,子丑,壬,庚乙,丁,丙,辛,癸,己,戊,辛,癸,己,戊,壬,庚乙,丁,丙,天英,天芮,天柱,天心,天蓬,天任,天冲,天輔,朱雀,勾陳,六合,太陰,螣蛇,直符,九天,九地,景門,死門,驚門,開門,休門,生門,傷門,杜門
陰4局辛酉,癸,坎,艮,天任,生門,子丑,癸,己,戊,壬,庚乙,丁,丙,辛,辛,癸,己,戊,壬,庚乙,丁,丙,天任,天冲,天輔,天英,天芮,天柱,天心,天蓬,直符,九天,九地,朱雀,勾陳,六合,太陰,螣蛇,生門,傷門,杜門,景門,死門,驚門,開門,休門
陰4局壬戌,癸,離,艮,天任,生門,子丑,庚乙,丁,丙,辛,癸,己,戊,壬,辛,癸,己,戊,壬,庚乙,丁,丙,天芮,天柱,天心,天蓬,天任,天冲,天輔,天英,勾陳,六合,太陰,螣蛇,直符,九天,九地,朱雀,死門,驚門,開門,休門,生門,傷門,杜門,景門
陰4局癸亥,癸,艮,艮,天任,生門,子丑,辛,癸,己,戊,壬,庚乙,丁,丙,辛,癸,己,戊,壬,庚乙,丁,丙,天蓬,天任,天冲,天輔,天英,天芮,天柱,天心,螣蛇,直符,九天,九地,朱雀,勾陳,六合,太陰,休門,生門,傷門,杜門,景門,死門,驚門,開門
陰5局甲子,戊,坤,坤,天芮,死門,戌亥,壬,丁,庚,己,癸,辛戊,丙,乙,壬,丁,庚,己,癸,辛戊,丙,乙,天蓬,天任,天冲,天輔,天英,天芮,天柱,天心,朱雀,勾陳,六合,太陰,螣蛇,直符,九天,九地,休門,生門,傷門,杜門,景門,死門,驚門,開門
陰5局乙丑,戊,乾,坤,天芮,死門,戌亥,丙,乙,壬,丁,庚,己,癸,辛戊,壬,丁,庚,己,癸,辛戊,丙,乙,天柱,天心,天蓬,天任,天冲,天輔,天英,天芮,九天,九地,朱雀,勾陳,六合,太陰,螣蛇,直符,傷門,杜門,景門,死門,驚門,開門,休門,生門
陰5局丙寅,戊,兌,坤,天芮,死門,戌亥,乙,壬,丁,庚,己,癸,辛戊,丙,壬,丁,庚,己,癸,辛戊,丙,乙,天心,天蓬,天任,天冲,天輔,天英,天芮,天柱,九地,朱雀,勾陳,六合,太陰,螣蛇,直符,九天,杜門,景門,死門,驚門,開門,休門,生門,傷門
陰5局丁卯,戊,艮,坤,天芮,死門,戌亥,癸,辛戊,丙,乙,壬,丁,庚,己,壬,丁,庚,己,癸,辛戊,丙,乙,天英,天芮,天柱,天心,天蓬,天任,天冲,天輔,螣蛇,直符,九天,九地,朱雀,勾陳,六合,太陰,休門,生門,傷門,杜門,景門,死門,驚門,開門
陰5局戊辰,戊,坤,坤,天芮,死門,戌亥,壬,丁,庚,己,癸,辛戊,丙,乙,壬,丁,庚,己,癸,辛戊,丙,乙,天蓬,天任,天冲,天輔,天英,天芮,天柱,天心,朱雀,勾陳,六合,太陰,螣蛇,直符,九天,九地,死門,驚門,開門,休門,生門,傷門,杜門,景門
陰5局己巳,戊,巽,坤,天芮,死門,戌亥,庚,己,癸,辛戊,丙,乙,壬,丁,壬,丁,庚,己,癸,辛戊,丙,乙,天冲,天輔,天英,天芮,天柱,天心,天蓬,天任,六合,太陰,螣蛇,直符,九天,九地,朱雀,勾陳,生門,傷門,杜門,景門,死門,驚門,開門,休門
陰5局庚午,戊,震,坤,天芮,死門,戌亥,己,癸,辛戊,丙,乙,壬,丁,庚,壬,丁,庚,己,癸,辛戊,丙,乙,天輔,天英,天芮,天柱,天心,天蓬,天任,天冲,太陰,螣蛇,直符,九天,九地,朱雀,勾陳,六合,景門,死門,驚門,開門,休門,生門,傷門,杜門
陰5局辛未,戊,坤,坤,天芮,死門,戌亥,壬,丁,庚,己,癸,辛戊,丙,乙,壬,丁,庚,己,癸,辛戊,丙,乙,天蓬,天任,天冲,天輔,天英,天芮,天柱,天心,朱雀,勾陳,六合,太陰,螣蛇,直符,九天,九地,開門,休門,生門,傷門,杜門,景門,死門,驚門
陰5局壬申,戊,坎,坤,天芮,死門,戌亥,辛戊,丙,乙,壬,丁,庚,己,癸,壬,丁,庚,己,癸,辛戊,丙,乙,天芮,天柱,天心,天蓬,天任,天冲,天輔,天英,直符,九天,九地,朱雀,勾陳,六合,太陰,螣蛇,驚門,開門,休門,生門,傷門,杜門,景門,死門
陰5局癸酉,戊,離,坤,天芮,死門,戌亥,丁,庚,己,癸,辛戊,丙,乙,壬,壬,丁,庚,己,癸,辛戊,丙,乙,天任,天冲,天輔,天英,天芮,天柱,天心,天蓬,勾陳,六合,太陰,螣蛇,直符,九天,九地,朱雀,休門,生門,傷門,杜門,景門,死門,驚門,開門
陰5局甲戌,己,巽,巽,天輔,杜門,申酉,壬,丁,庚,己,癸,辛戊,丙,乙,壬,丁,庚,己,癸,辛戊,丙,乙,天蓬,天任,天冲,天輔,天英,天芮,天柱,天心,六合,太陰,螣蛇,直符,九天,九地,朱雀,勾陳,休門,生門,傷門,杜門,景門,死門,驚門,開門
陰5局乙亥,己,壬,巽,天輔,杜門,申酉,癸,辛戊,丙,乙,壬,丁,庚,己,壬,丁,庚,己,癸,辛戊,丙,乙,天英,天芮,天柱,天心,天蓬,天任,天冲,天輔,九天,九地,朱雀,勾陳,六合,太陰,螣蛇,直符,生門,傷門,杜門,景門,死門,驚門,開門,休門
陰5局丙子,己,兌,巽,天輔,杜門,申酉,辛戊,丙,乙,壬,丁,庚,己,癸,壬,丁,庚,己,癸,辛戊,丙,乙,天芮,天柱,天心,天蓬,天任,天冲,天輔,天英,九地,朱雀,勾陳,六合,太陰,螣蛇,直符,九天,驚門,開門,休門,生門,傷門,杜門,景門,死門
陰5局丁丑,己,艮,巽,天輔,杜門,申酉,庚,己,癸,辛戊,丙,乙,壬,丁,壬,丁,庚,己,癸,辛戊,丙,乙,天冲,天輔,天英,天芮,天柱,天心,天蓬,天任,螣蛇,直符,九天,九地,朱雀,勾陳,六合,太陰,杜門,景門,死門,驚門,開門,休門,生門,傷門
陰5局戊寅,己,坤,巽,天輔,杜門,申酉,丙,乙,壬,丁,庚,己,癸,辛戊,壬,丁,庚,己,癸,辛戊,丙,乙,天柱,天心,天蓬,天任,天冲,天輔,天英,天芮,朱雀,勾陳,六合,太陰,螣蛇,直符,九天,九地,開門,休門,生門,傷門,杜門,景門,死門,驚門
陰5局己卯,己,巽,巽,天輔,杜門,申酉,壬,丁,庚,己,癸,辛戊,丙,乙,壬,丁,庚,己,癸,辛戊,丙,乙,天蓬,天任,天冲,天輔,天英,天芮,天柱,天心,六合,太陰,螣蛇,直符,九天,九地,朱雀,勾陳,傷門,杜門,景門,死門,驚門,開門,休門,生門
陰5局庚辰,己,震,巽,天輔,杜門,申酉,丁,庚,己,癸,辛戊,丙,乙,壬,壬,丁,庚,己,癸,辛戊,丙,乙,天任,天冲,天輔,天英,天芮,天柱,天心,天蓬,太陰,螣蛇,直符,九天,九地,朱雀,勾陳,六合,死門,驚門,開門,休門,生門,傷門,杜門,景門
陰5局辛巳,己,坤,巽,天輔,杜門,申酉,丙,乙,壬,丁,庚,己,癸,辛戊,壬,丁,庚,己,癸,辛戊,丙,乙,天柱,天心,天蓬,天任,天冲,天輔,天英,天芮,朱雀,勾陳,六合,太陰,螣蛇,直符,九天,九地,景門,死門,驚門,開門,休門,生門,傷門,杜門
陰5局壬午,己,坎,巽,天輔,杜門,申酉,己,癸,辛戊,丙,乙,壬,丁,庚,壬,丁,庚,己,癸,辛戊,丙,乙,天輔,天英,天芮,天柱,天心,天蓬,天任,天冲,直符,九天,九地,朱雀,勾陳,六合,太陰,螣蛇,驚門,開門,休門,生門,傷門,杜門,景門,死門
陰5局癸未,己,離,巽,天輔,杜門,申酉,乙,壬,丁,庚,己,癸,辛戊,丙,壬,丁,庚,己,癸,辛戊,丙,乙,天心,天蓬,天任,天冲,天輔,天英,天芮,天柱,勾陳,六合,太陰,螣蛇,直符,九天,九地,朱雀,休門,生門,傷門,杜門,景門,死門,驚門,開門
陰5局甲申,庚,震,震,天冲,傷門,午未,壬,丁,庚,己,癸,辛戊,丙,乙,壬,丁,庚,己,癸,辛戊,丙,乙,天蓬,天任,天冲,天輔,天英,天芮,天柱,天心,太陰,螣蛇,直符,九天,九地,朱雀,勾陳,六合,休門,生門,傷門,杜門,景門,死門,驚門,開門
陰5局乙酉,庚,壬,震,天冲,傷門,午未,己,癸,辛戊,丙,乙,壬,丁,庚,壬,丁,庚,己,癸,辛戊,丙,乙,天輔,天英,天芮,天柱,天心,天蓬,天任,天冲,九天,九地,朱雀,勾陳,六合,太陰,螣蛇,直符,死門,驚門,開門,休門,生門,傷門,杜門,景門
陰5局丙戌,庚,兌,震,天冲,傷門,午未,癸,辛戊,丙,乙,壬,丁,庚,己,壬,丁,庚,己,癸,辛戊,丙,乙,天英,天芮,天柱,天心,天蓬,天任,天冲,天輔,九地,朱雀,勾陳,六合,太陰,螣蛇,直符,九天,傷門,杜門,景門,死門,驚門,開門,休門,生門
陰5局丁亥,庚,艮,震,天冲,傷門,午未,丁,庚,己,癸,辛戊,丙,乙,壬,壬,丁,庚,己,癸,辛戊,丙,乙,天任,天冲,天輔,天英,天芮,天柱,天心,天蓬,螣蛇,直符,九天,九地,朱雀,勾陳,六合,太陰,驚門,開門,休門,生門,傷門,杜門,景門,死門
陰5局戊子,庚,坤,震,天冲,傷門,午未,辛戊,丙,乙,壬,丁,庚,己,癸,壬,丁,庚,己,癸,辛戊,丙,乙,天芮,天柱,天心,天蓬,天任,天冲,天輔,天英,朱雀,勾陳,六合,太陰,螣蛇,直符,九天,九地,生門,傷門,杜門,景門,死門,驚門,開門,休門
陰5局己丑,庚,巽,震,天冲,傷門,午未,乙,壬,丁,庚,己,癸,辛戊,丙,壬,丁,庚,己,癸,辛戊,丙,乙,天心,天蓬,天任,天冲,天輔,天英,天芮,天柱,六合,太陰,螣蛇,直符,九天,九地,朱雀,勾陳,景門,死門,驚門,開門,休門,生門,傷門,杜門
陰5局庚寅,庚,震,震,天冲,傷門,午未,壬,丁,庚,己,癸,辛戊,丙,乙,壬,丁,庚,己,癸,辛戊,丙,乙,天蓬,天任,天冲,天輔,天英,天芮,天柱,天心,太陰,螣蛇,直符,九天,九地,朱雀,勾陳,六合,杜門,景門,死門,驚門,開門,休門,生門,傷門
陰5局辛卯,庚,坤,震,天冲,傷門,午未,辛戊,丙,乙,壬,丁,庚,己,癸,壬,丁,庚,己,癸,辛戊,丙,乙,天芮,天柱,天心,天蓬,天任,天冲,天輔,天英,朱雀,勾陳,六合,太陰,螣蛇,直符,九天,九地,死門,驚門,開門,休門,生門,傷門,杜門,景門
陰5局壬辰,庚,坎,震,天冲,傷門,午未,庚,己,癸,辛戊,丙,乙,壬,丁,壬,丁,庚,己,癸,辛戊,丙,乙,天冲,天輔,天英,天芮,天柱,天心,天蓬,天任,直符,九天,九地,朱雀,勾陳,六合,太陰,螣蛇,開門,休門,生門,傷門,杜門,景門,死門,驚門
陰5局癸巳,庚,離,震,天冲,傷門,午未,丙,乙,壬,丁,庚,己,癸,辛戊,壬,丁,庚,己,癸,辛戊,丙,乙,天柱,天心,天蓬,天任,天冲,天輔,天英,天芮,勾陳,六合,太陰,螣蛇,直符,九天,九地,朱雀,休門,生門,傷門,杜門,景門,死門,驚門,開門
陰5局甲午,辛,坤,坤,天芮,死門,辰巳,壬,丁,庚,己,癸,辛戊,丙,乙,壬,丁,庚,己,癸,辛戊,丙,乙,天蓬,天任,天冲,天輔,天英,天芮,天柱,天心,朱雀,勾陳,六合,太陰,螣蛇,直符,九天,九地,休門,生門,傷門,杜門,景門,死門,驚門,開門
陰5局乙未,辛,壬,坤,天芮,死門,辰巳,丙,乙,壬,丁,庚,己,癸,辛戊,壬,丁,庚,己,癸,辛戊,丙,乙,天柱,天心,天蓬,天任,天冲,天輔,天英,天芮,九天,九地,朱雀,勾陳,六合,太陰,螣蛇,直符,死門,驚門,開門,休門,生門,傷門,杜門,景門
陰5局丙申,辛,兌,坤,天芮,死門,辰巳,乙,壬,丁,庚,己,癸,辛戊,丙,壬,丁,庚,己,癸,辛戊,丙,乙,天心,天蓬,天任,天冲,天輔,天英,天芮,天柱,九地,朱雀,勾陳,六合,太陰,螣蛇,直符,九天,生門,傷門,杜門,景門,死門,驚門,開門,休門
陰5局丁酉,辛,艮,坤,天芮,死門,辰巳,癸,辛戊,丙,乙,壬,丁,庚,己,壬,丁,庚,己,癸,辛戊,丙,乙,天英,天芮,天柱,天心,天蓬,天任,天冲,天輔,螣蛇,直符,九天,九地,朱雀,勾陳,六合,太陰,景門,死門,驚門,開門,休門,生門,傷門,杜門
陰5局戊戌,辛,坤,坤,天芮,死門,辰巳,壬,丁,庚,己,癸,辛戊,丙,乙,壬,丁,庚,己,癸,辛戊,丙,乙,天蓬,天任,天冲,天輔,天英,天芮,天柱,天心,朱雀,勾陳,六合,太陰,螣蛇,直符,九天,九地,開門,休門,生門,傷門,杜門,景門,死門,驚門
陰5局己亥,辛,巽,坤,天芮,死門,辰巳,庚,己,癸,辛戊,丙,乙,壬,丁,壬,丁,庚,己,癸,辛戊,丙,乙,天冲,天輔,天英,天芮,天柱,天心,天蓬,天任,六合,太陰,螣蛇,直符,九天,九地,朱雀,勾陳,驚門,開門,休門,生門,傷門,杜門,景門,死門
陰5局庚子,辛,震,坤,天芮,死門,辰巳,己,癸,辛戊,丙,乙,壬,丁,庚,壬,丁,庚,己,癸,辛戊,丙,乙,天輔,天英,天芮,天柱,天心,天蓬,天任,天冲,太陰,螣蛇,直符,九天,九地,朱雀,勾陳,六合,休門,生門,傷門,杜門,景門,死門,驚門,開門
陰5局辛丑,辛,坤,坤,天芮,死門,辰巳,壬,丁,庚,己,癸,辛戊,丙,乙,壬,丁,庚,己,癸,辛戊,丙,乙,天蓬,天任,天冲,天輔,天英,天芮,天柱,天心,朱雀,勾陳,六合,太陰,螣蛇,直符,九天,九地,傷門,杜門,景門,死門,驚門,開門,休門,生門
陰5局壬寅,辛,坎,坤,天芮,死門,辰巳,辛戊,丙,乙,壬,丁,庚,己,癸,壬,丁,庚,己,癸,辛戊,丙,乙,天芮,天柱,天心,天蓬,天任,天冲,天輔,天英,直符,九天,九地,朱雀,勾陳,六合,太陰,螣蛇,杜門,景門,死門,驚門,開門,休門,生門,傷門
陰5局癸卯,辛,離,坤,天芮,死門,辰巳,丁,庚,己,癸,辛戊,丙,乙,壬,壬,丁,庚,己,癸,辛戊,丙,乙,天任,天冲,天輔,天英,天芮,天柱,天心,天蓬,勾陳,六合,太陰,螣蛇,直符,九天,九地,朱雀,休門,生門,傷門,杜門,景門,死門,驚門,開門
陰5局甲辰,壬,坎,坎,天蓬,休門,寅卯,壬,丁,庚,己,癸,辛戊,丙,乙,壬,丁,庚,己,癸,辛戊,丙,乙,天蓬,天任,天冲,天輔,天英,天芮,天柱,天心,直符,九天,九地,朱雀,勾陳,六合,太陰,螣蛇,休門,生門,傷門,杜門,景門,死門,驚門,開門
陰5局乙巳,壬,壬,坎,天蓬,休門,寅卯,丁,庚,己,癸,辛戊,丙,乙,壬,壬,丁,庚,己,癸,辛戊,丙,乙,天任,天冲,天輔,天英,天芮,天柱,天心,天蓬,九天,九地,朱雀,勾陳,六合,太陰,螣蛇,直符,景門,死門,驚門,開門,休門,生門,傷門,杜門
陰5局丙午,壬,兌,坎,天蓬,休門,寅卯,庚,己,癸,辛戊,丙,乙,壬,丁,壬,丁,庚,己,癸,辛戊,丙,乙,天冲,天輔,天英,天芮,天柱,天心,天蓬,天任,九地,朱雀,勾陳,六合,太陰,螣蛇,直符,九天,開門,休門,生門,傷門,杜門,景門,死門,驚門
陰5局丁未,壬,艮,坎,天蓬,休門,寅卯,乙,壬,丁,庚,己,癸,辛戊,丙,壬,丁,庚,己,癸,辛戊,丙,乙,天心,天蓬,天任,天冲,天輔,天英,天芮,天柱,螣蛇,直符,九天,九地,朱雀,勾陳,六合,太陰,傷門,杜門,景門,死門,驚門,開門,休門,生門
陰5局戊申,壬,坤,坎,天蓬,休門,寅卯,己,癸,辛戊,丙,乙,壬,丁,庚,壬,丁,庚,己,癸,辛戊,丙,乙,天輔,天英,天芮,天柱,天心,天蓬,天任,天冲,朱雀,勾陳,六合,太陰,螣蛇,直符,九天,九地,生門,傷門,杜門,景門,死門,驚門,開門,休門
陰5局己酉,壬,巽,坎,天蓬,休門,寅卯,辛戊,丙,乙,壬,丁,庚,己,癸,壬,丁,庚,己,癸,辛戊,丙,乙,天芮,天柱,天心,天蓬,天任,天冲,天輔,天英,六合,太陰,螣蛇,直符,九天,九地,朱雀,勾陳,杜門,景門,死門,驚門,開門,休門,生門,傷門
陰5局庚戌,壬,震,坎,天蓬,休門,寅卯,丙,乙,壬,丁,庚,己,癸,辛戊,壬,丁,庚,己,癸,辛戊,丙,乙,天柱,天心,天蓬,天任,天冲,天輔,天英,天芮,太陰,螣蛇,直符,九天,九地,朱雀,勾陳,六合,死門,驚門,開門,休門,生門,傷門,杜門,景門
陰5局辛亥,壬,坤,坎,天蓬,休門,寅卯,己,癸,辛戊,丙,乙,壬,丁,庚,壬,丁,庚,己,癸,辛戊,丙,乙,天輔,天英,天芮,天柱,天心,天蓬,天任,天冲,朱雀,勾陳,六合,太陰,螣蛇,直符,九天,九地,驚門,開門,休門,生門,傷門,杜門,景門,死門
陰5局壬子,壬,坎,坎,天蓬,休門,寅卯,壬,丁,庚,己,癸,辛戊,丙,乙,壬,丁,庚,己,癸,辛戊,丙,乙,天蓬,天任,天冲,天輔,天英,天芮,天柱,天心,直符,九天,九地,朱雀,勾陳,六合,太陰,螣蛇,杜門,景門,死門,驚門,開門,休門,生門,傷門
陰5局癸丑,壬,離,坎,天蓬,休門,寅卯,癸,辛戊,丙,乙,壬,丁,庚,己,壬,丁,庚,己,癸,辛戊,丙,乙,天英,天芮,天柱,天心,天蓬,天任,天冲,天輔,勾陳,六合,太陰,螣蛇,直符,九天,九地,朱雀,休門,生門,傷門,杜門,景門,死門,驚門,開門
陰5局甲寅,癸,離,離,天英,景門,子丑,壬,丁,庚,己,癸,辛戊,丙,乙,壬,丁,庚,己,癸,辛戊,丙,乙,天蓬,天任,天冲,天輔,天英,天芮,天柱,天心,勾陳,六合,太陰,螣蛇,直符,九天,九地,朱雀,休門,生門,傷門,杜門,景門,死門,驚門,開門
陰5局乙卯,癸,壬,離,天英,景門,子丑,辛戊,丙,乙,壬,丁,庚,己,癸,壬,丁,庚,己,癸,辛戊,丙,乙,天芮,天柱,天心,天蓬,天任,天冲,天輔,天英,九天,九地,朱雀,勾陳,六合,太陰,螣蛇,直符,杜門,景門,死門,驚門,開門,休門,生門,傷門
陰5局丙辰,癸,兌,離,天英,景門,子丑,丙,乙,壬,丁,庚,己,癸,辛戊,壬,丁,庚,己,癸,辛戊,丙,乙,天柱,天心,天蓬,天任,天冲,天輔,天英,天芮,九地,朱雀,勾陳,六合,太陰,螣蛇,直符,九天,驚門,開門,休門,生門,傷門,杜門,景門,死門
陰5局丁巳,癸,艮,離,天英,景門,子丑,己,癸,辛戊,丙,乙,壬,丁,庚,壬,丁,庚,己,癸,辛戊,丙,乙,天輔,天英,天芮,天柱,天心,天蓬,天任,天冲,螣蛇,直符,九天,九地,朱雀,勾陳,六合,太陰,死門,驚門,開門,休門,生門,傷門,杜門,景門
陰5局戊午,癸,坤,離,天英,景門,子丑,乙,壬,丁,庚,己,癸,辛戊,丙,壬,丁,庚,己,癸,辛戊,丙,乙,天心,天蓬,天任,天冲,天輔,天英,天芮,天柱,朱雀,勾陳,六合,太陰,螣蛇,直符,九天,九地,開門,休門,生門,傷門,杜門,景門,死門,驚門
陰5局己未,癸,巽,離,天英,景門,子丑,丁,庚,己,癸,辛戊,丙,乙,壬,壬,丁,庚,己,癸,辛戊,丙,乙,天任,天冲,天輔,天英,天芮,天柱,天心,天蓬,六合,太陰,螣蛇,直符,九天,九地,朱雀,勾陳,生門,傷門,杜門,景門,死門,驚門,開門,休門
陰5局庚申,癸,震,離,天英,景門,子丑,庚,己,癸,辛戊,丙,乙,壬,丁,壬,丁,庚,己,癸,辛戊,丙,乙,天冲,天輔,天英,天芮,天柱,天心,天蓬,天任,太陰,螣蛇,直符,九天,九地,朱雀,勾陳,六合,傷門,杜門,景門,死門,驚門,開門,休門,生門
陰5局辛酉,癸,坤,離,天英,景門,子丑,乙,壬,丁,庚,己,癸,辛戊,丙,壬,丁,庚,己,癸,辛戊,丙,乙,天心,天蓬,天任,天冲,天輔,天英,天芮,天柱,朱雀,勾陳,六合,太陰,螣蛇,直符,九天,九地,開門,休門,生門,傷門,杜門,景門,死門,驚門
陰5局壬戌,癸,坎,離,天英,景門,子丑,癸,辛戊,丙,乙,壬,丁,庚,己,壬,丁,庚,己,癸,辛戊,丙,乙,天英,天芮,天柱,天心,天蓬,天任,天冲,天輔,直符,九天,九地,朱雀,勾陳,六合,太陰,螣蛇,景門,死門,驚門,開門,休門,生門,傷門,杜門
陰5局癸亥,癸,離,離,天英,景門,子丑,壬,丁,庚,己,癸,辛戊,丙,乙,壬,丁,庚,己,癸,辛戊,丙,乙,天蓬,天任,天冲,天輔,天英,天芮,天柱,天心,勾陳,六合,太陰,螣蛇,直符,九天,九地,朱雀,休門,生門,傷門,杜門,景門,死門,驚門,開門
陰6局甲子,戊,壬,乾,天心,開門,戌亥,癸,丙,辛,庚,丁,壬己,乙,戊,癸,丙,辛,庚,丁,壬己,乙,戊,天蓬,天任,天冲,天輔,天英,天芮,天柱,天心,九天,九地,朱雀,勾陳,六合,太陰,螣蛇,直符,休門,生門,傷門,杜門,景門,死門,驚門,開門
陰6局乙丑,戊,兌,乾,天心,開門,戌亥,丙,辛,庚,丁,壬己,乙,戊,癸,癸,丙,辛,庚,丁,壬己,乙,戊,天任,天冲,天輔,天英,天芮,天柱,天心,天蓬,九地,朱雀,勾陳,六合,太陰,螣蛇,直符,九天,傷門,杜門,景門,死門,驚門,開門,休門,生門
陰6局丙寅,戊,艮,乾,天心,開門,戌亥,乙,戊,癸,丙,辛,庚,丁,壬己,癸,丙,辛,庚,丁,壬己,乙,戊,天柱,天心,天蓬,天任,天冲,天輔,天英,天芮,螣蛇,直符,九天,九地,朱雀,勾陳,六合,太陰,景門,死門,驚門,開門,休門,生門,傷門,杜門
陰6局丁卯,戊,離,乾,天心,開門,戌亥,庚,丁,壬己,乙,戊,癸,丙,辛,癸,丙,辛,庚,丁,壬己,乙,戊,天輔,天英,天芮,天柱,天心,天蓬,天任,天冲,勾陳,六合,太陰,螣蛇,直符,九天,九地,朱雀,死門,驚門,開門,休門,生門,傷門,杜門,景門
陰6局戊辰,戊,壬,乾,天心,開門,戌亥,癸,丙,辛,庚,丁,壬己,乙,戊,癸,丙,辛,庚,丁,壬己,乙,戊,天蓬,天任,天冲,天輔,天英,天芮,天柱,天心,九天,九地,朱雀,勾陳,六合,太陰,螣蛇,直符,傷門,杜門,景門,死門,驚門,開門,休門,生門
陰6局己巳,戊,坤,乾,天心,開門,戌亥,辛,庚,丁,壬己,乙,戊,癸,丙,癸,丙,辛,庚,丁,壬己,乙,戊,天冲,天輔,天英,天芮,天柱,天心,天蓬,天任,朱雀,勾陳,六合,太陰,螣蛇,直符,九天,九地,開門,休門,生門,傷門,杜門,景門,死門,驚門
陰6局庚午,戊,巽,乾,天心,開門,戌亥,丁,壬己,乙,戊,癸,丙,辛,庚,癸,丙,辛,庚,丁,壬己,乙,戊,天英,天芮,天柱,天心,天蓬,天任,天冲,天輔,六合,太陰,螣蛇,直符,九天,九地,朱雀,勾陳,杜門,景門,死門,驚門,開門,休門,生門,傷門
陰6局辛未,戊,震,乾,天心,開門,戌亥,壬己,乙,戊,癸,丙,辛,庚,丁,癸,丙,辛,庚,丁,壬己,乙,戊,天芮,天柱,天心,天蓬,天任,天冲,天輔,天英,太陰,螣蛇,直符,九天,九地,朱雀,勾陳,六合,驚門,開門,休門,生門,傷門,杜門,景門,死門
陰6局壬申,戊,坤,乾,天心,開門,戌亥,辛,庚,丁,壬己,乙,戊,癸,丙,癸,丙,辛,庚,丁,壬己,乙,戊,天冲,天輔,天英,天芮,天柱,天心,天蓬,天任,朱雀,勾陳,六合,太陰,螣蛇,直符,九天,九地,生門,傷門,杜門,景門,死門,驚門,開門,休門
陰6局癸酉,戊,坎,乾,天心,開門,戌亥,戊,癸,丙,辛,庚,丁,壬己,乙,癸,丙,辛,庚,丁,壬己,乙,戊,天心,天蓬,天任,天冲,天輔,天英,天芮,天柱,直符,九天,九地,朱雀,勾陳,六合,太陰,螣蛇,休門,生門,傷門,杜門,景門,死門,驚門,開門
陰6局甲戌,己,坤,坤,天芮,死門,申酉,癸,丙,辛,庚,丁,壬己,乙,戊,癸,丙,辛,庚,丁,壬己,乙,戊,天蓬,天任,天冲,天輔,天英,天芮,天柱,天心,朱雀,勾陳,六合,太陰,螣蛇,直符,九天,九地,休門,生門,傷門,杜門,景門,死門,驚門,開門
陰6局乙亥,己,兌,坤,天芮,死門,申酉,戊,癸,丙,辛,庚,丁,壬己,乙,癸,丙,辛,庚,丁,壬己,乙,戊,天心,天蓬,天任,天冲,天輔,天英,天芮,天柱,九地,朱雀,勾陳,六合,太陰,螣蛇,直符,九天,傷門,杜門,景門,死門,驚門,開門,休門,生門
陰6局丙子,己,艮,坤,天芮,死門,申酉,丁,壬己,乙,戊,癸,丙,辛,庚,癸,丙,辛,庚,丁,壬己,乙,戊,天英,天芮,天柱,天心,天蓬,天任,天冲,天輔,螣蛇,直符,九天,九地,朱雀,勾陳,六合,太陰,杜門,景門,死門,驚門,開門,休門,生門,傷門
陰6局丁丑,己,離,坤,天芮,死門,申酉,丙,辛,庚,丁,壬己,乙,戊,癸,癸,丙,辛,庚,丁,壬己,乙,戊,天任,天冲,天輔,天英,天芮,天柱,天心,天蓬,勾陳,六合,太陰,螣蛇,直符,九天,九地,朱雀,休門,生門,傷門,杜門,景門,死門,驚門,開門
陰6局戊寅,己,乾,坤,天芮,死門,申酉,乙,戊,癸,丙,辛,庚,丁,壬己,癸,丙,辛,庚,丁,壬己,乙,戊,天柱,天心,天蓬,天任,天冲,天輔,天英,天芮,九天,九地,朱雀,勾陳,六合,太陰,螣蛇,直符,死門,驚門,開門,休門,生門,傷門,杜門,景門
陰6局己卯,己,坤,坤,天芮,死門,申酉,癸,丙,辛,庚,丁,壬己,乙,戊,癸,丙,辛,庚,丁,壬己,乙,戊,天蓬,天任,天冲,天輔,天英,天芮,天柱,天心,朱雀,勾陳,六合,太陰,螣蛇,直符,九天,九地,生門,傷門,杜門,景門,死門,驚門,開門,休門
陰6局庚辰,己,巽,坤,天芮,死門,申酉,辛,庚,丁,壬己,乙,戊,癸,丙,癸,丙,辛,庚,丁,壬己,乙,戊,天冲,天輔,天英,天芮,天柱,天心,天蓬,天任,六合,太陰,螣蛇,直符,九天,九地,朱雀,勾陳,景門,死門,驚門,開門,休門,生門,傷門,杜門
陰6局辛巳,己,震,坤,天芮,死門,申酉,庚,丁,壬己,乙,戊,癸,丙,辛,癸,丙,辛,庚,丁,壬己,乙,戊,天輔,天英,天芮,天柱,天心,天蓬,天任,天冲,太陰,螣蛇,直符,九天,九地,朱雀,勾陳,六合,開門,休門,生門,傷門,杜門,景門,死門,驚門
陰6局壬午,己,坤,坤,天芮,死門,申酉,癸,丙,辛,庚,丁,壬己,乙,戊,癸,丙,辛,庚,丁,壬己,乙,戊,天蓬,天任,天冲,天輔,天英,天芮,天柱,天心,朱雀,勾陳,六合,太陰,螣蛇,直符,九天,九地,驚門,開門,休門,生門,傷門,杜門,景門,死門
陰6局癸未,己,坎,坤,天芮,死門,申酉,壬己,乙,戊,癸,丙,辛,庚,丁,癸,丙,辛,庚,丁,壬己,乙,戊,天芮,天柱,天心,天蓬,天任,天冲,天輔,天英,直符,九天,九地,朱雀,勾陳,六合,太陰,螣蛇,休門,生門,傷門,杜門,景門,死門,驚門,開門
陰6局甲申,庚,巽,巽,天輔,杜門,午未,癸,丙,辛,庚,丁,壬己,乙,戊,癸,丙,辛,庚,丁,壬己,乙,戊,天蓬,天任,天冲,天輔,天英,天芮,天柱,天心,六合,太陰,螣蛇,直符,九天,九地,朱雀,勾陳,休門,生門,傷門,杜門,景門,死門,驚門,開門
陰6局乙酉,庚,兌,巽,天輔,杜門,午未,壬己,乙,戊,癸,丙,辛,庚,丁,癸,丙,辛,庚,丁,壬己,乙,戊,天芮,天柱,天心,天蓬,天任,天冲,天輔,天英,九地,朱雀,勾陳,六合,太陰,螣蛇,直符,九天,生門,傷門,杜門,景門,死門,驚門,開門,休門
陰6局丙戌,庚,艮,巽,天輔,杜門,午未,辛,庚,丁,壬己,乙,戊,癸,丙,癸,丙,辛,庚,丁,壬己,乙,戊,天冲,天輔,天英,天芮,天柱,天心,天蓬,天任,螣蛇,直符,九天,九地,朱雀,勾陳,六合,太陰,驚門,開門,休門,生門,傷門,杜門,景門,死門
陰6局丁亥,庚,離,巽,天輔,杜門,午未,戊,癸,丙,辛,庚,丁,壬己,乙,癸,丙,辛,庚,丁,壬己,乙,戊,天心,天蓬,天任,天冲,天輔,天英,天芮,天柱,勾陳,六合,太陰,螣蛇,直符,九天,九地,朱雀,杜門,景門,死門,驚門,開門,休門,生門,傷門
陰6局戊子,庚,壬,巽,天輔,杜門,午未,丁,壬己,乙,戊,癸,丙,辛,庚,癸,丙,辛,庚,丁,壬己,乙,戊,天英,天芮,天柱,天心,天蓬,天任,天冲,天輔,九天,九地,朱雀,勾陳,六合,太陰,螣蛇,直符,開門,休門,生門,傷門,杜門,景門,死門,驚門
陰6局己丑,庚,坤,巽,天輔,杜門,午未,乙,戊,癸,丙,辛,庚,丁,壬己,癸,丙,辛,庚,丁,壬己,乙,戊,天柱,天心,天蓬,天任,天冲,天輔,天英,天芮,朱雀,勾陳,六合,太陰,螣蛇,直符,九天,九地,傷門,杜門,景門,死門,驚門,開門,休門,生門
陰6局庚寅,庚,巽,巽,天輔,杜門,午未,癸,丙,辛,庚,丁,壬己,乙,戊,癸,丙,辛,庚,丁,壬己,乙,戊,天蓬,天任,天冲,天輔,天英,天芮,天柱,天心,六合,太陰,螣蛇,直符,九天,九地,朱雀,勾陳,死門,驚門,開門,休門,生門,傷門,杜門,景門
陰6局辛卯,庚,震,巽,天輔,杜門,午未,丙,辛,庚,丁,壬己,乙,戊,癸,癸,丙,辛,庚,丁,壬己,乙,戊,天任,天冲,天輔,天英,天芮,天柱,天心,天蓬,太陰,螣蛇,直符,九天,九地,朱雀,勾陳,六合,景門,死門,驚門,開門,休門,生門,傷門,杜門
陰6局壬辰,庚,坤,巽,天輔,杜門,午未,乙,戊,癸,丙,辛,庚,丁,壬己,癸,丙,辛,庚,丁,壬己,乙,戊,天柱,天心,天蓬,天任,天冲,天輔,天英,天芮,朱雀,勾陳,六合,太陰,螣蛇,直符,九天,九地,驚門,開門,休門,生門,傷門,杜門,景門,死門
陰6局癸巳,庚,坎,巽,天輔,杜門,午未,庚,丁,壬己,乙,戊,癸,丙,辛,癸,丙,辛,庚,丁,壬己,乙,戊,天輔,天英,天芮,天柱,天心,天蓬,天任,天冲,直符,九天,九地,朱雀,勾陳,六合,太陰,螣蛇,休門,生門,傷門,杜門,景門,死門,驚門,開門
陰6局甲午,辛,震,震,天冲,傷門,辰巳,癸,丙,辛,庚,丁,壬己,乙,戊,癸,丙,辛,庚,丁,壬己,乙,戊,天蓬,天任,天冲,天輔,天英,天芮,天柱,天心,太陰,螣蛇,直符,九天,九地,朱雀,勾陳,六合,休門,生門,傷門,杜門,景門,死門,驚門,開門
陰6局乙未,辛,兌,震,天冲,傷門,辰巳,丁,壬己,乙,戊,癸,丙,辛,庚,癸,丙,辛,庚,丁,壬己,乙,戊,天英,天芮,天柱,天心,天蓬,天任,天冲,天輔,九地,朱雀,勾陳,六合,太陰,螣蛇,直符,九天,死門,驚門,開門,休門,生門,傷門,杜門,景門
陰6局丙申,辛,艮,震,天冲,傷門,辰巳,丙,辛,庚,丁,壬己,乙,戊,癸,癸,丙,辛,庚,丁,壬己,乙,戊,天任,天冲,天輔,天英,天芮,天柱,天心,天蓬,螣蛇,直符,九天,九地,朱雀,勾陳,六合,太陰,傷門,杜門,景門,死門,驚門,開門,休門,生門
陰6局丁酉,辛,離,震,天冲,傷門,辰巳,乙,戊,癸,丙,辛,庚,丁,壬己,癸,丙,辛,庚,丁,壬己,乙,戊,天柱,天心,天蓬,天任,天冲,天輔,天英,天芮,勾陳,六合,太陰,螣蛇,直符,九天,九地,朱雀,驚門,開門,休門,生門,傷門,杜門,景門,死門
陰6局戊戌,辛,壬,震,天冲,傷門,辰巳,庚,丁,壬己,乙,戊,癸,丙,辛,癸,丙,辛,庚,丁,壬己,乙,戊,天輔,天英,天芮,天柱,天心,天蓬,天任,天冲,九天,九地,朱雀,勾陳,六合,太陰,螣蛇,直符,生門,傷門,杜門,景門,死門,驚門,開門,休門
陰6局己亥,辛,坤,震,天冲,傷門,辰巳,壬己,乙,戊,癸,丙,辛,庚,丁,癸,丙,辛,庚,丁,壬己,乙,戊,天芮,天柱,天心,天蓬,天任,天冲,天輔,天英,朱雀,勾陳,六合,太陰,螣蛇,直符,九天,九地,景門,死門,驚門,開門,休門,生門,傷門,杜門
陰6局庚子,辛,巽,震,天冲,傷門,辰巳,戊,癸,丙,辛,庚,丁,壬己,乙,癸,丙,辛,庚,丁,壬己,乙,戊,天心,天蓬,天任,天冲,天輔,天英,天芮,天柱,六合,太陰,螣蛇,直符,九天,九地,朱雀,勾陳,杜門,景門,死門,驚門,開門,休門,生門,傷門
陰6局辛丑,辛,震,震,天冲,傷門,辰巳,癸,丙,辛,庚,丁,壬己,乙,戊,癸,丙,辛,庚,丁,壬己,乙,戊,天蓬,天任,天冲,天輔,天英,天芮,天柱,天心,太陰,螣蛇,直符,九天,九地,朱雀,勾陳,六合,死門,驚門,開門,休門,生門,傷門,杜門,景門
陰6局壬寅,辛,坤,震,天冲,傷門,辰巳,壬己,乙,戊,癸,丙,辛,庚,丁,癸,丙,辛,庚,丁,壬己,乙,戊,天芮,天柱,天心,天蓬,天任,天冲,天輔,天英,朱雀,勾陳,六合,太陰,螣蛇,直符,九天,九地,開門,休門,生門,傷門,杜門,景門,死門,驚門
陰6局癸卯,辛,坎,震,天冲,傷門,辰巳,辛,庚,丁,壬己,乙,戊,癸,丙,癸,丙,辛,庚,丁,壬己,乙,戊,天冲,天輔,天英,天芮,天柱,天心,天蓬,天任,直符,九天,九地,朱雀,勾陳,六合,太陰,螣蛇,休門,生門,傷門,杜門,景門,死門,驚門,開門
陰6局甲辰,壬,坤,坤,天芮,死門,寅卯,癸,丙,辛,庚,丁,壬己,乙,戊,癸,丙,辛,庚,丁,壬己,乙,戊,天蓬,天任,天冲,天輔,天英,天芮,天柱,天心,朱雀,勾陳,六合,太陰,螣蛇,直符,九天,九地,休門,生門,傷門,杜門,景門,死門,驚門,開門
陰6局乙巳,壬,兌,坤,天芮,死門,寅卯,戊,癸,丙,辛,庚,丁,壬己,乙,癸,丙,辛,庚,丁,壬己,乙,戊,天心,天蓬,天任,天冲,天輔,天英,天芮,天柱,九地,朱雀,勾陳,六合,太陰,螣蛇,直符,九天,死門,驚門,開門,休門,生門,傷門,杜門,景門
陰6局丙午,壬,艮,坤,天芮,死門,寅卯,丁,壬己,乙,戊,癸,丙,辛,庚,癸,丙,辛,庚,丁,壬己,乙,戊,天英,天芮,天柱,天心,天蓬,天任,天冲,天輔,螣蛇,直符,九天,九地,朱雀,勾陳,六合,太陰,生門,傷門,杜門,景門,死門,驚門,開門,休門
陰6局丁未,壬,離,坤,天芮,死門,寅卯,丙,辛,庚,丁,壬己,乙,戊,癸,癸,丙,辛,庚,丁,壬己,乙,戊,天任,天冲,天輔,天英,天芮,天柱,天心,天蓬,勾陳,六合,太陰,螣蛇,直符,九天,九地,朱雀,景門,死門,驚門,開門,休門,生門,傷門,杜門
陰6局戊申,壬,壬,坤,天芮,死門,寅卯,乙,戊,癸,丙,辛,庚,丁,壬己,癸,丙,辛,庚,丁,壬己,乙,戊,天柱,天心,天蓬,天任,天冲,天輔,天英,天芮,九天,九地,朱雀,勾陳,六合,太陰,螣蛇,直符,開門,休門,生門,傷門,杜門,景門,死門,驚門
陰6局己酉,壬,坤,坤,天芮,死門,寅卯,癸,丙,辛,庚,丁,壬己,乙,戊,癸,丙,辛,庚,丁,壬己,乙,戊,天蓬,天任,天冲,天輔,天英,天芮,天柱,天心,朱雀,勾陳,六合,太陰,螣蛇,直符,九天,九地,驚門,開門,休門,生門,傷門,杜門,景門,死門
陰6局庚戌,壬,巽,坤,天芮,死門,寅卯,辛,庚,丁,壬己,乙,戊,癸,丙,癸,丙,辛,庚,丁,壬己,乙,戊,天冲,天輔,天英,天芮,天柱,天心,天蓬,天任,六合,太陰,螣蛇,直符,九天,九地,朱雀,勾陳,休門,生門,傷門,杜門,景門,死門,驚門,開門
陰6局辛亥,壬,震,坤,天芮,死門,寅卯,庚,丁,壬己,乙,戊,癸,丙,辛,癸,丙,辛,庚,丁,壬己,乙,戊,天輔,天英,天芮,天柱,天心,天蓬,天任,天冲,太陰,螣蛇,直符,九天,九地,朱雀,勾陳,六合,傷門,杜門,景門,死門,驚門,開門,休門,生門
陰6局壬子,壬,坤,坤,天芮,死門,寅卯,癸,丙,辛,庚,丁,壬己,乙,戊,癸,丙,辛,庚,丁,壬己,乙,戊,天蓬,天任,天冲,天輔,天英,天芮,天柱,天心,朱雀,勾陳,六合,太陰,螣蛇,直符,九天,九地,杜門,景門,死門,驚門,開門,休門,生門,傷門
陰6局癸丑,壬,坎,坤,天芮,死門,寅卯,壬己,乙,戊,癸,丙,辛,庚,丁,癸,丙,辛,庚,丁,壬己,乙,戊,天芮,天柱,天心,天蓬,天任,天冲,天輔,天英,直符,九天,九地,朱雀,勾陳,六合,太陰,螣蛇,休門,生門,傷門,杜門,景門,死門,驚門,開門
陰6局甲寅,癸,坎,坎,天蓬,休門,子丑,癸,丙,辛,庚,丁,壬己,乙,戊,癸,丙,辛,庚,丁,壬己,乙,戊,天蓬,天任,天冲,天輔,天英,天芮,天柱,天心,直符,九天,九地,朱雀,勾陳,六合,太陰,螣蛇,休門,生門,傷門,杜門,景門,死門,驚門,開門
陰6局乙卯,癸,兌,坎,天蓬,休門,子丑,辛,庚,丁,壬己,乙,戊,癸,丙,癸,丙,辛,庚,丁,壬己,乙,戊,天冲,天輔,天英,天芮,天柱,天心,天蓬,天任,九地,朱雀,勾陳,六合,太陰,螣蛇,直符,九天,景門,死門,驚門,開門,休門,生門,傷門,杜門
陰6局丙辰,癸,艮,坎,天蓬,休門,子丑,戊,癸,丙,辛,庚,丁,壬己,乙,癸,丙,辛,庚,丁,壬己,乙,戊,天心,天蓬,天任,天冲,天輔,天英,天芮,天柱,螣蛇,直符,九天,九地,朱雀,勾陳,六合,太陰,開門,休門,生門,傷門,杜門,景門,死門,驚門
陰6局丁巳,癸,離,坎,天蓬,休門,子丑,丁,壬己,乙,戊,癸,丙,辛,庚,癸,丙,辛,庚,丁,壬己,乙,戊,天英,天芮,天柱,天心,天蓬,天任,天冲,天輔,勾陳,六合,太陰,螣蛇,直符,九天,九地,朱雀,傷門,杜門,景門,死門,驚門,開門,休門,生門
陰6局戊午,癸,壬,坎,天蓬,休門,子丑,丙,辛,庚,丁,壬己,乙,戊,癸,癸,丙,辛,庚,丁,壬己,乙,戊,天任,天冲,天輔,天英,天芮,天柱,天心,天蓬,九天,九地,朱雀,勾陳,六合,太陰,螣蛇,直符,生門,傷門,杜門,景門,死門,驚門,開門,休門
陰6局己未,癸,坤,坎,天蓬,休門,子丑,庚,丁,壬己,乙,戊,癸,丙,辛,癸,丙,辛,庚,丁,壬己,乙,戊,天輔,天英,天芮,天柱,天心,天蓬,天任,天冲,朱雀,勾陳,六合,太陰,螣蛇,直符,九天,九地,杜門,景門,死門,驚門,開門,休門,生門,傷門
陰6局庚申,癸,巽,坎,天蓬,休門,子丑,壬己,乙,戊,癸,丙,辛,庚,丁,癸,丙,辛,庚,丁,壬己,乙,戊,天芮,天柱,天心,天蓬,天任,天冲,天輔,天英,六合,太陰,螣蛇,直符,九天,九地,朱雀,勾陳,死門,驚門,開門,休門,生門,傷門,杜門,景門
陰6局辛酉,癸,震,坎,天蓬,休門,子丑,乙,戊,癸,丙,辛,庚,丁,壬己,癸,丙,辛,庚,丁,壬己,乙,戊,天柱,天心,天蓬,天任,天冲,天輔,天英,天芮,太陰,螣蛇,直符,九天,九地,朱雀,勾陳,六合,驚門,開門,休門,生門,傷門,杜門,景門,死門
陰6局壬戌,癸,坤,坎,天蓬,休門,子丑,庚,丁,壬己,乙,戊,癸,丙,辛,癸,丙,辛,庚,丁,壬己,乙,戊,天輔,天英,天芮,天柱,天心,天蓬,天任,天冲,朱雀,勾陳,六合,太陰,螣蛇,直符,九天,九地,杜門,景門,死門,驚門,開門,休門,生門,傷門
陰6局癸亥,癸,坎,坎,天蓬,休門,子丑,癸,丙,辛,庚,丁,壬己,乙,戊,癸,丙,辛,庚,丁,壬己,乙,戊,天蓬,天任,天冲,天輔,天英,天芮,天柱,天心,直符,九天,九地,朱雀,勾陳,六合,太陰,螣蛇,休門,生門,傷門,杜門,景門,死門,驚門,開門
陰7局甲子,戊,兌,兌,天柱,驚門,戌亥,丁,乙,壬,辛,丙,癸庚,戊,己,丁,乙,壬,辛,丙,癸庚,戊,己,天蓬,天任,天冲,天輔,天英,天芮,天柱,天心,九地,朱雀,勾陳,六合,太陰,螣蛇,直符,九天,休門,生門,傷門,杜門,景門,死門,驚門,開門
陰7局乙丑,戊,艮,兌,天柱,驚門,戌亥,癸庚,戊,己,丁,乙,壬,辛,丙,丁,乙,壬,辛,丙,癸庚,戊,己,天芮,天柱,天心,天蓬,天任,天冲,天輔,天英,螣蛇,直符,九天,九地,朱雀,勾陳,六合,太陰,開門,休門,生門,傷門,杜門,景門,死門,驚門
陰7局丙寅,戊,離,兌,天柱,驚門,戌亥,壬,辛,丙,癸庚,戊,己,丁,乙,丁,乙,壬,辛,丙,癸庚,戊,己,天冲,天輔,天英,天芮,天柱,天心,天蓬,天任,勾陳,六合,太陰,螣蛇,直符,九天,九地,朱雀,生門,傷門,杜門,景門,死門,驚門,開門,休門
陰7局丁卯,戊,坎,兌,天柱,驚門,戌亥,戊,己,丁,乙,壬,辛,丙,癸庚,丁,乙,壬,辛,丙,癸庚,戊,己,天柱,天心,天蓬,天任,天冲,天輔,天英,天芮,直符,九天,九地,朱雀,勾陳,六合,太陰,螣蛇,杜門,景門,死門,驚門,開門,休門,生門,傷門
陰7局戊辰,戊,兌,兌,天柱,驚門,戌亥,丁,乙,壬,辛,丙,癸庚,戊,己,丁,乙,壬,辛,丙,癸庚,戊,己,天蓬,天任,天冲,天輔,天英,天芮,天柱,天心,九地,朱雀,勾陳,六合,太陰,螣蛇,直符,九天,景門,死門,驚門,開門,休門,生門,傷門,杜門
陰7局己巳,戊,壬,兌,天柱,驚門,戌亥,己,丁,乙,壬,辛,丙,癸庚,戊,丁,乙,壬,辛,丙,癸庚,戊,己,天心,天蓬,天任,天冲,天輔,天英,天芮,天柱,九天,九地,朱雀,勾陳,六合,太陰,螣蛇,直符,生門,傷門,杜門,景門,死門,驚門,開門,休門
陰7局庚午,戊,坤,兌,天柱,驚門,戌亥,乙,壬,辛,丙,癸庚,戊,己,丁,丁,乙,壬,辛,丙,癸庚,戊,己,天任,天冲,天輔,天英,天芮,天柱,天心,天蓬,朱雀,勾陳,六合,太陰,螣蛇,直符,九天,九地,驚門,開門,休門,生門,傷門,杜門,景門,死門
陰7局辛未,戊,巽,兌,天柱,驚門,戌亥,辛,丙,癸庚,戊,己,丁,乙,壬,丁,乙,壬,辛,丙,癸庚,戊,己,天輔,天英,天芮,天柱,天心,天蓬,天任,天冲,六合,太陰,螣蛇,直符,九天,九地,朱雀,勾陳,傷門,杜門,景門,死門,驚門,開門,休門,生門
陰7局壬申,戊,震,兌,天柱,驚門,戌亥,丙,癸庚,戊,己,丁,乙,壬,辛,丁,乙,壬,辛,丙,癸庚,戊,己,天英,天芮,天柱,天心,天蓬,天任,天冲,天輔,太陰,螣蛇,直符,九天,九地,朱雀,勾陳,六合,死門,驚門,開門,休門,生門,傷門,杜門,景門
陰7局癸酉,戊,坤,兌,天柱,驚門,戌亥,乙,壬,辛,丙,癸庚,戊,己,丁,丁,乙,壬,辛,丙,癸庚,戊,己,天任,天冲,天輔,天英,天芮,天柱,天心,天蓬,朱雀,勾陳,六合,太陰,螣蛇,直符,九天,九地,休門,生門,傷門,杜門,景門,死門,驚門,開門
陰7局甲戌,己,壬,乾,天心,開門,申酉,丁,乙,壬,辛,丙,癸庚,戊,己,丁,乙,壬,辛,丙,癸庚,戊,己,天蓬,天任,天冲,天輔,天英,天芮,天柱,天心,九天,九地,朱雀,勾陳,六合,太陰,螣蛇,直符,休門,生門,傷門,杜門,景門,死門,驚門,開門
陰7局乙亥,己,艮,乾,天心,開門,申酉,戊,己,丁,乙,壬,辛,丙,癸庚,丁,乙,壬,辛,丙,癸庚,戊,己,天柱,天心,天蓬,天任,天冲,天輔,天英,天芮,螣蛇,直符,九天,九地,朱雀,勾陳,六合,太陰,傷門,杜門,景門,死門,驚門,開門,休門,生門
陰7局丙子,己,離,乾,天心,開門,申酉,辛,丙,癸庚,戊,己,丁,乙,壬,丁,乙,壬,辛,丙,癸庚,戊,己,天輔,天英,天芮,天柱,天心,天蓬,天任,天冲,勾陳,六合,太陰,螣蛇,直符,九天,九地,朱雀,景門,死門,驚門,開門,休門,生門,傷門,杜門
陰7局丁丑,己,坎,乾,天心,開門,申酉,己,丁,乙,壬,辛,丙,癸庚,戊,丁,乙,壬,辛,丙,癸庚,戊,己,天心,天蓬,天任,天冲,天輔,天英,天芮,天柱,直符,九天,九地,朱雀,勾陳,六合,太陰,螣蛇,死門,驚門,開門,休門,生門,傷門,杜門,景門
陰7局戊寅,己,兌,乾,天心,開門,申酉,乙,壬,辛,丙,癸庚,戊,己,丁,丁,乙,壬,辛,丙,癸庚,戊,己,天任,天冲,天輔,天英,天芮,天柱,天心,天蓬,九地,朱雀,勾陳,六合,太陰,螣蛇,直符,九天,傷門,杜門,景門,死門,驚門,開門,休門,生門
陰7局己卯,己,壬,乾,天心,開門,申酉,丁,乙,壬,辛,丙,癸庚,戊,己,丁,乙,壬,辛,丙,癸庚,戊,己,天蓬,天任,天冲,天輔,天英,天芮,天柱,天心,九天,九地,朱雀,勾陳,六合,太陰,螣蛇,直符,開門,休門,生門,傷門,杜門,景門,死門,驚門
陰7局庚辰,己,坤,乾,天心,開門,申酉,壬,辛,丙,癸庚,戊,己,丁,乙,丁,乙,壬,辛,丙,癸庚,戊,己,天冲,天輔,天英,天芮,天柱,天心,天蓬,天任,朱雀,勾陳,六合,太陰,螣蛇,直符,九天,九地,杜門,景門,死門,驚門,開門,休門,生門,傷門
陰7局辛巳,己,巽,乾,天心,開門,申酉,丙,癸庚,戊,己,丁,乙,壬,辛,丁,乙,壬,辛,丙,癸庚,戊,己,天英,天芮,天柱,天心,天蓬,天任,天冲,天輔,六合,太陰,螣蛇,直符,九天,九地,朱雀,勾陳,驚門,開門,休門,生門,傷門,杜門,景門,死門
陰7局壬午,己,震,乾,天心,開門,申酉,癸庚,戊,己,丁,乙,壬,辛,丙,丁,乙,壬,辛,丙,癸庚,戊,己,天芮,天柱,天心,天蓬,天任,天冲,天輔,天英,太陰,螣蛇,直符,九天,九地,朱雀,勾陳,六合,生門,傷門,杜門,景門,死門,驚門,開門,休門
陰7局癸未,己,坤,乾,天心,開門,申酉,壬,辛,丙,癸庚,戊,己,丁,乙,丁,乙,壬,辛,丙,癸庚,戊,己,天冲,天輔,天英,天芮,天柱,天心,天蓬,天任,朱雀,勾陳,六合,太陰,螣蛇,直符,九天,九地,休門,生門,傷門,杜門,景門,死門,驚門,開門
陰7局甲申,庚,坤,坤,天芮,死門,午未,丁,乙,壬,辛,丙,癸庚,戊,己,丁,乙,壬,辛,丙,癸庚,戊,己,天蓬,天任,天冲,天輔,天英,天芮,天柱,天心,朱雀,勾陳,六合,太陰,螣蛇,直符,九天,九地,休門,生門,傷門,杜門,景門,死門,驚門,開門
陰7局乙酉,庚,艮,坤,天芮,死門,午未,丙,癸庚,戊,己,丁,乙,壬,辛,丁,乙,壬,辛,丙,癸庚,戊,己,天英,天芮,天柱,天心,天蓬,天任,天冲,天輔,螣蛇,直符,九天,九地,朱雀,勾陳,六合,太陰,傷門,杜門,景門,死門,驚門,開門,休門,生門
陰7局丙戌,庚,離,坤,天芮,死門,午未,乙,壬,辛,丙,癸庚,戊,己,丁,丁,乙,壬,辛,丙,癸庚,戊,己,天任,天冲,天輔,天英,天芮,天柱,天心,天蓬,勾陳,六合,太陰,螣蛇,直符,九天,九地,朱雀,杜門,景門,死門,驚門,開門,休門,生門,傷門
陰7局丁亥,庚,坎,坤,天芮,死門,午未,癸庚,戊,己,丁,乙,壬,辛,丙,丁,乙,壬,辛,丙,癸庚,戊,己,天芮,天柱,天心,天蓬,天任,天冲,天輔,天英,直符,九天,九地,朱雀,勾陳,六合,太陰,螣蛇,休門,生門,傷門,杜門,景門,死門,驚門,開門
陰7局戊子,庚,兌,坤,天芮,死門,午未,己,丁,乙,壬,辛,丙,癸庚,戊,丁,乙,壬,辛,丙,癸庚,戊,己,天心,天蓬,天任,天冲,天輔,天英,天芮,天柱,九地,朱雀,勾陳,六合,太陰,螣蛇,直符,九天,死門,驚門,開門,休門,生門,傷門,杜門,景門
陰7局己丑,庚,乾,坤,天芮,死門,午未,戊,己,丁,乙,壬,辛,丙,癸庚,丁,乙,壬,辛,丙,癸庚,戊,己,天柱,天心,天蓬,天任,天冲,天輔,天英,天芮,九天,九地,朱雀,勾陳,六合,太陰,螣蛇,直符,生門,傷門,杜門,景門,死門,驚門,開門,休門
陰7局庚寅,庚,坤,坤,天芮,死門,午未,丁,乙,壬,辛,丙,癸庚,戊,己,丁,乙,壬,辛,丙,癸庚,戊,己,天蓬,天任,天冲,天輔,天英,天芮,天柱,天心,朱雀,勾陳,六合,太陰,螣蛇,直符,九天,九地,景門,死門,驚門,開門,休門,生門,傷門,杜門
陰7局辛卯,庚,巽,坤,天芮,死門,午未,壬,辛,丙,癸庚,戊,己,丁,乙,丁,乙,壬,辛,丙,癸庚,戊,己,天冲,天輔,天英,天芮,天柱,天心,天蓬,天任,六合,太陰,螣蛇,直符,九天,九地,朱雀,勾陳,開門,休門,生門,傷門,杜門,景門,死門,驚門
陰7局壬辰,庚,震,坤,天芮,死門,午未,辛,丙,癸庚,戊,己,丁,乙,壬,丁,乙,壬,辛,丙,癸庚,戊,己,天輔,天英,天芮,天柱,天心,天蓬,天任,天冲,太陰,螣蛇,直符,九天,九地,朱雀,勾陳,六合,驚門,開門,休門,生門,傷門,杜門,景門,死門
陰7局癸巳,庚,坤,坤,天芮,死門,午未,丁,乙,壬,辛,丙,癸庚,戊,己,丁,乙,壬,辛,丙,癸庚,戊,己,天蓬,天任,天冲,天輔,天英,天芮,天柱,天心,朱雀,勾陳,六合,太陰,螣蛇,直符,九天,九地,休門,生門,傷門,杜門,景門,死門,驚門,開門
陰7局甲午,辛,巽,巽,天輔,杜門,辰巳,丁,乙,壬,辛,丙,癸庚,戊,己,丁,乙,壬,辛,丙,癸庚,戊,己,天蓬,天任,天冲,天輔,天英,天芮,天柱,天心,六合,太陰,螣蛇,直符,九天,九地,朱雀,勾陳,休門,生門,傷門,杜門,景門,死門,驚門,開門
陰7局乙未,辛,艮,巽,天輔,杜門,辰巳,壬,辛,丙,癸庚,戊,己,丁,乙,丁,乙,壬,辛,丙,癸庚,戊,己,天冲,天輔,天英,天芮,天柱,天心,天蓬,天任,螣蛇,直符,九天,九地,朱雀,勾陳,六合,太陰,生門,傷門,杜門,景門,死門,驚門,開門,休門
陰7局丙申,辛,離,巽,天輔,杜門,辰巳,己,丁,乙,壬,辛,丙,癸庚,戊,丁,乙,壬,辛,丙,癸庚,戊,己,天心,天蓬,天任,天冲,天輔,天英,天芮,天柱,勾陳,六合,太陰,螣蛇,直符,九天,九地,朱雀,驚門,開門,休門,生門,傷門,杜門,景門,死門
陰7局丁酉,辛,坎,巽,天輔,杜門,辰巳,辛,丙,癸庚,戊,己,丁,乙,壬,丁,乙,壬,辛,丙,癸庚,戊,己,天輔,天英,天芮,天柱,天心,天蓬,天任,天冲,直符,九天,九地,朱雀,勾陳,六合,太陰,螣蛇,杜門,景門,死門,驚門,開門,休門,生門,傷門
陰7局戊戌,辛,兌,巽,天輔,杜門,辰巳,癸庚,戊,己,丁,乙,壬,辛,丙,丁,乙,壬,辛,丙,癸庚,戊,己,天芮,天柱,天心,天蓬,天任,天冲,天輔,天英,九地,朱雀,勾陳,六合,太陰,螣蛇,直符,九天,開門,休門,生門,傷門,杜門,景門,死門,驚門
陰7局己亥,辛,壬,巽,天輔,杜門,辰巳,丙,癸庚,戊,己,丁,乙,壬,辛,丁,乙,壬,辛,丙,癸庚,戊,己,天英,天芮,天柱,天心,天蓬,天任,天冲,天輔,九天,九地,朱雀,勾陳,六合,太陰,螣蛇,直符,傷門,杜門,景門,死門,驚門,開門,休門,生門
陰7局庚子,辛,坤,巽,天輔,杜門,辰巳,戊,己,丁,乙,壬,辛,丙,癸庚,丁,乙,壬,辛,丙,癸庚,戊,己,天柱,天心,天蓬,天任,天冲,天輔,天英,天芮,朱雀,勾陳,六合,太陰,螣蛇,直符,九天,九地,死門,驚門,開門,休門,生門,傷門,杜門,景門
陰7局辛丑,辛,巽,巽,天輔,杜門,辰巳,丁,乙,壬,辛,丙,癸庚,戊,己,丁,乙,壬,辛,丙,癸庚,戊,己,天蓬,天任,天冲,天輔,天英,天芮,天柱,天心,六合,太陰,螣蛇,直符,九天,九地,朱雀,勾陳,景門,死門,驚門,開門,休門,生門,傷門,杜門
陰7局壬寅,辛,震,巽,天輔,杜門,辰巳,乙,壬,辛,丙,癸庚,戊,己,丁,丁,乙,壬,辛,丙,癸庚,戊,己,天任,天冲,天輔,天英,天芮,天柱,天心,天蓬,太陰,螣蛇,直符,九天,九地,朱雀,勾陳,六合,驚門,開門,休門,生門,傷門,杜門,景門,死門
陰7局癸卯,辛,坤,巽,天輔,杜門,辰巳,戊,己,丁,乙,壬,辛,丙,癸庚,丁,乙,壬,辛,丙,癸庚,戊,己,天柱,天心,天蓬,天任,天冲,天輔,天英,天芮,朱雀,勾陳,六合,太陰,螣蛇,直符,九天,九地,休門,生門,傷門,杜門,景門,死門,驚門,開門
陰7局甲辰,壬,震,震,天冲,傷門,寅卯,丁,乙,壬,辛,丙,癸庚,戊,己,丁,乙,壬,辛,丙,癸庚,戊,己,天蓬,天任,天冲,天輔,天英,天芮,天柱,天心,太陰,螣蛇,直符,九天,九地,朱雀,勾陳,六合,休門,生門,傷門,杜門,景門,死門,驚門,開門
陰7局乙巳,壬,艮,震,天冲,傷門,寅卯,乙,壬,辛,丙,癸庚,戊,己,丁,丁,乙,壬,辛,丙,癸庚,戊,己,天任,天冲,天輔,天英,天芮,天柱,天心,天蓬,螣蛇,直符,九天,九地,朱雀,勾陳,六合,太陰,死門,驚門,開門,休門,生門,傷門,杜門,景門
陰7局丙午,壬,離,震,天冲,傷門,寅卯,戊,己,丁,乙,壬,辛,丙,癸庚,丁,乙,壬,辛,丙,癸庚,戊,己,天柱,天心,天蓬,天任,天冲,天輔,天英,天芮,勾陳,六合,太陰,螣蛇,直符,九天,九地,朱雀,傷門,杜門,景門,死門,驚門,開門,休門,生門
陰7局丁未,壬,坎,震,天冲,傷門,寅卯,壬,辛,丙,癸庚,戊,己,丁,乙,丁,乙,壬,辛,丙,癸庚,戊,己,天冲,天輔,天英,天芮,天柱,天心,天蓬,天任,直符,九天,九地,朱雀,勾陳,六合,太陰,螣蛇,驚門,開門,休門,生門,傷門,杜門,景門,死門
陰7局戊申,壬,兌,震,天冲,傷門,寅卯,丙,癸庚,戊,己,丁,乙,壬,辛,丁,乙,壬,辛,丙,癸庚,戊,己,天英,天芮,天柱,天心,天蓬,天任,天冲,天輔,九地,朱雀,勾陳,六合,太陰,螣蛇,直符,九天,生門,傷門,杜門,景門,死門,驚門,開門,休門
陰7局己酉,壬,壬,震,天冲,傷門,寅卯,辛,丙,癸庚,戊,己,丁,乙,壬,丁,乙,壬,辛,丙,癸庚,戊,己,天輔,天英,天芮,天柱,天心,天蓬,天任,天冲,九天,九地,朱雀,勾陳,六合,太陰,螣蛇,直符,景門,死門,驚門,開門,休門,生門,傷門,杜門
陰7局庚戌,壬,坤,震,天冲,傷門,寅卯,癸庚,戊,己,丁,乙,壬,辛,丙,丁,乙,壬,辛,丙,癸庚,戊,己,天芮,天柱,天心,天蓬,天任,天冲,天輔,天英,朱雀,勾陳,六合,太陰,螣蛇,直符,九天,九地,杜門,景門,死門,驚門,開門,休門,生門,傷門
陰7局辛亥,壬,巽,震,天冲,傷門,寅卯,己,丁,乙,壬,辛,丙,癸庚,戊,丁,乙,壬,辛,丙,癸庚,戊,己,天心,天蓬,天任,天冲,天輔,天英,天芮,天柱,六合,太陰,螣蛇,直符,九天,九地,朱雀,勾陳,死門,驚門,開門,休門,生門,傷門,杜門,景門
陰7局壬子,壬,震,震,天冲,傷門,寅卯,丁,乙,壬,辛,丙,癸庚,戊,己,丁,乙,壬,辛,丙,癸庚,戊,己,天蓬,天任,天冲,天輔,天英,天芮,天柱,天心,太陰,螣蛇,直符,九天,九地,朱雀,勾陳,六合,開門,休門,生門,傷門,杜門,景門,死門,驚門
陰7局癸丑,壬,坤,震,天冲,傷門,寅卯,癸庚,戊,己,丁,乙,壬,辛,丙,丁,乙,壬,辛,丙,癸庚,戊,己,天芮,天柱,天心,天蓬,天任,天冲,天輔,天英,朱雀,勾陳,六合,太陰,螣蛇,直符,九天,九地,休門,生門,傷門,杜門,景門,死門,驚門,開門
陰7局甲寅,癸,坤,坤,天芮,死門,子丑,丁,乙,壬,辛,丙,癸庚,戊,己,丁,乙,壬,辛,丙,癸庚,戊,己,天蓬,天任,天冲,天輔,天英,天芮,天柱,天心,朱雀,勾陳,六合,太陰,螣蛇,直符,九天,九地,休門,生門,傷門,杜門,景門,死門,驚門,開門
陰7局乙卯,癸,艮,坤,天芮,死門,子丑,丙,癸庚,戊,己,丁,乙,壬,辛,丁,乙,壬,辛,丙,癸庚,戊,己,天英,天芮,天柱,天心,天蓬,天任,天冲,天輔,螣蛇,直符,九天,九地,朱雀,勾陳,六合,太陰,死門,驚門,開門,休門,生門,傷門,杜門,景門
陰7局丙辰,癸,離,坤,天芮,死門,子丑,乙,壬,辛,丙,癸庚,戊,己,丁,丁,乙,壬,辛,丙,癸庚,戊,己,天任,天冲,天輔,天英,天芮,天柱,天心,天蓬,勾陳,六合,太陰,螣蛇,直符,九天,九地,朱雀,生門,傷門,杜門,景門,死門,驚門,開門,休門
陰7局丁巳,癸,坎,坤,天芮,死門,子丑,癸庚,戊,己,丁,乙,壬,辛,丙,丁,乙,壬,辛,丙,癸庚,戊,己,天芮,天柱,天心,天蓬,天任,天冲,天輔,天英,直符,九天,九地,朱雀,勾陳,六合,太陰,螣蛇,景門,死門,驚門,開門,休門,生門,傷門,杜門
陰7局戊午,癸,兌,坤,天芮,死門,子丑,己,丁,乙,壬,辛,丙,癸庚,戊,丁,乙,壬,辛,丙,癸庚,戊,己,天心,天蓬,天任,天冲,天輔,天英,天芮,天柱,九地,朱雀,勾陳,六合,太陰,螣蛇,直符,九天,開門,休門,生門,傷門,杜門,景門,死門,驚門
陰7局己未,癸,壬,坤,天芮,死門,子丑,戊,己,丁,乙,壬,辛,丙,癸庚,丁,乙,壬,辛,丙,癸庚,戊,己,天柱,天心,天蓬,天任,天冲,天輔,天英,天芮,九天,九地,朱雀,勾陳,六合,太陰,螣蛇,直符,驚門,開門,休門,生門,傷門,杜門,景門,死門
陰7局庚申,癸,坤,坤,天芮,死門,子丑,丁,乙,壬,辛,丙,癸庚,戊,己,丁,乙,壬,辛,丙,癸庚,戊,己,天蓬,天任,天冲,天輔,天英,天芮,天柱,天心,朱雀,勾陳,六合,太陰,螣蛇,直符,九天,九地,休門,生門,傷門,杜門,景門,死門,驚門,開門
陰7局辛酉,癸,巽,坤,天芮,死門,子丑,壬,辛,丙,癸庚,戊,己,丁,乙,丁,乙,壬,辛,丙,癸庚,戊,己,天冲,天輔,天英,天芮,天柱,天心,天蓬,天任,六合,太陰,螣蛇,直符,九天,九地,朱雀,勾陳,傷門,杜門,景門,死門,驚門,開門,休門,生門
陰7局壬戌,癸,震,坤,天芮,死門,子丑,辛,丙,癸庚,戊,己,丁,乙,壬,丁,乙,壬,辛,丙,癸庚,戊,己,天輔,天英,天芮,天柱,天心,天蓬,天任,天冲,太陰,螣蛇,直符,九天,九地,朱雀,勾陳,六合,杜門,景門,死門,驚門,開門,休門,生門,傷門
陰7局癸亥,癸,坤,坤,天芮,死門,子丑,丁,乙,壬,辛,丙,癸庚,戊,己,丁,乙,壬,辛,丙,癸庚,戊,己,天蓬,天任,天冲,天輔,天英,天芮,天柱,天心,朱雀,勾陳,六合,太陰,螣蛇,直符,九天,九地,休門,生門,傷門,杜門,景門,死門,驚門,開門
陰8局甲子,戊,艮,艮,天任,生門,戌亥,丙,戊,癸,壬,乙,丁辛,己,庚,丙,戊,癸,壬,乙,丁辛,己,庚,天蓬,天任,天冲,天輔,天英,天芮,天柱,天心,螣蛇,直符,九天,九地,朱雀,勾陳,六合,太陰,休門,生門,傷門,杜門,景門,死門,驚門,開門
陰8局乙丑,戊,離,艮,天任,生門,戌亥,丁辛,己,庚,丙,戊,癸,壬,乙,丙,戊,癸,壬,乙,丁辛,己,庚,天芮,天柱,天心,天蓬,天任,天冲,天輔,天英,勾陳,六合,太陰,螣蛇,直符,九天,九地,朱雀,杜門,景門,死門,驚門,開門,休門,生門,傷門
陰8局丙寅,戊,坎,艮,天任,生門,戌亥,戊,癸,壬,乙,丁辛,己,庚,丙,丙,戊,癸,壬,乙,丁辛,己,庚,天任,天冲,天輔,天英,天芮,天柱,天心,天蓬,直符,九天,九地,朱雀,勾陳,六合,太陰,螣蛇,傷門,杜門,景門,死門,驚門,開門,休門,生門
陰8局丁卯,戊,坤,艮,天任,生門,戌亥,乙,丁辛,己,庚,丙,戊,癸,壬,丙,戊,癸,壬,乙,丁辛,己,庚,天英,天芮,天柱,天心,天蓬,天任,天冲,天輔,朱雀,勾陳,六合,太陰,螣蛇,直符,九天,九地,景門,死門,驚門,開門,休門,生門,傷門,杜門
陰8局戊辰,戊,艮,艮,天任,生門,戌亥,丙,戊,癸,壬,乙,丁辛,己,庚,丙,戊,癸,壬,乙,丁辛,己,庚,天蓬,天任,天冲,天輔,天英,天芮,天柱,天心,螣蛇,直符,九天,九地,朱雀,勾陳,六合,太陰,驚門,開門,休門,生門,傷門,杜門,景門,死門
陰8局己巳,戊,兌,艮,天任,生門,戌亥,壬,乙,丁辛,己,庚,丙,戊,癸,丙,戊,癸,壬,乙,丁辛,己,庚,天輔,天英,天芮,天柱,天心,天蓬,天任,天冲,九地,朱雀,勾陳,六合,太陰,螣蛇,直符,九天,開門,休門,生門,傷門,杜門,景門,死門,驚門
陰8局庚午,戊,壬,艮,天任,生門,戌亥,癸,壬,乙,丁辛,己,庚,丙,戊,丙,戊,癸,壬,乙,丁辛,己,庚,天冲,天輔,天英,天芮,天柱,天心,天蓬,天任,九天,九地,朱雀,勾陳,六合,太陰,螣蛇,直符,景門,死門,驚門,開門,休門,生門,傷門,杜門
陰8局辛未,戊,坤,艮,天任,生門,戌亥,乙,丁辛,己,庚,丙,戊,癸,壬,丙,戊,癸,壬,乙,丁辛,己,庚,天英,天芮,天柱,天心,天蓬,天任,天冲,天輔,朱雀,勾陳,六合,太陰,螣蛇,直符,九天,九地,生門,傷門,杜門,景門,死門,驚門,開門,休門
陰8局壬申,戊,巽,艮,天任,生門,戌亥,己,庚,丙,戊,癸,壬,乙,丁辛,丙,戊,癸,壬,乙,丁辛,己,庚,天柱,天心,天蓬,天任,天冲,天輔,天英,天芮,六合,太陰,螣蛇,直符,九天,九地,朱雀,勾陳,死門,驚門,開門,休門,生門,傷門,杜門,景門
陰8局癸酉,戊,震,艮,天任,生門,戌亥,庚,丙,戊,癸,壬,乙,丁辛,己,丙,戊,癸,壬,乙,丁辛,己,庚,天心,天蓬,天任,天冲,天輔,天英,天芮,天柱,太陰,螣蛇,直符,九天,九地,朱雀,勾陳,六合,休門,生門,傷門,杜門,景門,死門,驚門,開門
陰8局甲戌,己,兌,兌,天柱,驚門,申酉,丙,戊,癸,壬,乙,丁辛,己,庚,丙,戊,癸,壬,乙,丁辛,己,庚,天蓬,天任,天冲,天輔,天英,天芮,天柱,天心,九地,朱雀,勾陳,六合,太陰,螣蛇,直符,九天,休門,生門,傷門,杜門,景門,死門,驚門,開門
陰8局乙亥,己,離,兌,天柱,驚門,申酉,癸,壬,乙,丁辛,己,庚,丙,戊,丙,戊,癸,壬,乙,丁辛,己,庚,天冲,天輔,天英,天芮,天柱,天心,天蓬,天任,勾陳,六合,太陰,螣蛇,直符,九天,九地,朱雀,開門,休門,生門,傷門,杜門,景門,死門,驚門
陰8局丙子,己,坎,兌,天柱,驚門,申酉,己,庚,丙,戊,癸,壬,乙,丁辛,丙,戊,癸,壬,乙,丁辛,己,庚,天柱,天心,天蓬,天任,天冲,天輔,天英,天芮,直符,九天,九地,朱雀,勾陳,六合,太陰,螣蛇,生門,傷門,杜門,景門,死門,驚門,開門,休門
陰8局丁丑,己,坤,兌,天柱,驚門,申酉,戊,癸,壬,乙,丁辛,己,庚,丙,丙,戊,癸,壬,乙,丁辛,己,庚,天任,天冲,天輔,天英,天芮,天柱,天心,天蓬,朱雀,勾陳,六合,太陰,螣蛇,直符,九天,九地,杜門,景門,死門,驚門,開門,休門,生門,傷門
陰8局戊寅,己,艮,兌,天柱,驚門,申酉,丁辛,己,庚,丙,戊,癸,壬,乙,丙,戊,癸,壬,乙,丁辛,己,庚,天芮,天柱,天心,天蓬,天任,天冲,天輔,天英,螣蛇,直符,九天,九地,朱雀,勾陳,六合,太陰,景門,死門,驚門,開門,休門,生門,傷門,杜門
陰8局己卯,己,兌,兌,天柱,驚門,申酉,丙,戊,癸,壬,乙,丁辛,己,庚,丙,戊,癸,壬,乙,丁辛,己,庚,天蓬,天任,天冲,天輔,天英,天芮,天柱,天心,九地,朱雀,勾陳,六合,太陰,螣蛇,直符,九天,生門,傷門,杜門,景門,死門,驚門,開門,休門
陰8局庚辰,己,壬,兌,天柱,驚門,申酉,庚,丙,戊,癸,壬,乙,丁辛,己,丙,戊,癸,壬,乙,丁辛,己,庚,天心,天蓬,天任,天冲,天輔,天英,天芮,天柱,九天,九地,朱雀,勾陳,六合,太陰,螣蛇,直符,驚門,開門,休門,生門,傷門,杜門,景門,死門
陰8局辛巳,己,坤,兌,天柱,驚門,申酉,戊,癸,壬,乙,丁辛,己,庚,丙,丙,戊,癸,壬,乙,丁辛,己,庚,天任,天冲,天輔,天英,天芮,天柱,天心,天蓬,朱雀,勾陳,六合,太陰,螣蛇,直符,九天,九地,傷門,杜門,景門,死門,驚門,開門,休門,生門
陰8局壬午,己,巽,兌,天柱,驚門,申酉,壬,乙,丁辛,己,庚,丙,戊,癸,丙,戊,癸,壬,乙,丁辛,己,庚,天輔,天英,天芮,天柱,天心,天蓬,天任,天冲,六合,太陰,螣蛇,直符,九天,九地,朱雀,勾陳,死門,驚門,開門,休門,生門,傷門,杜門,景門
陰8局癸未,己,震,兌,天柱,驚門,申酉,乙,丁辛,己,庚,丙,戊,癸,壬,丙,戊,癸,壬,乙,丁辛,己,庚,天英,天芮,天柱,天心,天蓬,天任,天冲,天輔,太陰,螣蛇,直符,九天,九地,朱雀,勾陳,六合,休門,生門,傷門,杜門,景門,死門,驚門,開門
陰8局甲申,庚,壬,乾,天心,開門,午未,丙,戊,癸,壬,乙,丁辛,己,庚,丙,戊,癸,壬,乙,丁辛,己,庚,天蓬,天任,天冲,天輔,天英,天芮,天柱,天心,九天,九地,朱雀,勾陳,六合,太陰,螣蛇,直符,休門,生門,傷門,杜門,景門,死門,驚門,開門
陰8局乙酉,庚,離,乾,天心,開門,午未,壬,乙,丁辛,己,庚,丙,戊,癸,丙,戊,癸,壬,乙,丁辛,己,庚,天輔,天英,天芮,天柱,天心,天蓬,天任,天冲,勾陳,六合,太陰,螣蛇,直符,九天,九地,朱雀,傷門,杜門,景門,死門,驚門,開門,休門,生門
陰8局丙戌,庚,坎,乾,天心,開門,午未,庚,丙,戊,癸,壬,乙,丁辛,己,丙,戊,癸,壬,乙,丁辛,己,庚,天心,天蓬,天任,天冲,天輔,天英,天芮,天柱,直符,九天,九地,朱雀,勾陳,六合,太陰,螣蛇,景門,死門,驚門,開門,休門,生門,傷門,杜門
陰8局丁亥,庚,坤,乾,天心,開門,午未,癸,壬,乙,丁辛,己,庚,丙,戊,丙,戊,癸,壬,乙,丁辛,己,庚,天冲,天輔,天英,天芮,天柱,天心,天蓬,天任,朱雀,勾陳,六合,太陰,螣蛇,直符,九天,九地,死門,驚門,開門,休門,生門,傷門,杜門,景門
陰8局戊子,庚,艮,乾,天心,開門,午未,己,庚,丙,戊,癸,壬,乙,丁辛,丙,戊,癸,壬,乙,丁辛,己,庚,天柱,天心,天蓬,天任,天冲,天輔,天英,天芮,螣蛇,直符,九天,九地,朱雀,勾陳,六合,太陰,傷門,杜門,景門,死門,驚門,開門,休門,生門
陰8局己丑,庚,兌,乾,天心,開門,午未,戊,癸,壬,乙,丁辛,己,庚,丙,丙,戊,癸,壬,乙,丁辛,己,庚,天任,天冲,天輔,天英,天芮,天柱,天心,天蓬,九地,朱雀,勾陳,六合,太陰,螣蛇,直符,九天,開門,休門,生門,傷門,杜門,景門,死門,驚門
陰8局庚寅,庚,壬,乾,天心,開門,午未,丙,戊,癸,壬,乙,丁辛,己,庚,丙,戊,癸,壬,乙,丁辛,己,庚,天蓬,天任,天冲,天輔,天英,天芮,天柱,天心,九天,九地,朱雀,勾陳,六合,太陰,螣蛇,直符,杜門,景門,死門,驚門,開門,休門,生門,傷門
陰8局辛卯,庚,坤,乾,天心,開門,午未,癸,壬,乙,丁辛,己,庚,丙,戊,丙,戊,癸,壬,乙,丁辛,己,庚,天冲,天輔,天英,天芮,天柱,天心,天蓬,天任,朱雀,勾陳,六合,太陰,螣蛇,直符,九天,九地,驚門,開門,休門,生門,傷門,杜門,景門,死門
陰8局壬辰,庚,巽,乾,天心,開門,午未,乙,丁辛,己,庚,丙,戊,癸,壬,丙,戊,癸,壬,乙,丁辛,己,庚,天英,天芮,天柱,天心,天蓬,天任,天冲,天輔,六合,太陰,螣蛇,直符,九天,九地,朱雀,勾陳,生門,傷門,杜門,景門,死門,驚門,開門,休門
陰8局癸巳,庚,震,乾,天心,開門,午未,丁辛,己,庚,丙,戊,癸,壬,乙,丙,戊,癸,壬,乙,丁辛,己,庚,天芮,天柱,天心,天蓬,天任,天冲,天輔,天英,太陰,螣蛇,直符,九天,九地,朱雀,勾陳,六合,休門,生門,傷門,杜門,景門,死門,驚門,開門
陰8局甲午,辛,坤,坤,天芮,死門,辰巳,丙,戊,癸,壬,乙,丁辛,己,庚,丙,戊,癸,壬,乙,丁辛,己,庚,天蓬,天任,天冲,天輔,天英,天芮,天柱,天心,朱雀,勾陳,六合,太陰,螣蛇,直符,九天,九地,休門,生門,傷門,杜門,景門,死門,驚門,開門
陰8局乙未,辛,離,坤,天芮,死門,辰巳,戊,癸,壬,乙,丁辛,己,庚,丙,丙,戊,癸,壬,乙,丁辛,己,庚,天任,天冲,天輔,天英,天芮,天柱,天心,天蓬,勾陳,六合,太陰,螣蛇,直符,九天,九地,朱雀,傷門,杜門,景門,死門,驚門,開門,休門,生門
陰8局丙申,辛,坎,坤,天芮,死門,辰巳,丁辛,己,庚,丙,戊,癸,壬,乙,丙,戊,癸,壬,乙,丁辛,己,庚,天芮,天柱,天心,天蓬,天任,天冲,天輔,天英,直符,九天,九地,朱雀,勾陳,六合,太陰,螣蛇,杜門,景門,死門,驚門,開門,休門,生門,傷門
陰8局丁酉,辛,坤,坤,天芮,死門,辰巳,丙,戊,癸,壬,乙,丁辛,己,庚,丙,戊,癸,壬,乙,丁辛,己,庚,天蓬,天任,天冲,天輔,天英,天芮,天柱,天心,朱雀,勾陳,六合,太陰,螣蛇,直符,九天,九地,休門,生門,傷門,杜門,景門,死門,驚門,開門
陰8局戊戌,辛,艮,坤,天芮,死門,辰巳,乙,丁辛,己,庚,丙,戊,癸,壬,丙,戊,癸,壬,乙,丁辛,己,庚,天英,天芮,天柱,天心,天蓬,天任,天冲,天輔,螣蛇,直符,九天,九地,朱雀,勾陳,六合,太陰,死門,驚門,開門,休門,生門,傷門,杜門,景門
陰8局己亥,辛,兌,坤,天芮,死門,辰巳,庚,丙,戊,癸,壬,乙,丁辛,己,丙,戊,癸,壬,乙,丁辛,己,庚,天心,天蓬,天任,天冲,天輔,天英,天芮,天柱,九地,朱雀,勾陳,六合,太陰,螣蛇,直符,九天,生門,傷門,杜門,景門,死門,驚門,開門,休門
陰8局庚子,辛,乾,坤,天芮,死門,辰巳,己,庚,丙,戊,癸,壬,乙,丁辛,丙,戊,癸,壬,乙,丁辛,己,庚,天柱,天心,天蓬,天任,天冲,天輔,天英,天芮,九天,九地,朱雀,勾陳,六合,太陰,螣蛇,直符,景門,死門,驚門,開門,休門,生門,傷門,杜門
陰8局辛丑,辛,坤,坤,天芮,死門,辰巳,丙,戊,癸,壬,乙,丁辛,己,庚,丙,戊,癸,壬,乙,丁辛,己,庚,天蓬,天任,天冲,天輔,天英,天芮,天柱,天心,朱雀,勾陳,六合,太陰,螣蛇,直符,九天,九地,開門,休門,生門,傷門,杜門,景門,死門,驚門
陰8局壬寅,辛,巽,坤,天芮,死門,辰巳,癸,壬,乙,丁辛,己,庚,丙,戊,丙,戊,癸,壬,乙,丁辛,己,庚,天冲,天輔,天英,天芮,天柱,天心,天蓬,天任,六合,太陰,螣蛇,直符,九天,九地,朱雀,勾陳,驚門,開門,休門,生門,傷門,杜門,景門,死門
陰8局癸卯,辛,震,坤,天芮,死門,辰巳,壬,乙,丁辛,己,庚,丙,戊,癸,丙,戊,癸,壬,乙,丁辛,己,庚,天輔,天英,天芮,天柱,天心,天蓬,天任,天冲,太陰,螣蛇,直符,九天,九地,朱雀,勾陳,六合,休門,生門,傷門,杜門,景門,死門,驚門,開門
陰8局甲辰,壬,巽,巽,天輔,杜門,寅卯,丙,戊,癸,壬,乙,丁辛,己,庚,丙,戊,癸,壬,乙,丁辛,己,庚,天蓬,天任,天冲,天輔,天英,天芮,天柱,天心,六合,太陰,螣蛇,直符,九天,九地,朱雀,勾陳,休門,生門,傷門,杜門,景門,死門,驚門,開門
陰8局乙巳,壬,離,巽,天輔,杜門,寅卯,庚,丙,戊,癸,壬,乙,丁辛,己,丙,戊,癸,壬,乙,丁辛,己,庚,天心,天蓬,天任,天冲,天輔,天英,天芮,天柱,勾陳,六合,太陰,螣蛇,直符,九天,九地,朱雀,生門,傷門,杜門,景門,死門,驚門,開門,休門
陰8局丙午,壬,坎,巽,天輔,杜門,寅卯,壬,乙,丁辛,己,庚,丙,戊,癸,丙,戊,癸,壬,乙,丁辛,己,庚,天輔,天英,天芮,天柱,天心,天蓬,天任,天冲,直符,九天,九地,朱雀,勾陳,六合,太陰,螣蛇,驚門,開門,休門,生門,傷門,杜門,景門,死門
陰8局丁未,壬,坤,巽,天輔,杜門,寅卯,己,庚,丙,戊,癸,壬,乙,丁辛,丙,戊,癸,壬,乙,丁辛,己,庚,天柱,天心,天蓬,天任,天冲,天輔,天英,天芮,朱雀,勾陳,六合,太陰,螣蛇,直符,九天,九地,杜門,景門,死門,驚門,開門,休門,生門,傷門
陰8局戊申,壬,艮,巽,天輔,杜門,寅卯,癸,壬,乙,丁辛,己,庚,丙,戊,丙,戊,癸,壬,乙,丁辛,己,庚,天冲,天輔,天英,天芮,天柱,天心,天蓬,天任,螣蛇,直符,九天,九地,朱雀,勾陳,六合,太陰,開門,休門,生門,傷門,杜門,景門,死門,驚門
陰8局己酉,壬,兌,巽,天輔,杜門,寅卯,丁辛,己,庚,丙,戊,癸,壬,乙,丙,戊,癸,壬,乙,丁辛,己,庚,天芮,天柱,天心,天蓬,天任,天冲,天輔,天英,九地,朱雀,勾陳,六合,太陰,螣蛇,直符,九天,傷門,杜門,景門,死門,驚門,開門,休門,生門
陰8局庚戌,壬,壬,巽,天輔,杜門,寅卯,乙,丁辛,己,庚,丙,戊,癸,壬,丙,戊,癸,壬,乙,丁辛,己,庚,天英,天芮,天柱,天心,天蓬,天任,天冲,天輔,九天,九地,朱雀,勾陳,六合,太陰,螣蛇,直符,死門,驚門,開門,休門,生門,傷門,杜門,景門
陰8局辛亥,壬,坤,巽,天輔,杜門,寅卯,己,庚,丙,戊,癸,壬,乙,丁辛,丙,戊,癸,壬,乙,丁辛,己,庚,天柱,天心,天蓬,天任,天冲,天輔,天英,天芮,朱雀,勾陳,六合,太陰,螣蛇,直符,九天,九地,景門,死門,驚門,開門,休門,生門,傷門,杜門
陰8局壬子,壬,巽,巽,天輔,杜門,寅卯,丙,戊,癸,壬,乙,丁辛,己,庚,丙,戊,癸,壬,乙,丁辛,己,庚,天蓬,天任,天冲,天輔,天英,天芮,天柱,天心,六合,太陰,螣蛇,直符,九天,九地,朱雀,勾陳,驚門,開門,休門,生門,傷門,杜門,景門,死門
陰8局癸丑,壬,震,巽,天輔,杜門,寅卯,戊,癸,壬,乙,丁辛,己,庚,丙,丙,戊,癸,壬,乙,丁辛,己,庚,天任,天冲,天輔,天英,天芮,天柱,天心,天蓬,太陰,螣蛇,直符,九天,九地,朱雀,勾陳,六合,休門,生門,傷門,杜門,景門,死門,驚門,開門
陰8局甲寅,癸,震,震,天冲,傷門,子丑,丙,戊,癸,壬,乙,丁辛,己,庚,丙,戊,癸,壬,乙,丁辛,己,庚,天蓬,天任,天冲,天輔,天英,天芮,天柱,天心,太陰,螣蛇,直符,九天,九地,朱雀,勾陳,六合,休門,生門,傷門,杜門,景門,死門,驚門,開門
陰8局乙卯,癸,離,震,天冲,傷門,子丑,己,庚,丙,戊,癸,壬,乙,丁辛,丙,戊,癸,壬,乙,丁辛,己,庚,天柱,天心,天蓬,天任,天冲,天輔,天英,天芮,勾陳,六合,太陰,螣蛇,直符,九天,九地,朱雀,死門,驚門,開門,休門,生門,傷門,杜門,景門
陰8局丙辰,癸,坎,震,天冲,傷門,子丑,癸,壬,乙,丁辛,己,庚,丙,戊,丙,戊,癸,壬,乙,丁辛,己,庚,天冲,天輔,天英,天芮,天柱,天心,天蓬,天任,直符,九天,九地,朱雀,勾陳,六合,太陰,螣蛇,傷門,杜門,景門,死門,驚門,開門,休門,生門
陰8局丁巳,癸,坤,震,天冲,傷門,子丑,丁辛,己,庚,丙,戊,癸,壬,乙,丙,戊,癸,壬,乙,丁辛,己,庚,天芮,天柱,天心,天蓬,天任,天冲,天輔,天英,朱雀,勾陳,六合,太陰,螣蛇,直符,九天,九地,驚門,開門,休門,生門,傷門,杜門,景門,死門
陰8局戊午,癸,艮,震,天冲,傷門,子丑,戊,癸,壬,乙,丁辛,己,庚,丙,丙,戊,癸,壬,乙,丁辛,己,庚,天任,天冲,天輔,天英,天芮,天柱,天心,天蓬,螣蛇,直符,九天,九地,朱雀,勾陳,六合,太陰,生門,傷門,杜門,景門,死門,驚門,開門,休門
陰8局己未,癸,兌,震,天冲,傷門,子丑,乙,丁辛,己,庚,丙,戊,癸,壬,丙,戊,癸,壬,乙,丁辛,己,庚,天英,天芮,天柱,天心,天蓬,天任,天冲,天輔,九地,朱雀,勾陳,六合,太陰,螣蛇,直符,九天,景門,死門,驚門,開門,休門,生門,傷門,杜門
陰8局庚申,癸,壬,震,天冲,傷門,子丑,壬,乙,丁辛,己,庚,丙,戊,癸,丙,戊,癸,壬,乙,丁辛,己,庚,天輔,天英,天芮,天柱,天心,天蓬,天任,天冲,九天,九地,朱雀,勾陳,六合,太陰,螣蛇,直符,杜門,景門,死門,驚門,開門,休門,生門,傷門
陰8局辛酉,癸,坤,震,天冲,傷門,子丑,丁辛,己,庚,丙,戊,癸,壬,乙,丙,戊,癸,壬,乙,丁辛,己,庚,天芮,天柱,天心,天蓬,天任,天冲,天輔,天英,朱雀,勾陳,六合,太陰,螣蛇,直符,九天,九地,死門,驚門,開門,休門,生門,傷門,杜門,景門
陰8局壬戌,癸,巽,震,天冲,傷門,子丑,庚,丙,戊,癸,壬,乙,丁辛,己,丙,戊,癸,壬,乙,丁辛,己,庚,天心,天蓬,天任,天冲,天輔,天英,天芮,天柱,六合,太陰,螣蛇,直符,九天,九地,朱雀,勾陳,開門,休門,生門,傷門,杜門,景門,死門,驚門
陰8局癸亥,癸,震,震,天冲,傷門,子丑,丙,戊,癸,壬,乙,丁辛,己,庚,丙,戊,癸,壬,乙,丁辛,己,庚,天蓬,天任,天冲,天輔,天英,天芮,天柱,天心,太陰,螣蛇,直符,九天,九地,朱雀,勾陳,六合,休門,生門,傷門,杜門,景門,死門,驚門,開門
陰9局甲子,戊,離,離,天英,景門,戌亥,乙,己,丁,癸,戊,丙壬,庚,辛,乙,己,丁,癸,戊,丙壬,庚,辛,天蓬,天任,天冲,天輔,天英,天芮,天柱,天心,勾陳,六合,太陰,螣蛇,直符,九天,九地,朱雀,休門,生門,傷門,杜門,景門,死門,驚門,開門
陰9局乙丑,戊,坎,離,天英,景門,戌亥,戊,丙壬,庚,辛,乙,己,丁,癸,乙,己,丁,癸,戊,丙壬,庚,辛,天英,天芮,天柱,天心,天蓬,天任,天冲,天輔,直符,九天,九地,朱雀,勾陳,六合,太陰,螣蛇,杜門,景門,死門,驚門,開門,休門,生門,傷門
陰9局丙寅,戊,坤,離,天英,景門,戌亥,辛,乙,己,丁,癸,戊,丙壬,庚,乙,己,丁,癸,戊,丙壬,庚,辛,天心,天蓬,天任,天冲,天輔,天英,天芮,天柱,朱雀,勾陳,六合,太陰,螣蛇,直符,九天,九地,驚門,開門,休門,生門,傷門,杜門,景門,死門
陰9局丁卯,戊,震,離,天英,景門,戌亥,丁,癸,戊,丙壬,庚,辛,乙,己,乙,己,丁,癸,戊,丙壬,庚,辛,天冲,天輔,天英,天芮,天柱,天心,天蓬,天任,太陰,螣蛇,直符,九天,九地,朱雀,勾陳,六合,死門,驚門,開門,休門,生門,傷門,杜門,景門
陰9局戊辰,戊,離,離,天英,景門,戌亥,乙,己,丁,癸,戊,丙壬,庚,辛,乙,己,丁,癸,戊,丙壬,庚,辛,天蓬,天任,天冲,天輔,天英,天芮,天柱,天心,勾陳,六合,太陰,螣蛇,直符,九天,九地,朱雀,開門,休門,生門,傷門,杜門,景門,死門,驚門
陰9局己巳,戊,艮,離,天英,景門,戌亥,癸,戊,丙壬,庚,辛,乙,己,丁,乙,己,丁,癸,戊,丙壬,庚,辛,天輔,天英,天芮,天柱,天心,天蓬,天任,天冲,螣蛇,直符,九天,九地,朱雀,勾陳,六合,太陰,生門,傷門,杜門,景門,死門,驚門,開門,休門
陰9局庚午,戊,兌,離,天英,景門,戌亥,庚,辛,乙,己,丁,癸,戊,丙壬,乙,己,丁,癸,戊,丙壬,庚,辛,天柱,天心,天蓬,天任,天冲,天輔,天英,天芮,九地,朱雀,勾陳,六合,太陰,螣蛇,直符,九天,傷門,杜門,景門,死門,驚門,開門,休門,生門
陰9局辛未,戊,壬,離,天英,景門,戌亥,丙壬,庚,辛,乙,己,丁,癸,戊,乙,己,丁,癸,戊,丙壬,庚,辛,天芮,天柱,天心,天蓬,天任,天冲,天輔,天英,九天,九地,朱雀,勾陳,六合,太陰,螣蛇,直符,開門,休門,生門,傷門,杜門,景門,死門,驚門
陰9局壬申,戊,坤,離,天英,景門,戌亥,辛,乙,己,丁,癸,戊,丙壬,庚,乙,己,丁,癸,戊,丙壬,庚,辛,天心,天蓬,天任,天冲,天輔,天英,天芮,天柱,朱雀,勾陳,六合,太陰,螣蛇,直符,九天,九地,景門,死門,驚門,開門,休門,生門,傷門,杜門
陰9局癸酉,戊,巽,離,天英,景門,戌亥,己,丁,癸,戊,丙壬,庚,辛,乙,乙,己,丁,癸,戊,丙壬,庚,辛,天任,天冲,天輔,天英,天芮,天柱,天心,天蓬,六合,太陰,螣蛇,直符,九天,九地,朱雀,勾陳,休門,生門,傷門,杜門,景門,死門,驚門,開門
陰9局甲戌,己,艮,艮,天任,生門,申酉,乙,己,丁,癸,戊,丙壬,庚,辛,乙,己,丁,癸,戊,丙壬,庚,辛,天蓬,天任,天冲,天輔,天英,天芮,天柱,天心,螣蛇,直符,九天,九地,朱雀,勾陳,六合,太陰,休門,生門,傷門,杜門,景門,死門,驚門,開門
陰9局乙亥,己,坎,艮,天任,生門,申酉,己,丁,癸,戊,丙壬,庚,辛,乙,乙,己,丁,癸,戊,丙壬,庚,辛,天任,天冲,天輔,天英,天芮,天柱,天心,天蓬,直符,九天,九地,朱雀,勾陳,六合,太陰,螣蛇,杜門,景門,死門,驚門,開門,休門,生門,傷門
陰9局丙子,己,坤,艮,天任,生門,申酉,戊,丙壬,庚,辛,乙,己,丁,癸,乙,己,丁,癸,戊,丙壬,庚,辛,天英,天芮,天柱,天心,天蓬,天任,天冲,天輔,朱雀,勾陳,六合,太陰,螣蛇,直符,九天,九地,傷門,杜門,景門,死門,驚門,開門,休門,生門
陰9局丁丑,己,震,艮,天任,生門,申酉,辛,乙,己,丁,癸,戊,丙壬,庚,乙,己,丁,癸,戊,丙壬,庚,辛,天心,天蓬,天任,天冲,天輔,天英,天芮,天柱,太陰,螣蛇,直符,九天,九地,朱雀,勾陳,六合,景門,死門,驚門,開門,休門,生門,傷門,杜門
陰9局戊寅,己,離,艮,天任,生門,申酉,丙壬,庚,辛,乙,己,丁,癸,戊,乙,己,丁,癸,戊,丙壬,庚,辛,天芮,天柱,天心,天蓬,天任,天冲,天輔,天英,勾陳,六合,太陰,螣蛇,直符,九天,九地,朱雀,驚門,開門,休門,生門,傷門,杜門,景門,死門
陰9局己卯,己,艮,艮,天任,生門,申酉,乙,己,丁,癸,戊,丙壬,庚,辛,乙,己,丁,癸,戊,丙壬,庚,辛,天蓬,天任,天冲,天輔,天英,天芮,天柱,天心,螣蛇,直符,九天,九地,朱雀,勾陳,六合,太陰,開門,休門,生門,傷門,杜門,景門,死門,驚門
陰9局庚辰,己,兌,艮,天任,生門,申酉,癸,戊,丙壬,庚,辛,乙,己,丁,乙,己,丁,癸,戊,丙壬,庚,辛,天輔,天英,天芮,天柱,天心,天蓬,天任,天冲,九地,朱雀,勾陳,六合,太陰,螣蛇,直符,九天,景門,死門,驚門,開門,休門,生門,傷門,杜門
陰9局辛巳,己,壬,艮,天任,生門,申酉,丁,癸,戊,丙壬,庚,辛,乙,己,乙,己,丁,癸,戊,丙壬,庚,辛,天冲,天輔,天英,天芮,天柱,天心,天蓬,天任,九天,九地,朱雀,勾陳,六合,太陰,螣蛇,直符,生門,傷門,杜門,景門,死門,驚門,開門,休門
陰9局壬午,己,坤,艮,天任,生門,申酉,戊,丙壬,庚,辛,乙,己,丁,癸,乙,己,丁,癸,戊,丙壬,庚,辛,天英,天芮,天柱,天心,天蓬,天任,天冲,天輔,朱雀,勾陳,六合,太陰,螣蛇,直符,九天,九地,死門,驚門,開門,休門,生門,傷門,杜門,景門
陰9局癸未,己,巽,艮,天任,生門,申酉,庚,辛,乙,己,丁,癸,戊,丙壬,乙,己,丁,癸,戊,丙壬,庚,辛,天柱,天心,天蓬,天任,天冲,天輔,天英,天芮,六合,太陰,螣蛇,直符,九天,九地,朱雀,勾陳,休門,生門,傷門,杜門,景門,死門,驚門,開門
陰9局甲申,庚,兌,兌,天柱,驚門,午未,乙,己,丁,癸,戊,丙壬,庚,辛,乙,己,丁,癸,戊,丙壬,庚,辛,天蓬,天任,天冲,天輔,天英,天芮,天柱,天心,九地,朱雀,勾陳,六合,太陰,螣蛇,直符,九天,休門,生門,傷門,杜門,景門,死門,驚門,開門
陰9局乙酉,庚,坎,兌,天柱,驚門,午未,庚,辛,乙,己,丁,癸,戊,丙壬,乙,己,丁,癸,戊,丙壬,庚,辛,天柱,天心,天蓬,天任,天冲,天輔,天英,天芮,直符,九天,九地,朱雀,勾陳,六合,太陰,螣蛇,開門,休門,生門,傷門,杜門,景門,死門,驚門
陰9局丙戌,庚,坤,兌,天柱,驚門,午未,己,丁,癸,戊,丙壬,庚,辛,乙,乙,己,丁,癸,戊,丙壬,庚,辛,天任,天冲,天輔,天英,天芮,天柱,天心,天蓬,朱雀,勾陳,六合,太陰,螣蛇,直符,九天,九地,生門,傷門,杜門,景門,死門,驚門,開門,休門
陰9局丁亥,庚,震,兌,天柱,驚門,午未,戊,丙壬,庚,辛,乙,己,丁,癸,乙,己,丁,癸,戊,丙壬,庚,辛,天英,天芮,天柱,天心,天蓬,天任,天冲,天輔,太陰,螣蛇,直符,九天,九地,朱雀,勾陳,六合,杜門,景門,死門,驚門,開門,休門,生門,傷門
陰9局戊子,庚,離,兌,天柱,驚門,午未,丁,癸,戊,丙壬,庚,辛,乙,己,乙,己,丁,癸,戊,丙壬,庚,辛,天冲,天輔,天英,天芮,天柱,天心,天蓬,天任,勾陳,六合,太陰,螣蛇,直符,九天,九地,朱雀,景門,死門,驚門,開門,休門,生門,傷門,杜門
陰9局己丑,庚,艮,兌,天柱,驚門,午未,丙壬,庚,辛,乙,己,丁,癸,戊,乙,己,丁,癸,戊,丙壬,庚,辛,天芮,天柱,天心,天蓬,天任,天冲,天輔,天英,螣蛇,直符,九天,九地,朱雀,勾陳,六合,太陰,生門,傷門,杜門,景門,死門,驚門,開門,休門
陰9局庚寅,庚,兌,兌,天柱,驚門,午未,乙,己,丁,癸,戊,丙壬,庚,辛,乙,己,丁,癸,戊,丙壬,庚,辛,天蓬,天任,天冲,天輔,天英,天芮,天柱,天心,九地,朱雀,勾陳,六合,太陰,螣蛇,直符,九天,驚門,開門,休門,生門,傷門,杜門,景門,死門
陰9局辛卯,庚,壬,兌,天柱,驚門,午未,辛,乙,己,丁,癸,戊,丙壬,庚,乙,己,丁,癸,戊,丙壬,庚,辛,天心,天蓬,天任,天冲,天輔,天英,天芮,天柱,九天,九地,朱雀,勾陳,六合,太陰,螣蛇,直符,傷門,杜門,景門,死門,驚門,開門,休門,生門
陰9局壬辰,庚,坤,兌,天柱,驚門,午未,己,丁,癸,戊,丙壬,庚,辛,乙,乙,己,丁,癸,戊,丙壬,庚,辛,天任,天冲,天輔,天英,天芮,天柱,天心,天蓬,朱雀,勾陳,六合,太陰,螣蛇,直符,九天,九地,死門,驚門,開門,休門,生門,傷門,杜門,景門
陰9局癸巳,庚,巽,兌,天柱,驚門,午未,癸,戊,丙壬,庚,辛,乙,己,丁,乙,己,丁,癸,戊,丙壬,庚,辛,天輔,天英,天芮,天柱,天心,天蓬,天任,天冲,六合,太陰,螣蛇,直符,九天,九地,朱雀,勾陳,休門,生門,傷門,杜門,景門,死門,驚門,開門
陰9局甲午,辛,壬,乾,天心,開門,辰巳,乙,己,丁,癸,戊,丙壬,庚,辛,乙,己,丁,癸,戊,丙壬,庚,辛,天蓬,天任,天冲,天輔,天英,天芮,天柱,天心,九天,九地,朱雀,勾陳,六合,太陰,螣蛇,直符,休門,生門,傷門,杜門,景門,死門,驚門,開門
陰9局乙未,辛,坎,乾,天心,開門,辰巳,辛,乙,己,丁,癸,戊,丙壬,庚,乙,己,丁,癸,戊,丙壬,庚,辛,天心,天蓬,天任,天冲,天輔,天英,天芮,天柱,直符,九天,九地,朱雀,勾陳,六合,太陰,螣蛇,傷門,杜門,景門,死門,驚門,開門,休門,生門
陰9局丙申,辛,坤,乾,天心,開門,辰巳,丁,癸,戊,丙壬,庚,辛,乙,己,乙,己,丁,癸,戊,丙壬,庚,辛,天冲,天輔,天英,天芮,天柱,天心,天蓬,天任,朱雀,勾陳,六合,太陰,螣蛇,直符,九天,九地,景門,死門,驚門,開門,休門,生門,傷門,杜門
陰9局丁酉,辛,震,乾,天心,開門,辰巳,丙壬,庚,辛,乙,己,丁,癸,戊,乙,己,丁,癸,戊,丙壬,庚,辛,天芮,天柱,天心,天蓬,天任,天冲,天輔,天英,太陰,螣蛇,直符,九天,九地,朱雀,勾陳,六合,死門,驚門,開門,休門,生門,傷門,杜門,景門
陰9局戊戌,辛,離,乾,天心,開門,辰巳,癸,戊,丙壬,庚,辛,乙,己,丁,乙,己,丁,癸,戊,丙壬,庚,辛,天輔,天英,天芮,天柱,天心,天蓬,天任,天冲,勾陳,六合,太陰,螣蛇,直符,九天,九地,朱雀,傷門,杜門,景門,死門,驚門,開門,休門,生門
陰9局己亥,辛,艮,乾,天心,開門,辰巳,庚,辛,乙,己,丁,癸,戊,丙壬,乙,己,丁,癸,戊,丙壬,庚,辛,天柱,天心,天蓬,天任,天冲,天輔,天英,天芮,螣蛇,直符,九天,九地,朱雀,勾陳,六合,太陰,開門,休門,生門,傷門,杜門,景門,死門,驚門
陰9局庚子,辛,兌,乾,天心,開門,辰巳,己,丁,癸,戊,丙壬,庚,辛,乙,乙,己,丁,癸,戊,丙壬,庚,辛,天任,天冲,天輔,天英,天芮,天柱,天心,天蓬,九地,朱雀,勾陳,六合,太陰,螣蛇,直符,九天,杜門,景門,死門,驚門,開門,休門,生門,傷門
陰9局辛丑,辛,壬,乾,天心,開門,辰巳,乙,己,丁,癸,戊,丙壬,庚,辛,乙,己,丁,癸,戊,丙壬,庚,辛,天蓬,天任,天冲,天輔,天英,天芮,天柱,天心,九天,九地,朱雀,勾陳,六合,太陰,螣蛇,直符,驚門,開門,休門,生門,傷門,杜門,景門,死門
陰9局壬寅,辛,坤,乾,天心,開門,辰巳,丁,癸,戊,丙壬,庚,辛,乙,己,乙,己,丁,癸,戊,丙壬,庚,辛,天冲,天輔,天英,天芮,天柱,天心,天蓬,天任,朱雀,勾陳,六合,太陰,螣蛇,直符,九天,九地,生門,傷門,杜門,景門,死門,驚門,開門,休門
陰9局癸卯,辛,巽,乾,天心,開門,辰巳,戊,丙壬,庚,辛,乙,己,丁,癸,乙,己,丁,癸,戊,丙壬,庚,辛,天英,天芮,天柱,天心,天蓬,天任,天冲,天輔,六合,太陰,螣蛇,直符,九天,九地,朱雀,勾陳,休門,生門,傷門,杜門,景門,死門,驚門,開門
陰9局甲辰,壬,坤,坤,天芮,死門,寅卯,乙,己,丁,癸,戊,丙壬,庚,辛,乙,己,丁,癸,戊,丙壬,庚,辛,天蓬,天任,天冲,天輔,天英,天芮,天柱,天心,朱雀,勾陳,六合,太陰,螣蛇,直符,九天,九地,休門,生門,傷門,杜門,景門,死門,驚門,開門
陰9局乙巳,壬,坎,坤,天芮,死門,寅卯,丙壬,庚,辛,乙,己,丁,癸,戊,乙,己,丁,癸,戊,丙壬,庚,辛,天芮,天柱,天心,天蓬,天任,天冲,天輔,天英,直符,九天,九地,朱雀,勾陳,六合,太陰,螣蛇,傷門,杜門,景門,死門,驚門,開門,休門,生門
陰9局丙午,壬,坤,坤,天芮,死門,寅卯,乙,己,丁,癸,戊,丙壬,庚,辛,乙,己,丁,癸,戊,丙壬,庚,辛,天蓬,天任,天冲,天輔,天英,天芮,天柱,天心,朱雀,勾陳,六合,太陰,螣蛇,直符,九天,九地,杜門,景門,死門,驚門,開門,休門,生門,傷門
陰9局丁未,壬,震,坤,天芮,死門,寅卯,癸,戊,丙壬,庚,辛,乙,己,丁,乙,己,丁,癸,戊,丙壬,庚,辛,天輔,天英,天芮,天柱,天心,天蓬,天任,天冲,太陰,螣蛇,直符,九天,九地,朱雀,勾陳,六合,休門,生門,傷門,杜門,景門,死門,驚門,開門
陰9局戊申,壬,離,坤,天芮,死門,寅卯,己,丁,癸,戊,丙壬,庚,辛,乙,乙,己,丁,癸,戊,丙壬,庚,辛,天任,天冲,天輔,天英,天芮,天柱,天心,天蓬,勾陳,六合,太陰,螣蛇,直符,九天,九地,朱雀,死門,驚門,開門,休門,生門,傷門,杜門,景門
陰9局己酉,壬,艮,坤,天芮,死門,寅卯,戊,丙壬,庚,辛,乙,己,丁,癸,乙,己,丁,癸,戊,丙壬,庚,辛,天英,天芮,天柱,天心,天蓬,天任,天冲,天輔,螣蛇,直符,九天,九地,朱雀,勾陳,六合,太陰,生門,傷門,杜門,景門,死門,驚門,開門,休門
陰9局庚戌,壬,兌,坤,天芮,死門,寅卯,辛,乙,己,丁,癸,戊,丙壬,庚,乙,己,丁,癸,戊,丙壬,庚,辛,天心,天蓬,天任,天冲,天輔,天英,天芮,天柱,九地,朱雀,勾陳,六合,太陰,螣蛇,直符,九天,景門,死門,驚門,開門,休門,生門,傷門,杜門
陰9局辛亥,壬,乾,坤,天芮,死門,寅卯,庚,辛,乙,己,丁,癸,戊,丙壬,乙,己,丁,癸,戊,丙壬,庚,辛,天柱,天心,天蓬,天任,天冲,天輔,天英,天芮,九天,九地,朱雀,勾陳,六合,太陰,螣蛇,直符,開門,休門,生門,傷門,杜門,景門,死門,驚門
陰9局壬子,壬,坤,坤,天芮,死門,寅卯,乙,己,丁,癸,戊,丙壬,庚,辛,乙,己,丁,癸,戊,丙壬,庚,辛,天蓬,天任,天冲,天輔,天英,天芮,天柱,天心,朱雀,勾陳,六合,太陰,螣蛇,直符,九天,九地,驚門,開門,休門,生門,傷門,杜門,景門,死門
陰9局癸丑,壬,巽,坤,天芮,死門,寅卯,丁,癸,戊,丙壬,庚,辛,乙,己,乙,己,丁,癸,戊,丙壬,庚,辛,天冲,天輔,天英,天芮,天柱,天心,天蓬,天任,六合,太陰,螣蛇,直符,九天,九地,朱雀,勾陳,休門,生門,傷門,杜門,景門,死門,驚門,開門
陰9局甲寅,癸,巽,巽,天輔,杜門,子丑,乙,己,丁,癸,戊,丙壬,庚,辛,乙,己,丁,癸,戊,丙壬,庚,辛,天蓬,天任,天冲,天輔,天英,天芮,天柱,天心,六合,太陰,螣蛇,直符,九天,九地,朱雀,勾陳,休門,生門,傷門,杜門,景門,死門,驚門,開門
陰9局乙卯,癸,坎,巽,天輔,杜門,子丑,癸,戊,丙壬,庚,辛,乙,己,丁,乙,己,丁,癸,戊,丙壬,庚,辛,天輔,天英,天芮,天柱,天心,天蓬,天任,天冲,直符,九天,九地,朱雀,勾陳,六合,太陰,螣蛇,生門,傷門,杜門,景門,死門,驚門,開門,休門
陰9局丙辰,癸,坤,巽,天輔,杜門,子丑,庚,辛,乙,己,丁,癸,戊,丙壬,乙,己,丁,癸,戊,丙壬,庚,辛,天柱,天心,天蓬,天任,天冲,天輔,天英,天芮,朱雀,勾陳,六合,太陰,螣蛇,直符,九天,九地,驚門,開門,休門,生門,傷門,杜門,景門,死門
陰9局丁巳,癸,震,巽,天輔,杜門,子丑,己,丁,癸,戊,丙壬,庚,辛,乙,乙,己,丁,癸,戊,丙壬,庚,辛,天任,天冲,天輔,天英,天芮,天柱,天心,天蓬,太陰,螣蛇,直符,九天,九地,朱雀,勾陳,六合,杜門,景門,死門,驚門,開門,休門,生門,傷門
陰9局戊午,癸,離,巽,天輔,杜門,子丑,辛,乙,己,丁,癸,戊,丙壬,庚,乙,己,丁,癸,戊,丙壬,庚,辛,天心,天蓬,天任,天冲,天輔,天英,天芮,天柱,勾陳,六合,太陰,螣蛇,直符,九天,九地,朱雀,開門,休門,生門,傷門,杜門,景門,死門,驚門
陰9局己未,癸,艮,巽,天輔,杜門,子丑,丁,癸,戊,丙壬,庚,辛,乙,己,乙,己,丁,癸,戊,丙壬,庚,辛,天冲,天輔,天英,天芮,天柱,天心,天蓬,天任,螣蛇,直符,九天,九地,朱雀,勾陳,六合,太陰,傷門,杜門,景門,死門,驚門,開門,休門,生門
陰9局庚申,癸,兌,巽,天輔,杜門,子丑,丙壬,庚,辛,乙,己,丁,癸,戊,乙,己,丁,癸,戊,丙壬,庚,辛,天芮,天柱,天心,天蓬,天任,天冲,天輔,天英,九地,朱雀,勾陳,六合,太陰,螣蛇,直符,九天,死門,驚門,開門,休門,生門,傷門,杜門,景門
陰9局辛酉,癸,壬,巽,天輔,杜門,子丑,戊,丙壬,庚,辛,乙,己,丁,癸,乙,己,丁,癸,戊,丙壬,庚,辛,天英,天芮,天柱,天心,天蓬,天任,天冲,天輔,九天,九地,朱雀,勾陳,六合,太陰,螣蛇,直符,景門,死門,驚門,開門,休門,生門,傷門,杜門
陰9局壬戌,癸,坤,巽,天輔,杜門,子丑,庚,辛,乙,己,丁,癸,戊,丙壬,乙,己,丁,癸,戊,丙壬,庚,辛,天柱,天心,天蓬,天任,天冲,天輔,天英,天芮,朱雀,勾陳,六合,太陰,螣蛇,直符,九天,九地,驚門,開門,休門,生門,傷門,杜門,景門,死門
陰9局癸亥,癸,巽,巽,天輔,杜門,子丑,乙,己,丁,癸,戊,丙壬,庚,辛,乙,己,丁,癸,戊,丙壬,庚,辛,天蓬,天任,天冲,天輔,天英,天芮,天柱,天心,六合,太陰,螣蛇,直符,九天,九地,朱雀,勾陳,休門,生門,傷門,杜門,景門,死門,驚門,開門
陽1局甲子,戊,坎,坎,天蓬,休門,戌亥,戊,丙,庚,辛,乙,己壬,丁,癸,戊,丙,庚,辛,乙,己壬,丁,癸,天蓬,天任,天冲,天輔,天英,天芮,天柱,天心,直符,螣蛇,太陰,六合,勾陳,朱雀,九地,九天,休門,生門,傷門,杜門,景門,死門,驚門,開門
陽1局乙丑,戊,離,坎,天蓬,休門,戌亥,乙,己壬,丁,癸,戊,丙,庚,辛,戊,丙,庚,辛,乙,己壬,丁,癸,天英,天芮,天柱,天心,天蓬,天任,天冲,天輔,勾陳,朱雀,九地,九天,直符,螣蛇,太陰,六合,杜門,景門,死門,驚門,開門,休門,生門,傷門
陽1局丙寅,戊,艮,坎,天蓬,休門,戌亥,癸,戊,丙,庚,辛,乙,己壬,丁,戊,丙,庚,辛,乙,己壬,丁,癸,天心,天蓬,天任,天冲,天輔,天英,天芮,天柱,九天,直符,螣蛇,太陰,六合,勾陳,朱雀,九地,驚門,開門,休門,生門,傷門,杜門,景門,死門
陽1局丁卯,戊,兌,坎,天蓬,休門,戌亥,庚,辛,乙,己壬,丁,癸,戊,丙,戊,丙,庚,辛,乙,己壬,丁,癸,天冲,天輔,天英,天芮,天柱,天心,天蓬,天任,太陰,六合,勾陳,朱雀,九地,九天,直符,螣蛇,死門,驚門,開門,休門,生門,傷門,杜門,景門
陽1局戊辰,戊,坎,坎,天蓬,休門,戌亥,戊,丙,庚,辛,乙,己壬,丁,癸,戊,丙,庚,辛,乙,己壬,丁,癸,天蓬,天任,天冲,天輔,天英,天芮,天柱,天心,直符,螣蛇,太陰,六合,勾陳,朱雀,九地,九天,杜門,景門,死門,驚門,開門,休門,生門,傷門
陽1局己巳,戊,坤,坎,天蓬,休門,戌亥,辛,乙,己壬,丁,癸,戊,丙,庚,戊,丙,庚,辛,乙,己壬,丁,癸,天輔,天英,天芮,天柱,天心,天蓬,天任,天冲,六合,勾陳,朱雀,九地,九天,直符,螣蛇,太陰,生門,傷門,杜門,景門,死門,驚門,開門,休門
陽1局庚午,戊,震,坎,天蓬,休門,戌亥,丁,癸,戊,丙,庚,辛,乙,己壬,戊,丙,庚,辛,乙,己壬,丁,癸,天柱,天心,天蓬,天任,天冲,天輔,天英,天芮,九地,九天,直符,螣蛇,太陰,六合,勾陳,朱雀,傷門,杜門,景門,死門,驚門,開門,休門,生門
陽1局辛未,戊,巽,坎,天蓬,休門,戌亥,己壬,丁,癸,戊,丙,庚,辛,乙,戊,丙,庚,辛,乙,己壬,丁,癸,天芮,天柱,天心,天蓬,天任,天冲,天輔,天英,朱雀,九地,九天,直符,螣蛇,太陰,六合,勾陳,開門,休門,生門,傷門,杜門,景門,死門,驚門
陽1局壬申,戊,坤,坎,天蓬,休門,戌亥,辛,乙,己壬,丁,癸,戊,丙,庚,戊,丙,庚,辛,乙,己壬,丁,癸,天輔,天英,天芮,天柱,天心,天蓬,天任,天冲,六合,勾陳,朱雀,九地,九天,直符,螣蛇,太陰,景門,死門,驚門,開門,休門,生門,傷門,杜門
陽1局癸酉,戊,壬,坎,天蓬,休門,戌亥,丙,庚,辛,乙,己壬,丁,癸,戊,戊,丙,庚,辛,乙,己壬,丁,癸,天任,天冲,天輔,天英,天芮,天柱,天心,天蓬,螣蛇,太陰,六合,勾陳,朱雀,九地,九天,直符,休門,生門,傷門,杜門,景門,死門,驚門,開門
陽1局甲戌,己,坤,坤,天芮,死門,申酉,戊,丙,庚,辛,乙,己壬,丁,癸,戊,丙,庚,辛,乙,己壬,丁,癸,天蓬,天任,天冲,天輔,天英,天芮,天柱,天心,六合,勾陳,朱雀,九地,九天,直符,螣蛇,太陰,休門,生門,傷門,杜門,景門,死門,驚門,開門
陽1局乙亥,己,離,坤,天芮,死門,申酉,丙,庚,辛,乙,己壬,丁,癸,戊,戊,丙,庚,辛,乙,己壬,丁,癸,天任,天冲,天輔,天英,天芮,天柱,天心,天蓬,勾陳,朱雀,九地,九天,直符,螣蛇,太陰,六合,杜門,景門,死門,驚門,開門,休門,生門,傷門
陽1局丙子,己,艮,坤,天芮,死門,申酉,乙,己壬,丁,癸,戊,丙,庚,辛,戊,丙,庚,辛,乙,己壬,丁,癸,天英,天芮,天柱,天心,天蓬,天任,天冲,天輔,九天,直符,螣蛇,太陰,六合,勾陳,朱雀,九地,傷門,杜門,景門,死門,驚門,開門,休門,生門
陽1局丁丑,己,兌,坤,天芮,死門,申酉,癸,戊,丙,庚,辛,乙,己壬,丁,戊,丙,庚,辛,乙,己壬,丁,癸,天心,天蓬,天任,天冲,天輔,天英,天芮,天柱,太陰,六合,勾陳,朱雀,九地,九天,直符,螣蛇,休門,生門,傷門,杜門,景門,死門,驚門,開門
陽1局戊寅,己,坎,坤,天芮,死門,申酉,己壬,丁,癸,戊,丙,庚,辛,乙,戊,丙,庚,辛,乙,己壬,丁,癸,天芮,天柱,天心,天蓬,天任,天冲,天輔,天英,直符,螣蛇,太陰,六合,勾陳,朱雀,九地,九天,驚門,開門,休門,生門,傷門,杜門,景門,死門
陽1局己卯,己,坤,坤,天芮,死門,申酉,戊,丙,庚,辛,乙,己壬,丁,癸,戊,丙,庚,辛,乙,己壬,丁,癸,天蓬,天任,天冲,天輔,天英,天芮,天柱,天心,六合,勾陳,朱雀,九地,九天,直符,螣蛇,太陰,開門,休門,生門,傷門,杜門,景門,死門,驚門
陽1局庚辰,己,震,坤,天芮,死門,申酉,辛,乙,己壬,丁,癸,戊,丙,庚,戊,丙,庚,辛,乙,己壬,丁,癸,天輔,天英,天芮,天柱,天心,天蓬,天任,天冲,九地,九天,直符,螣蛇,太陰,六合,勾陳,朱雀,景門,死門,驚門,開門,休門,生門,傷門,杜門
陽1局辛巳,己,巽,坤,天芮,死門,申酉,庚,辛,乙,己壬,丁,癸,戊,丙,戊,丙,庚,辛,乙,己壬,丁,癸,天冲,天輔,天英,天芮,天柱,天心,天蓬,天任,朱雀,九地,九天,直符,螣蛇,太陰,六合,勾陳,生門,傷門,杜門,景門,死門,驚門,開門,休門
陽1局壬午,己,坤,坤,天芮,死門,申酉,戊,丙,庚,辛,乙,己壬,丁,癸,戊,丙,庚,辛,乙,己壬,丁,癸,天蓬,天任,天冲,天輔,天英,天芮,天柱,天心,六合,勾陳,朱雀,九地,九天,直符,螣蛇,太陰,死門,驚門,開門,休門,生門,傷門,杜門,景門
陽1局癸未,己,壬,坤,天芮,死門,申酉,丁,癸,戊,丙,庚,辛,乙,己壬,戊,丙,庚,辛,乙,己壬,丁,癸,天柱,天心,天蓬,天任,天冲,天輔,天英,天芮,螣蛇,太陰,六合,勾陳,朱雀,九地,九天,直符,休門,生門,傷門,杜門,景門,死門,驚門,開門
陽1局甲申,庚,震,震,天冲,傷門,午未,戊,丙,庚,辛,乙,己壬,丁,癸,戊,丙,庚,辛,乙,己壬,丁,癸,天蓬,天任,天冲,天輔,天英,天芮,天柱,天心,九地,九天,直符,螣蛇,太陰,六合,勾陳,朱雀,休門,生門,傷門,杜門,景門,死門,驚門,開門
陽1局乙酉,庚,離,震,天冲,傷門,午未,丁,癸,戊,丙,庚,辛,乙,己壬,戊,丙,庚,辛,乙,己壬,丁,癸,天柱,天心,天蓬,天任,天冲,天輔,天英,天芮,勾陳,朱雀,九地,九天,直符,螣蛇,太陰,六合,開門,休門,生門,傷門,杜門,景門,死門,驚門
陽1局丙戌,庚,艮,震,天冲,傷門,午未,丙,庚,辛,乙,己壬,丁,癸,戊,戊,丙,庚,辛,乙,己壬,丁,癸,天任,天冲,天輔,天英,天芮,天柱,天心,天蓬,九天,直符,螣蛇,太陰,六合,勾陳,朱雀,九地,死門,驚門,開門,休門,生門,傷門,杜門,景門
陽1局丁亥,庚,兌,震,天冲,傷門,午未,乙,己壬,丁,癸,戊,丙,庚,辛,戊,丙,庚,辛,乙,己壬,丁,癸,天英,天芮,天柱,天心,天蓬,天任,天冲,天輔,太陰,六合,勾陳,朱雀,九地,九天,直符,螣蛇,杜門,景門,死門,驚門,開門,休門,生門,傷門
陽1局戊子,庚,坎,震,天冲,傷門,午未,庚,辛,乙,己壬,丁,癸,戊,丙,戊,丙,庚,辛,乙,己壬,丁,癸,天冲,天輔,天英,天芮,天柱,天心,天蓬,天任,直符,螣蛇,太陰,六合,勾陳,朱雀,九地,九天,景門,死門,驚門,開門,休門,生門,傷門,杜門
陽1局己丑,庚,坤,震,天冲,傷門,午未,己壬,丁,癸,戊,丙,庚,辛,乙,戊,丙,庚,辛,乙,己壬,丁,癸,天芮,天柱,天心,天蓬,天任,天冲,天輔,天英,六合,勾陳,朱雀,九地,九天,直符,螣蛇,太陰,生門,傷門,杜門,景門,死門,驚門,開門,休門
陽1局庚寅,庚,震,震,天冲,傷門,午未,戊,丙,庚,辛,乙,己壬,丁,癸,戊,丙,庚,辛,乙,己壬,丁,癸,天蓬,天任,天冲,天輔,天英,天芮,天柱,天心,九地,九天,直符,螣蛇,太陰,六合,勾陳,朱雀,驚門,開門,休門,生門,傷門,杜門,景門,死門
陽1局辛卯,庚,巽,震,天冲,傷門,午未,癸,戊,丙,庚,辛,乙,己壬,丁,戊,丙,庚,辛,乙,己壬,丁,癸,天心,天蓬,天任,天冲,天輔,天英,天芮,天柱,朱雀,九地,九天,直符,螣蛇,太陰,六合,勾陳,傷門,杜門,景門,死門,驚門,開門,休門,生門
陽1局壬辰,庚,坤,震,天冲,傷門,午未,己壬,丁,癸,戊,丙,庚,辛,乙,戊,丙,庚,辛,乙,己壬,丁,癸,天芮,天柱,天心,天蓬,天任,天冲,天輔,天英,六合,勾陳,朱雀,九地,九天,直符,螣蛇,太陰,死門,驚門,開門,休門,生門,傷門,杜門,景門
陽1局癸巳,庚,壬,震,天冲,傷門,午未,辛,乙,己壬,丁,癸,戊,丙,庚,戊,丙,庚,辛,乙,己壬,丁,癸,天輔,天英,天芮,天柱,天心,天蓬,天任,天冲,螣蛇,太陰,六合,勾陳,朱雀,九地,九天,直符,休門,生門,傷門,杜門,景門,死門,驚門,開門
陽1局甲午,辛,巽,巽,天輔,杜門,辰巳,戊,丙,庚,辛,乙,己壬,丁,癸,戊,丙,庚,辛,乙,己壬,丁,癸,天蓬,天任,天冲,天輔,天英,天芮,天柱,天心,朱雀,九地,九天,直符,螣蛇,太陰,六合,勾陳,休門,生門,傷門,杜門,景門,死門,驚門,開門
陽1局乙未,辛,離,巽,天輔,杜門,辰巳,癸,戊,丙,庚,辛,乙,己壬,丁,戊,丙,庚,辛,乙,己壬,丁,癸,天心,天蓬,天任,天冲,天輔,天英,天芮,天柱,勾陳,朱雀,九地,九天,直符,螣蛇,太陰,六合,驚門,開門,休門,生門,傷門,杜門,景門,死門
陽1局丙申,辛,艮,巽,天輔,杜門,辰巳,庚,辛,乙,己壬,丁,癸,戊,丙,戊,丙,庚,辛,乙,己壬,丁,癸,天冲,天輔,天英,天芮,天柱,天心,天蓬,天任,九天,直符,螣蛇,太陰,六合,勾陳,朱雀,九地,景門,死門,驚門,開門,休門,生門,傷門,杜門
陽1局丁酉,辛,兌,巽,天輔,杜門,辰巳,己壬,丁,癸,戊,丙,庚,辛,乙,戊,丙,庚,辛,乙,己壬,丁,癸,天芮,天柱,天心,天蓬,天任,天冲,天輔,天英,太陰,六合,勾陳,朱雀,九地,九天,直符,螣蛇,死門,驚門,開門,休門,生門,傷門,杜門,景門
陽1局戊戌,辛,坎,巽,天輔,杜門,辰巳,辛,乙,己壬,丁,癸,戊,丙,庚,戊,丙,庚,辛,乙,己壬,丁,癸,天輔,天英,天芮,天柱,天心,天蓬,天任,天冲,直符,螣蛇,太陰,六合,勾陳,朱雀,九地,九天,傷門,杜門,景門,死門,驚門,開門,休門,生門
陽1局己亥,辛,坤,巽,天輔,杜門,辰巳,丁,癸,戊,丙,庚,辛,乙,己壬,戊,丙,庚,辛,乙,己壬,丁,癸,天柱,天心,天蓬,天任,天冲,天輔,天英,天芮,六合,勾陳,朱雀,九地,九天,直符,螣蛇,太陰,開門,休門,生門,傷門,杜門,景門,死門,驚門
陽1局庚子,辛,震,巽,天輔,杜門,辰巳,丙,庚,辛,乙,己壬,丁,癸,戊,戊,丙,庚,辛,乙,己壬,丁,癸,天任,天冲,天輔,天英,天芮,天柱,天心,天蓬,九地,九天,直符,螣蛇,太陰,六合,勾陳,朱雀,杜門,景門,死門,驚門,開門,休門,生門,傷門
陽1局辛丑,辛,巽,巽,天輔,杜門,辰巳,戊,丙,庚,辛,乙,己壬,丁,癸,戊,丙,庚,辛,乙,己壬,丁,癸,天蓬,天任,天冲,天輔,天英,天芮,天柱,天心,朱雀,九地,九天,直符,螣蛇,太陰,六合,勾陳,驚門,開門,休門,生門,傷門,杜門,景門,死門
陽1局壬寅,辛,坤,巽,天輔,杜門,辰巳,丁,癸,戊,丙,庚,辛,乙,己壬,戊,丙,庚,辛,乙,己壬,丁,癸,天柱,天心,天蓬,天任,天冲,天輔,天英,天芮,六合,勾陳,朱雀,九地,九天,直符,螣蛇,太陰,生門,傷門,杜門,景門,死門,驚門,開門,休門
陽1局癸卯,辛,壬,巽,天輔,杜門,辰巳,乙,己壬,丁,癸,戊,丙,庚,辛,戊,丙,庚,辛,乙,己壬,丁,癸,天英,天芮,天柱,天心,天蓬,天任,天冲,天輔,螣蛇,太陰,六合,勾陳,朱雀,九地,九天,直符,休門,生門,傷門,杜門,景門,死門,驚門,開門
陽1局甲辰,壬,坤,坤,天芮,死門,寅卯,戊,丙,庚,辛,乙,己壬,丁,癸,戊,丙,庚,辛,乙,己壬,丁,癸,天蓬,天任,天冲,天輔,天英,天芮,天柱,天心,六合,勾陳,朱雀,九地,九天,直符,螣蛇,太陰,休門,生門,傷門,杜門,景門,死門,驚門,開門
陽1局乙巳,壬,離,坤,天芮,死門,寅卯,丙,庚,辛,乙,己壬,丁,癸,戊,戊,丙,庚,辛,乙,己壬,丁,癸,天任,天冲,天輔,天英,天芮,天柱,天心,天蓬,勾陳,朱雀,九地,九天,直符,螣蛇,太陰,六合,驚門,開門,休門,生門,傷門,杜門,景門,死門
陽1局丙午,壬,艮,坤,天芮,死門,寅卯,乙,己壬,丁,癸,戊,丙,庚,辛,戊,丙,庚,辛,乙,己壬,丁,癸,天英,天芮,天柱,天心,天蓬,天任,天冲,天輔,九天,直符,螣蛇,太陰,六合,勾陳,朱雀,九地,開門,休門,生門,傷門,杜門,景門,死門,驚門
陽1局丁未,壬,兌,坤,天芮,死門,寅卯,癸,戊,丙,庚,辛,乙,己壬,丁,戊,丙,庚,辛,乙,己壬,丁,癸,天心,天蓬,天任,天冲,天輔,天英,天芮,天柱,太陰,六合,勾陳,朱雀,九地,九天,直符,螣蛇,景門,死門,驚門,開門,休門,生門,傷門,杜門
陽1局戊申,壬,坎,坤,天芮,死門,寅卯,己壬,丁,癸,戊,丙,庚,辛,乙,戊,丙,庚,辛,乙,己壬,丁,癸,天芮,天柱,天心,天蓬,天任,天冲,天輔,天英,直符,螣蛇,太陰,六合,勾陳,朱雀,九地,九天,生門,傷門,杜門,景門,死門,驚門,開門,休門
陽1局己酉,壬,坤,坤,天芮,死門,寅卯,戊,丙,庚,辛,乙,己壬,丁,癸,戊,丙,庚,辛,乙,己壬,丁,癸,天蓬,天任,天冲,天輔,天英,天芮,天柱,天心,六合,勾陳,朱雀,九地,九天,直符,螣蛇,太陰,死門,驚門,開門,休門,生門,傷門,杜門,景門
陽1局庚戌,壬,震,坤,天芮,死門,寅卯,辛,乙,己壬,丁,癸,戊,丙,庚,戊,丙,庚,辛,乙,己壬,丁,癸,天輔,天英,天芮,天柱,天心,天蓬,天任,天冲,九地,九天,直符,螣蛇,太陰,六合,勾陳,朱雀,休門,生門,傷門,杜門,景門,死門,驚門,開門
陽1局辛亥,壬,巽,坤,天芮,死門,寅卯,庚,辛,乙,己壬,丁,癸,戊,丙,戊,丙,庚,辛,乙,己壬,丁,癸,天冲,天輔,天英,天芮,天柱,天心,天蓬,天任,朱雀,九地,九天,直符,螣蛇,太陰,六合,勾陳,杜門,景門,死門,驚門,開門,休門,生門,傷門
陽1局壬子,壬,坤,坤,天芮,死門,寅卯,戊,丙,庚,辛,乙,己壬,丁,癸,戊,丙,庚,辛,乙,己壬,丁,癸,天蓬,天任,天冲,天輔,天英,天芮,天柱,天心,六合,勾陳,朱雀,九地,九天,直符,螣蛇,太陰,傷門,杜門,景門,死門,驚門,開門,休門,生門
陽1局癸丑,壬,乾,坤,天芮,死門,寅卯,丁,癸,戊,丙,庚,辛,乙,己壬,戊,丙,庚,辛,乙,己壬,丁,癸,天柱,天心,天蓬,天任,天冲,天輔,天英,天芮,螣蛇,太陰,六合,勾陳,朱雀,九地,九天,直符,休門,生門,傷門,杜門,景門,死門,驚門,開門
陽1局甲寅,癸,壬,乾,天心,開門,子丑,戊,丙,庚,辛,乙,己壬,丁,癸,戊,丙,庚,辛,乙,己壬,丁,癸,天蓬,天任,天冲,天輔,天英,天芮,天柱,天心,螣蛇,太陰,六合,勾陳,朱雀,九地,九天,直符,休門,生門,傷門,杜門,景門,死門,驚門,開門
陽1局乙卯,癸,離,乾,天心,開門,子丑,辛,乙,己壬,丁,癸,戊,丙,庚,戊,丙,庚,辛,乙,己壬,丁,癸,天輔,天英,天芮,天柱,天心,天蓬,天任,天冲,勾陳,朱雀,九地,九天,直符,螣蛇,太陰,六合,生門,傷門,杜門,景門,死門,驚門,開門,休門
陽1局丙辰,癸,艮,乾,天心,開門,子丑,丁,癸,戊,丙,庚,辛,乙,己壬,戊,丙,庚,辛,乙,己壬,丁,癸,天柱,天心,天蓬,天任,天冲,天輔,天英,天芮,九天,直符,螣蛇,太陰,六合,勾陳,朱雀,九地,驚門,開門,休門,生門,傷門,杜門,景門,死門
陽1局丁巳,癸,兌,乾,天心,開門,子丑,丙,庚,辛,乙,己壬,丁,癸,戊,戊,丙,庚,辛,乙,己壬,丁,癸,天任,天冲,天輔,天英,天芮,天柱,天心,天蓬,太陰,六合,勾陳,朱雀,九地,九天,直符,螣蛇,杜門,景門,死門,驚門,開門,休門,生門,傷門
陽1局戊午,癸,坎,乾,天心,開門,子丑,癸,戊,丙,庚,辛,乙,己壬,丁,戊,丙,庚,辛,乙,己壬,丁,癸,天心,天蓬,天任,天冲,天輔,天英,天芮,天柱,直符,螣蛇,太陰,六合,勾陳,朱雀,九地,九天,開門,休門,生門,傷門,杜門,景門,死門,驚門
陽1局己未,癸,坤,乾,天心,開門,子丑,庚,辛,乙,己壬,丁,癸,戊,丙,戊,丙,庚,辛,乙,己壬,丁,癸,天冲,天輔,天英,天芮,天柱,天心,天蓬,天任,六合,勾陳,朱雀,九地,九天,直符,螣蛇,太陰,傷門,杜門,景門,死門,驚門,開門,休門,生門
陽1局庚申,癸,震,乾,天心,開門,子丑,己壬,丁,癸,戊,丙,庚,辛,乙,戊,丙,庚,辛,乙,己壬,丁,癸,天芮,天柱,天心,天蓬,天任,天冲,天輔,天英,九地,九天,直符,螣蛇,太陰,六合,勾陳,朱雀,死門,驚門,開門,休門,生門,傷門,杜門,景門
陽1局辛酉,癸,巽,乾,天心,開門,子丑,乙,己壬,丁,癸,戊,丙,庚,辛,戊,丙,庚,辛,乙,己壬,丁,癸,天英,天芮,天柱,天心,天蓬,天任,天冲,天輔,朱雀,九地,九天,直符,螣蛇,太陰,六合,勾陳,景門,死門,驚門,開門,休門,生門,傷門,杜門
陽1局壬戌,癸,坤,乾,天心,開門,子丑,庚,辛,乙,己壬,丁,癸,戊,丙,戊,丙,庚,辛,乙,己壬,丁,癸,天冲,天輔,天英,天芮,天柱,天心,天蓬,天任,六合,勾陳,朱雀,九地,九天,直符,螣蛇,太陰,傷門,杜門,景門,死門,驚門,開門,休門,生門
陽1局癸亥,癸,壬,乾,天心,開門,子丑,戊,丙,庚,辛,乙,己壬,丁,癸,戊,丙,庚,辛,乙,己壬,丁,癸,天蓬,天任,天冲,天輔,天英,天芮,天柱,天心,螣蛇,太陰,六合,勾陳,朱雀,九地,九天,直符,休門,生門,傷門,杜門,景門,死門,驚門,開門
陽2局甲子,戊,坤,坤,天芮,死門,戌亥,乙,丁,己,庚,丙,戊辛,癸,壬,乙,丁,己,庚,丙,戊辛,癸,壬,天蓬,天任,天冲,天輔,天英,天芮,天柱,天心,六合,勾陳,朱雀,九地,九天,直符,螣蛇,太陰,休門,生門,傷門,杜門,景門,死門,驚門,開門
陽2局乙丑,戊,坎,坤,天芮,死門,戌亥,戊辛,癸,壬,乙,丁,己,庚,丙,乙,丁,己,庚,丙,戊辛,癸,壬,天芮,天柱,天心,天蓬,天任,天冲,天輔,天英,直符,螣蛇,太陰,六合,勾陳,朱雀,九地,九天,杜門,景門,死門,驚門,開門,休門,生門,傷門
陽2局丙寅,戊,離,坤,天芮,死門,戌亥,丁,己,庚,丙,戊辛,癸,壬,乙,乙,丁,己,庚,丙,戊辛,癸,壬,天任,天冲,天輔,天英,天芮,天柱,天心,天蓬,勾陳,朱雀,九地,九天,直符,螣蛇,太陰,六合,傷門,杜門,景門,死門,驚門,開門,休門,生門
陽2局丁卯,戊,艮,坤,天芮,死門,戌亥,丙,戊辛,癸,壬,乙,丁,己,庚,乙,丁,己,庚,丙,戊辛,癸,壬,天英,天芮,天柱,天心,天蓬,天任,天冲,天輔,九天,直符,螣蛇,太陰,六合,勾陳,朱雀,九地,休門,生門,傷門,杜門,景門,死門,驚門,開門
陽2局戊辰,戊,坤,坤,天芮,死門,戌亥,乙,丁,己,庚,丙,戊辛,癸,壬,乙,丁,己,庚,丙,戊辛,癸,壬,天蓬,天任,天冲,天輔,天英,天芮,天柱,天心,六合,勾陳,朱雀,九地,九天,直符,螣蛇,太陰,驚門,開門,休門,生門,傷門,杜門,景門,死門
陽2局己巳,戊,震,坤,天芮,死門,戌亥,庚,丙,戊辛,癸,壬,乙,丁,己,乙,丁,己,庚,丙,戊辛,癸,壬,天輔,天英,天芮,天柱,天心,天蓬,天任,天冲,九地,九天,直符,螣蛇,太陰,六合,勾陳,朱雀,開門,休門,生門,傷門,杜門,景門,死門,驚門
陽2局庚午,戊,巽,坤,天芮,死門,戌亥,己,庚,丙,戊辛,癸,壬,乙,丁,乙,丁,己,庚,丙,戊辛,癸,壬,天冲,天輔,天英,天芮,天柱,天心,天蓬,天任,朱雀,九地,九天,直符,螣蛇,太陰,六合,勾陳,景門,死門,驚門,開門,休門,生門,傷門,杜門
陽2局辛未,戊,坤,坤,天芮,死門,戌亥,乙,丁,己,庚,丙,戊辛,癸,壬,乙,丁,己,庚,丙,戊辛,癸,壬,天蓬,天任,天冲,天輔,天英,天芮,天柱,天心,六合,勾陳,朱雀,九地,九天,直符,螣蛇,太陰,生門,傷門,杜門,景門,死門,驚門,開門,休門
陽2局壬申,戊,壬,坤,天芮,死門,戌亥,癸,壬,乙,丁,己,庚,丙,戊辛,乙,丁,己,庚,丙,戊辛,癸,壬,天柱,天心,天蓬,天任,天冲,天輔,天英,天芮,螣蛇,太陰,六合,勾陳,朱雀,九地,九天,直符,死門,驚門,開門,休門,生門,傷門,杜門,景門
陽2局癸酉,戊,兌,坤,天芮,死門,戌亥,壬,乙,丁,己,庚,丙,戊辛,癸,乙,丁,己,庚,丙,戊辛,癸,壬,天心,天蓬,天任,天冲,天輔,天英,天芮,天柱,太陰,六合,勾陳,朱雀,九地,九天,直符,螣蛇,休門,生門,傷門,杜門,景門,死門,驚門,開門
陽2局甲戌,己,震,震,天冲,傷門,申酉,乙,丁,己,庚,丙,戊辛,癸,壬,乙,丁,己,庚,丙,戊辛,癸,壬,天蓬,天任,天冲,天輔,天英,天芮,天柱,天心,九地,九天,直符,螣蛇,太陰,六合,勾陳,朱雀,休門,生門,傷門,杜門,景門,死門,驚門,開門
陽2局乙亥,己,坎,震,天冲,傷門,申酉,己,庚,丙,戊辛,癸,壬,乙,丁,乙,丁,己,庚,丙,戊辛,癸,壬,天冲,天輔,天英,天芮,天柱,天心,天蓬,天任,直符,螣蛇,太陰,六合,勾陳,朱雀,九地,九天,開門,休門,生門,傷門,杜門,景門,死門,驚門
陽2局丙子,己,離,震,天冲,傷門,申酉,癸,壬,乙,丁,己,庚,丙,戊辛,乙,丁,己,庚,丙,戊辛,癸,壬,天柱,天心,天蓬,天任,天冲,天輔,天英,天芮,勾陳,朱雀,九地,九天,直符,螣蛇,太陰,六合,死門,驚門,開門,休門,生門,傷門,杜門,景門
陽2局丁丑,己,艮,震,天冲,傷門,申酉,丁,己,庚,丙,戊辛,癸,壬,乙,乙,丁,己,庚,丙,戊辛,癸,壬,天任,天冲,天輔,天英,天芮,天柱,天心,天蓬,九天,直符,螣蛇,太陰,六合,勾陳,朱雀,九地,杜門,景門,死門,驚門,開門,休門,生門,傷門
陽2局戊寅,己,坤,震,天冲,傷門,申酉,戊辛,癸,壬,乙,丁,己,庚,丙,乙,丁,己,庚,丙,戊辛,癸,壬,天芮,天柱,天心,天蓬,天任,天冲,天輔,天英,六合,勾陳,朱雀,九地,九天,直符,螣蛇,太陰,景門,死門,驚門,開門,休門,生門,傷門,杜門
陽2局己卯,己,震,震,天冲,傷門,申酉,乙,丁,己,庚,丙,戊辛,癸,壬,乙,丁,己,庚,丙,戊辛,癸,壬,天蓬,天任,天冲,天輔,天英,天芮,天柱,天心,九地,九天,直符,螣蛇,太陰,六合,勾陳,朱雀,生門,傷門,杜門,景門,死門,驚門,開門,休門
陽2局庚辰,己,巽,震,天冲,傷門,申酉,壬,乙,丁,己,庚,丙,戊辛,癸,乙,丁,己,庚,丙,戊辛,癸,壬,天心,天蓬,天任,天冲,天輔,天英,天芮,天柱,朱雀,九地,九天,直符,螣蛇,太陰,六合,勾陳,驚門,開門,休門,生門,傷門,杜門,景門,死門
陽2局辛巳,己,坤,震,天冲,傷門,申酉,戊辛,癸,壬,乙,丁,己,庚,丙,乙,丁,己,庚,丙,戊辛,癸,壬,天芮,天柱,天心,天蓬,天任,天冲,天輔,天英,六合,勾陳,朱雀,九地,九天,直符,螣蛇,太陰,傷門,杜門,景門,死門,驚門,開門,休門,生門
陽2局壬午,己,壬,震,天冲,傷門,申酉,庚,丙,戊辛,癸,壬,乙,丁,己,乙,丁,己,庚,丙,戊辛,癸,壬,天輔,天英,天芮,天柱,天心,天蓬,天任,天冲,螣蛇,太陰,六合,勾陳,朱雀,九地,九天,直符,死門,驚門,開門,休門,生門,傷門,杜門,景門
陽2局癸未,己,兌,震,天冲,傷門,申酉,丙,戊辛,癸,壬,乙,丁,己,庚,乙,丁,己,庚,丙,戊辛,癸,壬,天英,天芮,天柱,天心,天蓬,天任,天冲,天輔,太陰,六合,勾陳,朱雀,九地,九天,直符,螣蛇,休門,生門,傷門,杜門,景門,死門,驚門,開門
陽2局甲申,庚,巽,巽,天輔,杜門,午未,乙,丁,己,庚,丙,戊辛,癸,壬,乙,丁,己,庚,丙,戊辛,癸,壬,天蓬,天任,天冲,天輔,天英,天芮,天柱,天心,朱雀,九地,九天,直符,螣蛇,太陰,六合,勾陳,休門,生門,傷門,杜門,景門,死門,驚門,開門
陽2局乙酉,庚,坎,巽,天輔,杜門,午未,庚,丙,戊辛,癸,壬,乙,丁,己,乙,丁,己,庚,丙,戊辛,癸,壬,天輔,天英,天芮,天柱,天心,天蓬,天任,天冲,直符,螣蛇,太陰,六合,勾陳,朱雀,九地,九天,驚門,開門,休門,生門,傷門,杜門,景門,死門
陽2局丙戌,庚,離,巽,天輔,杜門,午未,壬,乙,丁,己,庚,丙,戊辛,癸,乙,丁,己,庚,丙,戊辛,癸,壬,天心,天蓬,天任,天冲,天輔,天英,天芮,天柱,勾陳,朱雀,九地,九天,直符,螣蛇,太陰,六合,景門,死門,驚門,開門,休門,生門,傷門,杜門
陽2局丁亥,庚,艮,巽,天輔,杜門,午未,己,庚,丙,戊辛,癸,壬,乙,丁,乙,丁,己,庚,丙,戊辛,癸,壬,天冲,天輔,天英,天芮,天柱,天心,天蓬,天任,九天,直符,螣蛇,太陰,六合,勾陳,朱雀,九地,死門,驚門,開門,休門,生門,傷門,杜門,景門
陽2局戊子,庚,坤,巽,天輔,杜門,午未,癸,壬,乙,丁,己,庚,丙,戊辛,乙,丁,己,庚,丙,戊辛,癸,壬,天柱,天心,天蓬,天任,天冲,天輔,天英,天芮,六合,勾陳,朱雀,九地,九天,直符,螣蛇,太陰,傷門,杜門,景門,死門,驚門,開門,休門,生門
陽2局己丑,庚,震,巽,天輔,杜門,午未,丁,己,庚,丙,戊辛,癸,壬,乙,乙,丁,己,庚,丙,戊辛,癸,壬,天任,天冲,天輔,天英,天芮,天柱,天心,天蓬,九地,九天,直符,螣蛇,太陰,六合,勾陳,朱雀,開門,休門,生門,傷門,杜門,景門,死門,驚門
陽2局庚寅,庚,巽,巽,天輔,杜門,午未,乙,丁,己,庚,丙,戊辛,癸,壬,乙,丁,己,庚,丙,戊辛,癸,壬,天蓬,天任,天冲,天輔,天英,天芮,天柱,天心,朱雀,九地,九天,直符,螣蛇,太陰,六合,勾陳,杜門,景門,死門,驚門,開門,休門,生門,傷門
陽2局辛卯,庚,坤,巽,天輔,杜門,午未,癸,壬,乙,丁,己,庚,丙,戊辛,乙,丁,己,庚,丙,戊辛,癸,壬,天柱,天心,天蓬,天任,天冲,天輔,天英,天芮,六合,勾陳,朱雀,九地,九天,直符,螣蛇,太陰,驚門,開門,休門,生門,傷門,杜門,景門,死門
陽2局壬辰,庚,壬,巽,天輔,杜門,午未,丙,戊辛,癸,壬,乙,丁,己,庚,乙,丁,己,庚,丙,戊辛,癸,壬,天英,天芮,天柱,天心,天蓬,天任,天冲,天輔,螣蛇,太陰,六合,勾陳,朱雀,九地,九天,直符,生門,傷門,杜門,景門,死門,驚門,開門,休門
陽2局癸巳,庚,兌,巽,天輔,杜門,午未,戊辛,癸,壬,乙,丁,己,庚,丙,乙,丁,己,庚,丙,戊辛,癸,壬,天芮,天柱,天心,天蓬,天任,天冲,天輔,天英,太陰,六合,勾陳,朱雀,九地,九天,直符,螣蛇,休門,生門,傷門,杜門,景門,死門,驚門,開門
陽2局甲午,辛,坤,坤,天芮,死門,辰巳,乙,丁,己,庚,丙,戊辛,癸,壬,乙,丁,己,庚,丙,戊辛,癸,壬,天蓬,天任,天冲,天輔,天英,天芮,天柱,天心,六合,勾陳,朱雀,九地,九天,直符,螣蛇,太陰,休門,生門,傷門,杜門,景門,死門,驚門,開門
陽2局乙未,辛,坎,坤,天芮,死門,辰巳,戊辛,癸,壬,乙,丁,己,庚,丙,乙,丁,己,庚,丙,戊辛,癸,壬,天芮,天柱,天心,天蓬,天任,天冲,天輔,天英,直符,螣蛇,太陰,六合,勾陳,朱雀,九地,九天,驚門,開門,休門,生門,傷門,杜門,景門,死門
陽2局丙申,辛,離,坤,天芮,死門,辰巳,丁,己,庚,丙,戊辛,癸,壬,乙,乙,丁,己,庚,丙,戊辛,癸,壬,天任,天冲,天輔,天英,天芮,天柱,天心,天蓬,勾陳,朱雀,九地,九天,直符,螣蛇,太陰,六合,開門,休門,生門,傷門,杜門,景門,死門,驚門
陽2局丁酉,辛,艮,坤,天芮,死門,辰巳,丙,戊辛,癸,壬,乙,丁,己,庚,乙,丁,己,庚,丙,戊辛,癸,壬,天英,天芮,天柱,天心,天蓬,天任,天冲,天輔,九天,直符,螣蛇,太陰,六合,勾陳,朱雀,九地,景門,死門,驚門,開門,休門,生門,傷門,杜門
陽2局戊戌,辛,坤,坤,天芮,死門,辰巳,乙,丁,己,庚,丙,戊辛,癸,壬,乙,丁,己,庚,丙,戊辛,癸,壬,天蓬,天任,天冲,天輔,天英,天芮,天柱,天心,六合,勾陳,朱雀,九地,九天,直符,螣蛇,太陰,生門,傷門,杜門,景門,死門,驚門,開門,休門
陽2局己亥,辛,震,坤,天芮,死門,辰巳,庚,丙,戊辛,癸,壬,乙,丁,己,乙,丁,己,庚,丙,戊辛,癸,壬,天輔,天英,天芮,天柱,天心,天蓬,天任,天冲,九地,九天,直符,螣蛇,太陰,六合,勾陳,朱雀,死門,驚門,開門,休門,生門,傷門,杜門,景門
陽2局庚子,辛,巽,坤,天芮,死門,辰巳,己,庚,丙,戊辛,癸,壬,乙,丁,乙,丁,己,庚,丙,戊辛,癸,壬,天冲,天輔,天英,天芮,天柱,天心,天蓬,天任,朱雀,九地,九天,直符,螣蛇,太陰,六合,勾陳,休門,生門,傷門,杜門,景門,死門,驚門,開門
陽2局辛丑,辛,坤,坤,天芮,死門,辰巳,乙,丁,己,庚,丙,戊辛,癸,壬,乙,丁,己,庚,丙,戊辛,癸,壬,天蓬,天任,天冲,天輔,天英,天芮,天柱,天心,六合,勾陳,朱雀,九地,九天,直符,螣蛇,太陰,杜門,景門,死門,驚門,開門,休門,生門,傷門
陽2局壬寅,辛,乾,坤,天芮,死門,辰巳,癸,壬,乙,丁,己,庚,丙,戊辛,乙,丁,己,庚,丙,戊辛,癸,壬,天柱,天心,天蓬,天任,天冲,天輔,天英,天芮,螣蛇,太陰,六合,勾陳,朱雀,九地,九天,直符,傷門,杜門,景門,死門,驚門,開門,休門,生門
陽2局癸卯,辛,兌,坤,天芮,死門,辰巳,壬,乙,丁,己,庚,丙,戊辛,癸,乙,丁,己,庚,丙,戊辛,癸,壬,天心,天蓬,天任,天冲,天輔,天英,天芮,天柱,太陰,六合,勾陳,朱雀,九地,九天,直符,螣蛇,休門,生門,傷門,杜門,景門,死門,驚門,開門
陽2局甲辰,壬,壬,乾,天心,開門,寅卯,乙,丁,己,庚,丙,戊辛,癸,壬,乙,丁,己,庚,丙,戊辛,癸,壬,天蓬,天任,天冲,天輔,天英,天芮,天柱,天心,螣蛇,太陰,六合,勾陳,朱雀,九地,九天,直符,休門,生門,傷門,杜門,景門,死門,驚門,開門
陽2局乙巳,壬,坎,乾,天心,開門,寅卯,壬,乙,丁,己,庚,丙,戊辛,癸,乙,丁,己,庚,丙,戊辛,癸,壬,天心,天蓬,天任,天冲,天輔,天英,天芮,天柱,直符,螣蛇,太陰,六合,勾陳,朱雀,九地,九天,生門,傷門,杜門,景門,死門,驚門,開門,休門
陽2局丙午,壬,離,乾,天心,開門,寅卯,庚,丙,戊辛,癸,壬,乙,丁,己,乙,丁,己,庚,丙,戊辛,癸,壬,天輔,天英,天芮,天柱,天心,天蓬,天任,天冲,勾陳,朱雀,九地,九天,直符,螣蛇,太陰,六合,驚門,開門,休門,生門,傷門,杜門,景門,死門
陽2局丁未,壬,艮,乾,天心,開門,寅卯,癸,壬,乙,丁,己,庚,丙,戊辛,乙,丁,己,庚,丙,戊辛,癸,壬,天柱,天心,天蓬,天任,天冲,天輔,天英,天芮,九天,直符,螣蛇,太陰,六合,勾陳,朱雀,九地,杜門,景門,死門,驚門,開門,休門,生門,傷門
陽2局戊申,壬,坤,乾,天心,開門,寅卯,己,庚,丙,戊辛,癸,壬,乙,丁,乙,丁,己,庚,丙,戊辛,癸,壬,天冲,天輔,天英,天芮,天柱,天心,天蓬,天任,六合,勾陳,朱雀,九地,九天,直符,螣蛇,太陰,開門,休門,生門,傷門,杜門,景門,死門,驚門
陽2局己酉,壬,震,乾,天心,開門,寅卯,戊辛,癸,壬,乙,丁,己,庚,丙,乙,丁,己,庚,丙,戊辛,癸,壬,天芮,天柱,天心,天蓬,天任,天冲,天輔,天英,九地,九天,直符,螣蛇,太陰,六合,勾陳,朱雀,傷門,杜門,景門,死門,驚門,開門,休門,生門
陽2局庚戌,壬,巽,乾,天心,開門,寅卯,丙,戊辛,癸,壬,乙,丁,己,庚,乙,丁,己,庚,丙,戊辛,癸,壬,天英,天芮,天柱,天心,天蓬,天任,天冲,天輔,朱雀,九地,九天,直符,螣蛇,太陰,六合,勾陳,死門,驚門,開門,休門,生門,傷門,杜門,景門
陽2局辛亥,壬,坤,乾,天心,開門,寅卯,己,庚,丙,戊辛,癸,壬,乙,丁,乙,丁,己,庚,丙,戊辛,癸,壬,天冲,天輔,天英,天芮,天柱,天心,天蓬,天任,六合,勾陳,朱雀,九地,九天,直符,螣蛇,太陰,景門,死門,驚門,開門,休門,生門,傷門,杜門
陽2局壬子,壬,壬,乾,天心,開門,寅卯,乙,丁,己,庚,丙,戊辛,癸,壬,乙,丁,己,庚,丙,戊辛,癸,壬,天蓬,天任,天冲,天輔,天英,天芮,天柱,天心,螣蛇,太陰,六合,勾陳,朱雀,九地,九天,直符,傷門,杜門,景門,死門,驚門,開門,休門,生門
陽2局癸丑,壬,兌,乾,天心,開門,寅卯,丁,己,庚,丙,戊辛,癸,壬,乙,乙,丁,己,庚,丙,戊辛,癸,壬,天任,天冲,天輔,天英,天芮,天柱,天心,天蓬,太陰,六合,勾陳,朱雀,九地,九天,直符,螣蛇,休門,生門,傷門,杜門,景門,死門,驚門,開門
陽2局甲寅,癸,兌,兌,天柱,驚門,子丑,乙,丁,己,庚,丙,戊辛,癸,壬,乙,丁,己,庚,丙,戊辛,癸,壬,天蓬,天任,天冲,天輔,天英,天芮,天柱,天心,太陰,六合,勾陳,朱雀,九地,九天,直符,螣蛇,休門,生門,傷門,杜門,景門,死門,驚門,開門
陽2局乙卯,癸,坎,兌,天柱,驚門,子丑,癸,壬,乙,丁,己,庚,丙,戊辛,乙,丁,己,庚,丙,戊辛,癸,壬,天柱,天心,天蓬,天任,天冲,天輔,天英,天芮,直符,螣蛇,太陰,六合,勾陳,朱雀,九地,九天,死門,驚門,開門,休門,生門,傷門,杜門,景門
陽2局丙辰,癸,離,兌,天柱,驚門,子丑,己,庚,丙,戊辛,癸,壬,乙,丁,乙,丁,己,庚,丙,戊辛,癸,壬,天冲,天輔,天英,天芮,天柱,天心,天蓬,天任,勾陳,朱雀,九地,九天,直符,螣蛇,太陰,六合,傷門,杜門,景門,死門,驚門,開門,休門,生門
陽2局丁巳,癸,艮,兌,天柱,驚門,子丑,戊辛,癸,壬,乙,丁,己,庚,丙,乙,丁,己,庚,丙,戊辛,癸,壬,天芮,天柱,天心,天蓬,天任,天冲,天輔,天英,九天,直符,螣蛇,太陰,六合,勾陳,朱雀,九地,驚門,開門,休門,生門,傷門,杜門,景門,死門
陽2局戊午,癸,坤,兌,天柱,驚門,子丑,丁,己,庚,丙,戊辛,癸,壬,乙,乙,丁,己,庚,丙,戊辛,癸,壬,天任,天冲,天輔,天英,天芮,天柱,天心,天蓬,六合,勾陳,朱雀,九地,九天,直符,螣蛇,太陰,生門,傷門,杜門,景門,死門,驚門,開門,休門
陽2局己未,癸,震,兌,天柱,驚門,子丑,丙,戊辛,癸,壬,乙,丁,己,庚,乙,丁,己,庚,丙,戊辛,癸,壬,天英,天芮,天柱,天心,天蓬,天任,天冲,天輔,九地,九天,直符,螣蛇,太陰,六合,勾陳,朱雀,景門,死門,驚門,開門,休門,生門,傷門,杜門
陽2局庚申,癸,巽,兌,天柱,驚門,子丑,庚,丙,戊辛,癸,壬,乙,丁,己,乙,丁,己,庚,丙,戊辛,癸,壬,天輔,天英,天芮,天柱,天心,天蓬,天任,天冲,朱雀,九地,九天,直符,螣蛇,太陰,六合,勾陳,杜門,景門,死門,驚門,開門,休門,生門,傷門
陽2局辛酉,癸,坤,兌,天柱,驚門,子丑,丁,己,庚,丙,戊辛,癸,壬,乙,乙,丁,己,庚,丙,戊辛,癸,壬,天任,天冲,天輔,天英,天芮,天柱,天心,天蓬,六合,勾陳,朱雀,九地,九天,直符,螣蛇,太陰,生門,傷門,杜門,景門,死門,驚門,開門,休門
陽2局壬戌,癸,壬,兌,天柱,驚門,子丑,壬,乙,丁,己,庚,丙,戊辛,癸,乙,丁,己,庚,丙,戊辛,癸,壬,天心,天蓬,天任,天冲,天輔,天英,天芮,天柱,螣蛇,太陰,六合,勾陳,朱雀,九地,九天,直符,開門,休門,生門,傷門,杜門,景門,死門,驚門
陽2局癸亥,癸,兌,兌,天柱,驚門,子丑,乙,丁,己,庚,丙,戊辛,癸,壬,乙,丁,己,庚,丙,戊辛,癸,壬,天蓬,天任,天冲,天輔,天英,天芮,天柱,天心,太陰,六合,勾陳,朱雀,九地,九天,直符,螣蛇,休門,生門,傷門,杜門,景門,死門,驚門,開門
陽3局甲子,戊,震,震,天冲,傷門,戌亥,丙,癸,戊,己,丁,乙庚,壬,辛,丙,癸,戊,己,丁,乙庚,壬,辛,天蓬,天任,天冲,天輔,天英,天芮,天柱,天心,九地,九天,直符,螣蛇,太陰,六合,勾陳,朱雀,休門,生門,傷門,杜門,景門,死門,驚門,開門
陽3局乙丑,戊,坤,震,天冲,傷門,戌亥,乙庚,壬,辛,丙,癸,戊,己,丁,丙,癸,戊,己,丁,乙庚,壬,辛,天芮,天柱,天心,天蓬,天任,天冲,天輔,天英,六合,勾陳,朱雀,九地,九天,直符,螣蛇,太陰,開門,休門,生門,傷門,杜門,景門,死門,驚門
陽3局丙寅,戊,坎,震,天冲,傷門,戌亥,戊,己,丁,乙庚,壬,辛,丙,癸,丙,癸,戊,己,丁,乙庚,壬,辛,天冲,天輔,天英,天芮,天柱,天心,天蓬,天任,直符,螣蛇,太陰,六合,勾陳,朱雀,九地,九天,死門,驚門,開門,休門,生門,傷門,杜門,景門
陽3局丁卯,戊,離,震,天冲,傷門,戌亥,壬,辛,丙,癸,戊,己,丁,乙庚,丙,癸,戊,己,丁,乙庚,壬,辛,天柱,天心,天蓬,天任,天冲,天輔,天英,天芮,勾陳,朱雀,九地,九天,直符,螣蛇,太陰,六合,杜門,景門,死門,驚門,開門,休門,生門,傷門
陽3局戊辰,戊,震,震,天冲,傷門,戌亥,丙,癸,戊,己,丁,乙庚,壬,辛,丙,癸,戊,己,丁,乙庚,壬,辛,天蓬,天任,天冲,天輔,天英,天芮,天柱,天心,九地,九天,直符,螣蛇,太陰,六合,勾陳,朱雀,景門,死門,驚門,開門,休門,生門,傷門,杜門
陽3局己巳,戊,巽,震,天冲,傷門,戌亥,辛,丙,癸,戊,己,丁,乙庚,壬,丙,癸,戊,己,丁,乙庚,壬,辛,天心,天蓬,天任,天冲,天輔,天英,天芮,天柱,朱雀,九地,九天,直符,螣蛇,太陰,六合,勾陳,生門,傷門,杜門,景門,死門,驚門,開門,休門
陽3局庚午,戊,坤,震,天冲,傷門,戌亥,乙庚,壬,辛,丙,癸,戊,己,丁,丙,癸,戊,己,丁,乙庚,壬,辛,天芮,天柱,天心,天蓬,天任,天冲,天輔,天英,六合,勾陳,朱雀,九地,九天,直符,螣蛇,太陰,驚門,開門,休門,生門,傷門,杜門,景門,死門
陽3局辛未,戊,壬,震,天冲,傷門,戌亥,己,丁,乙庚,壬,辛,丙,癸,戊,丙,癸,戊,己,丁,乙庚,壬,辛,天輔,天英,天芮,天柱,天心,天蓬,天任,天冲,螣蛇,太陰,六合,勾陳,朱雀,九地,九天,直符,傷門,杜門,景門,死門,驚門,開門,休門,生門
陽3局壬申,戊,兌,震,天冲,傷門,戌亥,丁,乙庚,壬,辛,丙,癸,戊,己,丙,癸,戊,己,丁,乙庚,壬,辛,天英,天芮,天柱,天心,天蓬,天任,天冲,天輔,太陰,六合,勾陳,朱雀,九地,九天,直符,螣蛇,死門,驚門,開門,休門,生門,傷門,杜門,景門
陽3局癸酉,戊,艮,震,天冲,傷門,戌亥,癸,戊,己,丁,乙庚,壬,辛,丙,丙,癸,戊,己,丁,乙庚,壬,辛,天任,天冲,天輔,天英,天芮,天柱,天心,天蓬,九天,直符,螣蛇,太陰,六合,勾陳,朱雀,九地,休門,生門,傷門,杜門,景門,死門,驚門,開門
陽3局甲戌,己,巽,巽,天輔,杜門,申酉,丙,癸,戊,己,丁,乙庚,壬,辛,丙,癸,戊,己,丁,乙庚,壬,辛,天蓬,天任,天冲,天輔,天英,天芮,天柱,天心,朱雀,九地,九天,直符,螣蛇,太陰,六合,勾陳,休門,生門,傷門,杜門,景門,死門,驚門,開門
陽3局乙亥,己,坤,巽,天輔,杜門,申酉,壬,辛,丙,癸,戊,己,丁,乙庚,丙,癸,戊,己,丁,乙庚,壬,辛,天柱,天心,天蓬,天任,天冲,天輔,天英,天芮,六合,勾陳,朱雀,九地,九天,直符,螣蛇,太陰,驚門,開門,休門,生門,傷門,杜門,景門,死門
陽3局丙子,己,坎,巽,天輔,杜門,申酉,己,丁,乙庚,壬,辛,丙,癸,戊,丙,癸,戊,己,丁,乙庚,壬,辛,天輔,天英,天芮,天柱,天心,天蓬,天任,天冲,直符,螣蛇,太陰,六合,勾陳,朱雀,九地,九天,景門,死門,驚門,開門,休門,生門,傷門,杜門
陽3局丁丑,己,離,巽,天輔,杜門,申酉,辛,丙,癸,戊,己,丁,乙庚,壬,丙,癸,戊,己,丁,乙庚,壬,辛,天心,天蓬,天任,天冲,天輔,天英,天芮,天柱,勾陳,朱雀,九地,九天,直符,螣蛇,太陰,六合,死門,驚門,開門,休門,生門,傷門,杜門,景門
陽3局戊寅,己,震,巽,天輔,杜門,申酉,癸,戊,己,丁,乙庚,壬,辛,丙,丙,癸,戊,己,丁,乙庚,壬,辛,天任,天冲,天輔,天英,天芮,天柱,天心,天蓬,九地,九天,直符,螣蛇,太陰,六合,勾陳,朱雀,傷門,杜門,景門,死門,驚門,開門,休門,生門
陽3局己卯,己,巽,巽,天輔,杜門,申酉,丙,癸,戊,己,丁,乙庚,壬,辛,丙,癸,戊,己,丁,乙庚,壬,辛,天蓬,天任,天冲,天輔,天英,天芮,天柱,天心,朱雀,九地,九天,直符,螣蛇,太陰,六合,勾陳,開門,休門,生門,傷門,杜門,景門,死門,驚門
陽3局庚辰,己,坤,巽,天輔,杜門,申酉,壬,辛,丙,癸,戊,己,丁,乙庚,丙,癸,戊,己,丁,乙庚,壬,辛,天柱,天心,天蓬,天任,天冲,天輔,天英,天芮,六合,勾陳,朱雀,九地,九天,直符,螣蛇,太陰,杜門,景門,死門,驚門,開門,休門,生門,傷門
陽3局辛巳,己,壬,巽,天輔,杜門,申酉,丁,乙庚,壬,辛,丙,癸,戊,己,丙,癸,戊,己,丁,乙庚,壬,辛,天英,天芮,天柱,天心,天蓬,天任,天冲,天輔,螣蛇,太陰,六合,勾陳,朱雀,九地,九天,直符,驚門,開門,休門,生門,傷門,杜門,景門,死門
陽3局壬午,己,兌,巽,天輔,杜門,申酉,乙庚,壬,辛,丙,癸,戊,己,丁,丙,癸,戊,己,丁,乙庚,壬,辛,天芮,天柱,天心,天蓬,天任,天冲,天輔,天英,太陰,六合,勾陳,朱雀,九地,九天,直符,螣蛇,生門,傷門,杜門,景門,死門,驚門,開門,休門
陽3局癸未,己,艮,巽,天輔,杜門,申酉,戊,己,丁,乙庚,壬,辛,丙,癸,丙,癸,戊,己,丁,乙庚,壬,辛,天冲,天輔,天英,天芮,天柱,天心,天蓬,天任,九天,直符,螣蛇,太陰,六合,勾陳,朱雀,九地,休門,生門,傷門,杜門,景門,死門,驚門,開門
陽3局甲申,庚,坤,坤,天芮,死門,午未,丙,癸,戊,己,丁,乙庚,壬,辛,丙,癸,戊,己,丁,乙庚,壬,辛,天蓬,天任,天冲,天輔,天英,天芮,天柱,天心,六合,勾陳,朱雀,九地,九天,直符,螣蛇,太陰,休門,生門,傷門,杜門,景門,死門,驚門,開門
陽3局乙酉,庚,坤,坤,天芮,死門,午未,丙,癸,戊,己,丁,乙庚,壬,辛,丙,癸,戊,己,丁,乙庚,壬,辛,天蓬,天任,天冲,天輔,天英,天芮,天柱,天心,六合,勾陳,朱雀,九地,九天,直符,螣蛇,太陰,驚門,開門,休門,生門,傷門,杜門,景門,死門
陽3局丙戌,庚,坎,坤,天芮,死門,午未,乙庚,壬,辛,丙,癸,戊,己,丁,丙,癸,戊,己,丁,乙庚,壬,辛,天芮,天柱,天心,天蓬,天任,天冲,天輔,天英,直符,螣蛇,太陰,六合,勾陳,朱雀,九地,九天,開門,休門,生門,傷門,杜門,景門,死門,驚門
陽3局丁亥,庚,離,坤,天芮,死門,午未,癸,戊,己,丁,乙庚,壬,辛,丙,丙,癸,戊,己,丁,乙庚,壬,辛,天任,天冲,天輔,天英,天芮,天柱,天心,天蓬,勾陳,朱雀,九地,九天,直符,螣蛇,太陰,六合,景門,死門,驚門,開門,休門,生門,傷門,杜門
陽3局戊子,庚,震,坤,天芮,死門,午未,己,丁,乙庚,壬,辛,丙,癸,戊,丙,癸,戊,己,丁,乙庚,壬,辛,天輔,天英,天芮,天柱,天心,天蓬,天任,天冲,九地,九天,直符,螣蛇,太陰,六合,勾陳,朱雀,生門,傷門,杜門,景門,死門,驚門,開門,休門
陽3局己丑,庚,巽,坤,天芮,死門,午未,戊,己,丁,乙庚,壬,辛,丙,癸,丙,癸,戊,己,丁,乙庚,壬,辛,天冲,天輔,天英,天芮,天柱,天心,天蓬,天任,朱雀,九地,九天,直符,螣蛇,太陰,六合,勾陳,死門,驚門,開門,休門,生門,傷門,杜門,景門
陽3局庚寅,庚,坤,坤,天芮,死門,午未,丙,癸,戊,己,丁,乙庚,壬,辛,丙,癸,戊,己,丁,乙庚,壬,辛,天蓬,天任,天冲,天輔,天英,天芮,天柱,天心,六合,勾陳,朱雀,九地,九天,直符,螣蛇,太陰,休門,生門,傷門,杜門,景門,死門,驚門,開門
陽3局辛卯,庚,乾,坤,天芮,死門,午未,壬,辛,丙,癸,戊,己,丁,乙庚,丙,癸,戊,己,丁,乙庚,壬,辛,天柱,天心,天蓬,天任,天冲,天輔,天英,天芮,螣蛇,太陰,六合,勾陳,朱雀,九地,九天,直符,杜門,景門,死門,驚門,開門,休門,生門,傷門
陽3局壬辰,庚,兌,坤,天芮,死門,午未,辛,丙,癸,戊,己,丁,乙庚,壬,丙,癸,戊,己,丁,乙庚,壬,辛,天心,天蓬,天任,天冲,天輔,天英,天芮,天柱,太陰,六合,勾陳,朱雀,九地,九天,直符,螣蛇,傷門,杜門,景門,死門,驚門,開門,休門,生門
陽3局癸巳,庚,艮,坤,天芮,死門,午未,丁,乙庚,壬,辛,丙,癸,戊,己,丙,癸,戊,己,丁,乙庚,壬,辛,天英,天芮,天柱,天心,天蓬,天任,天冲,天輔,九天,直符,螣蛇,太陰,六合,勾陳,朱雀,九地,休門,生門,傷門,杜門,景門,死門,驚門,開門
陽3局甲午,辛,壬,乾,天心,開門,辰巳,丙,癸,戊,己,丁,乙庚,壬,辛,丙,癸,戊,己,丁,乙庚,壬,辛,天蓬,天任,天冲,天輔,天英,天芮,天柱,天心,螣蛇,太陰,六合,勾陳,朱雀,九地,九天,直符,休門,生門,傷門,杜門,景門,死門,驚門,開門
陽3局乙未,辛,坤,乾,天心,開門,辰巳,戊,己,丁,乙庚,壬,辛,丙,癸,丙,癸,戊,己,丁,乙庚,壬,辛,天冲,天輔,天英,天芮,天柱,天心,天蓬,天任,六合,勾陳,朱雀,九地,九天,直符,螣蛇,太陰,生門,傷門,杜門,景門,死門,驚門,開門,休門
陽3局丙申,辛,坎,乾,天心,開門,辰巳,辛,丙,癸,戊,己,丁,乙庚,壬,丙,癸,戊,己,丁,乙庚,壬,辛,天心,天蓬,天任,天冲,天輔,天英,天芮,天柱,直符,螣蛇,太陰,六合,勾陳,朱雀,九地,九天,驚門,開門,休門,生門,傷門,杜門,景門,死門
陽3局丁酉,辛,離,乾,天心,開門,辰巳,己,丁,乙庚,壬,辛,丙,癸,戊,丙,癸,戊,己,丁,乙庚,壬,辛,天輔,天英,天芮,天柱,天心,天蓬,天任,天冲,勾陳,朱雀,九地,九天,直符,螣蛇,太陰,六合,杜門,景門,死門,驚門,開門,休門,生門,傷門
陽3局戊戌,辛,震,乾,天心,開門,辰巳,乙庚,壬,辛,丙,癸,戊,己,丁,丙,癸,戊,己,丁,乙庚,壬,辛,天芮,天柱,天心,天蓬,天任,天冲,天輔,天英,九地,九天,直符,螣蛇,太陰,六合,勾陳,朱雀,開門,休門,生門,傷門,杜門,景門,死門,驚門
陽3局己亥,辛,巽,乾,天心,開門,辰巳,丁,乙庚,壬,辛,丙,癸,戊,己,丙,癸,戊,己,丁,乙庚,壬,辛,天英,天芮,天柱,天心,天蓬,天任,天冲,天輔,朱雀,九地,九天,直符,螣蛇,太陰,六合,勾陳,傷門,杜門,景門,死門,驚門,開門,休門,生門
陽3局庚子,辛,坤,乾,天心,開門,辰巳,戊,己,丁,乙庚,壬,辛,丙,癸,丙,癸,戊,己,丁,乙庚,壬,辛,天冲,天輔,天英,天芮,天柱,天心,天蓬,天任,六合,勾陳,朱雀,九地,九天,直符,螣蛇,太陰,死門,驚門,開門,休門,生門,傷門,杜門,景門
陽3局辛丑,辛,壬,乾,天心,開門,辰巳,丙,癸,戊,己,丁,乙庚,壬,辛,丙,癸,戊,己,丁,乙庚,壬,辛,天蓬,天任,天冲,天輔,天英,天芮,天柱,天心,螣蛇,太陰,六合,勾陳,朱雀,九地,九天,直符,景門,死門,驚門,開門,休門,生門,傷門,杜門
陽3局壬寅,辛,兌,乾,天心,開門,辰巳,癸,戊,己,丁,乙庚,壬,辛,丙,丙,癸,戊,己,丁,乙庚,壬,辛,天任,天冲,天輔,天英,天芮,天柱,天心,天蓬,太陰,六合,勾陳,朱雀,九地,九天,直符,螣蛇,傷門,杜門,景門,死門,驚門,開門,休門,生門
陽3局癸卯,辛,艮,乾,天心,開門,辰巳,壬,辛,丙,癸,戊,己,丁,乙庚,丙,癸,戊,己,丁,乙庚,壬,辛,天柱,天心,天蓬,天任,天冲,天輔,天英,天芮,九天,直符,螣蛇,太陰,六合,勾陳,朱雀,九地,休門,生門,傷門,杜門,景門,死門,驚門,開門
陽3局甲辰,壬,兌,兌,天柱,驚門,寅卯,丙,癸,戊,己,丁,乙庚,壬,辛,丙,癸,戊,己,丁,乙庚,壬,辛,天蓬,天任,天冲,天輔,天英,天芮,天柱,天心,太陰,六合,勾陳,朱雀,九地,九天,直符,螣蛇,休門,生門,傷門,杜門,景門,死門,驚門,開門
陽3局乙巳,壬,坤,兌,天柱,驚門,寅卯,癸,戊,己,丁,乙庚,壬,辛,丙,丙,癸,戊,己,丁,乙庚,壬,辛,天任,天冲,天輔,天英,天芮,天柱,天心,天蓬,六合,勾陳,朱雀,九地,九天,直符,螣蛇,太陰,死門,驚門,開門,休門,生門,傷門,杜門,景門
陽3局丙午,壬,坎,兌,天柱,驚門,寅卯,壬,辛,丙,癸,戊,己,丁,乙庚,丙,癸,戊,己,丁,乙庚,壬,辛,天柱,天心,天蓬,天任,天冲,天輔,天英,天芮,直符,螣蛇,太陰,六合,勾陳,朱雀,九地,九天,傷門,杜門,景門,死門,驚門,開門,休門,生門
陽3局丁未,壬,離,兌,天柱,驚門,寅卯,戊,己,丁,乙庚,壬,辛,丙,癸,丙,癸,戊,己,丁,乙庚,壬,辛,天冲,天輔,天英,天芮,天柱,天心,天蓬,天任,勾陳,朱雀,九地,九天,直符,螣蛇,太陰,六合,驚門,開門,休門,生門,傷門,杜門,景門,死門
陽3局戊申,壬,震,兌,天柱,驚門,寅卯,丁,乙庚,壬,辛,丙,癸,戊,己,丙,癸,戊,己,丁,乙庚,壬,辛,天英,天芮,天柱,天心,天蓬,天任,天冲,天輔,九地,九天,直符,螣蛇,太陰,六合,勾陳,朱雀,生門,傷門,杜門,景門,死門,驚門,開門,休門
陽3局己酉,壬,巽,兌,天柱,驚門,寅卯,己,丁,乙庚,壬,辛,丙,癸,戊,丙,癸,戊,己,丁,乙庚,壬,辛,天輔,天英,天芮,天柱,天心,天蓬,天任,天冲,朱雀,九地,九天,直符,螣蛇,太陰,六合,勾陳,景門,死門,驚門,開門,休門,生門,傷門,杜門
陽3局庚戌,壬,坤,兌,天柱,驚門,寅卯,癸,戊,己,丁,乙庚,壬,辛,丙,丙,癸,戊,己,丁,乙庚,壬,辛,天任,天冲,天輔,天英,天芮,天柱,天心,天蓬,六合,勾陳,朱雀,九地,九天,直符,螣蛇,太陰,杜門,景門,死門,驚門,開門,休門,生門,傷門
陽3局辛亥,壬,壬,兌,天柱,驚門,寅卯,辛,丙,癸,戊,己,丁,乙庚,壬,丙,癸,戊,己,丁,乙庚,壬,辛,天心,天蓬,天任,天冲,天輔,天英,天芮,天柱,螣蛇,太陰,六合,勾陳,朱雀,九地,九天,直符,生門,傷門,杜門,景門,死門,驚門,開門,休門
陽3局壬子,壬,兌,兌,天柱,驚門,寅卯,丙,癸,戊,己,丁,乙庚,壬,辛,丙,癸,戊,己,丁,乙庚,壬,辛,天蓬,天任,天冲,天輔,天英,天芮,天柱,天心,太陰,六合,勾陳,朱雀,九地,九天,直符,螣蛇,開門,休門,生門,傷門,杜門,景門,死門,驚門
陽3局癸丑,壬,艮,兌,天柱,驚門,寅卯,乙庚,壬,辛,丙,癸,戊,己,丁,丙,癸,戊,己,丁,乙庚,壬,辛,天芮,天柱,天心,天蓬,天任,天冲,天輔,天英,九天,直符,螣蛇,太陰,六合,勾陳,朱雀,九地,休門,生門,傷門,杜門,景門,死門,驚門,開門
陽3局甲寅,癸,艮,艮,天任,生門,子丑,丙,癸,戊,己,丁,乙庚,壬,辛,丙,癸,戊,己,丁,乙庚,壬,辛,天蓬,天任,天冲,天輔,天英,天芮,天柱,天心,九天,直符,螣蛇,太陰,六合,勾陳,朱雀,九地,休門,生門,傷門,杜門,景門,死門,驚門,開門
陽3局乙卯,癸,坤,艮,天任,生門,子丑,丁,乙庚,壬,辛,丙,癸,戊,己,丙,癸,戊,己,丁,乙庚,壬,辛,天英,天芮,天柱,天心,天蓬,天任,天冲,天輔,六合,勾陳,朱雀,九地,九天,直符,螣蛇,太陰,死門,驚門,開門,休門,生門,傷門,杜門,景門
陽3局丙辰,癸,坎,艮,天任,生門,子丑,癸,戊,己,丁,乙庚,壬,辛,丙,丙,癸,戊,己,丁,乙庚,壬,辛,天任,天冲,天輔,天英,天芮,天柱,天心,天蓬,直符,螣蛇,太陰,六合,勾陳,朱雀,九地,九天,生門,傷門,杜門,景門,死門,驚門,開門,休門
陽3局丁巳,癸,離,艮,天任,生門,子丑,乙庚,壬,辛,丙,癸,戊,己,丁,丙,癸,戊,己,丁,乙庚,壬,辛,天芮,天柱,天心,天蓬,天任,天冲,天輔,天英,勾陳,朱雀,九地,九天,直符,螣蛇,太陰,六合,景門,死門,驚門,開門,休門,生門,傷門,杜門
陽3局戊午,癸,震,艮,天任,生門,子丑,辛,丙,癸,戊,己,丁,乙庚,壬,丙,癸,戊,己,丁,乙庚,壬,辛,天心,天蓬,天任,天冲,天輔,天英,天芮,天柱,九地,九天,直符,螣蛇,太陰,六合,勾陳,朱雀,開門,休門,生門,傷門,杜門,景門,死門,驚門
陽3局己未,癸,巽,艮,天任,生門,子丑,壬,辛,丙,癸,戊,己,丁,乙庚,丙,癸,戊,己,丁,乙庚,壬,辛,天柱,天心,天蓬,天任,天冲,天輔,天英,天芮,朱雀,九地,九天,直符,螣蛇,太陰,六合,勾陳,驚門,開門,休門,生門,傷門,杜門,景門,死門
陽3局庚申,癸,坤,艮,天任,生門,子丑,丁,乙庚,壬,辛,丙,癸,戊,己,丙,癸,戊,己,丁,乙庚,壬,辛,天英,天芮,天柱,天心,天蓬,天任,天冲,天輔,六合,勾陳,朱雀,九地,九天,直符,螣蛇,太陰,景門,死門,驚門,開門,休門,生門,傷門,杜門
陽3局辛酉,癸,壬,艮,天任,生門,子丑,戊,己,丁,乙庚,壬,辛,丙,癸,丙,癸,戊,己,丁,乙庚,壬,辛,天冲,天輔,天英,天芮,天柱,天心,天蓬,天任,螣蛇,太陰,六合,勾陳,朱雀,九地,九天,直符,傷門,杜門,景門,死門,驚門,開門,休門,生門
陽3局壬戌,癸,兌,艮,天任,生門,子丑,己,丁,乙庚,壬,辛,丙,癸,戊,丙,癸,戊,己,丁,乙庚,壬,辛,天輔,天英,天芮,天柱,天心,天蓬,天任,天冲,太陰,六合,勾陳,朱雀,九地,九天,直符,螣蛇,杜門,景門,死門,驚門,開門,休門,生門,傷門
陽3局癸亥,癸,艮,艮,天任,生門,子丑,丙,癸,戊,己,丁,乙庚,壬,辛,丙,癸,戊,己,丁,乙庚,壬,辛,天蓬,天任,天冲,天輔,天英,天芮,天柱,天心,九天,直符,螣蛇,太陰,六合,勾陳,朱雀,九地,休門,生門,傷門,杜門,景門,死門,驚門,開門
陽4局甲子,戊,巽,巽,天輔,杜門,戌亥,丁,壬,乙,戊,癸,丙己,辛,庚,丁,壬,乙,戊,癸,丙己,辛,庚,天蓬,天任,天冲,天輔,天英,天芮,天柱,天心,朱雀,九地,九天,直符,螣蛇,太陰,六合,勾陳,休門,生門,傷門,杜門,景門,死門,驚門,開門
陽4局乙丑,戊,震,巽,天輔,杜門,戌亥,壬,乙,戊,癸,丙己,辛,庚,丁,丁,壬,乙,戊,癸,丙己,辛,庚,天任,天冲,天輔,天英,天芮,天柱,天心,天蓬,九地,九天,直符,螣蛇,太陰,六合,勾陳,朱雀,驚門,開門,休門,生門,傷門,杜門,景門,死門
陽4局丙寅,戊,坤,巽,天輔,杜門,戌亥,辛,庚,丁,壬,乙,戊,癸,丙己,丁,壬,乙,戊,癸,丙己,辛,庚,天柱,天心,天蓬,天任,天冲,天輔,天英,天芮,六合,勾陳,朱雀,九地,九天,直符,螣蛇,太陰,景門,死門,驚門,開門,休門,生門,傷門,杜門
陽4局丁卯,戊,坎,巽,天輔,杜門,戌亥,戊,癸,丙己,辛,庚,丁,壬,乙,丁,壬,乙,戊,癸,丙己,辛,庚,天輔,天英,天芮,天柱,天心,天蓬,天任,天冲,直符,螣蛇,太陰,六合,勾陳,朱雀,九地,九天,死門,驚門,開門,休門,生門,傷門,杜門,景門
陽4局戊辰,戊,巽,巽,天輔,杜門,戌亥,丁,壬,乙,戊,癸,丙己,辛,庚,丁,壬,乙,戊,癸,丙己,辛,庚,天蓬,天任,天冲,天輔,天英,天芮,天柱,天心,朱雀,九地,九天,直符,螣蛇,太陰,六合,勾陳,傷門,杜門,景門,死門,驚門,開門,休門,生門
陽4局己巳,戊,坤,巽,天輔,杜門,戌亥,辛,庚,丁,壬,乙,戊,癸,丙己,丁,壬,乙,戊,癸,丙己,辛,庚,天柱,天心,天蓬,天任,天冲,天輔,天英,天芮,六合,勾陳,朱雀,九地,九天,直符,螣蛇,太陰,開門,休門,生門,傷門,杜門,景門,死門,驚門
陽4局庚午,戊,壬,巽,天輔,杜門,戌亥,癸,丙己,辛,庚,丁,壬,乙,戊,丁,壬,乙,戊,癸,丙己,辛,庚,天英,天芮,天柱,天心,天蓬,天任,天冲,天輔,螣蛇,太陰,六合,勾陳,朱雀,九地,九天,直符,杜門,景門,死門,驚門,開門,休門,生門,傷門
陽4局辛未,戊,兌,巽,天輔,杜門,戌亥,丙己,辛,庚,丁,壬,乙,戊,癸,丁,壬,乙,戊,癸,丙己,辛,庚,天芮,天柱,天心,天蓬,天任,天冲,天輔,天英,太陰,六合,勾陳,朱雀,九地,九天,直符,螣蛇,驚門,開門,休門,生門,傷門,杜門,景門,死門
陽4局壬申,戊,艮,巽,天輔,杜門,戌亥,乙,戊,癸,丙己,辛,庚,丁,壬,丁,壬,乙,戊,癸,丙己,辛,庚,天冲,天輔,天英,天芮,天柱,天心,天蓬,天任,九天,直符,螣蛇,太陰,六合,勾陳,朱雀,九地,生門,傷門,杜門,景門,死門,驚門,開門,休門
陽4局癸酉,戊,離,巽,天輔,杜門,戌亥,庚,丁,壬,乙,戊,癸,丙己,辛,丁,壬,乙,戊,癸,丙己,辛,庚,天心,天蓬,天任,天冲,天輔,天英,天芮,天柱,勾陳,朱雀,九地,九天,直符,螣蛇,太陰,六合,休門,生門,傷門,杜門,景門,死門,驚門,開門
陽4局甲戌,己,坤,坤,天芮,死門,申酉,丁,壬,乙,戊,癸,丙己,辛,庚,丁,壬,乙,戊,癸,丙己,辛,庚,天蓬,天任,天冲,天輔,天英,天芮,天柱,天心,六合,勾陳,朱雀,九地,九天,直符,螣蛇,太陰,休門,生門,傷門,杜門,景門,死門,驚門,開門
陽4局乙亥,己,震,坤,天芮,死門,申酉,戊,癸,丙己,辛,庚,丁,壬,乙,丁,壬,乙,戊,癸,丙己,辛,庚,天輔,天英,天芮,天柱,天心,天蓬,天任,天冲,九地,九天,直符,螣蛇,太陰,六合,勾陳,朱雀,驚門,開門,休門,生門,傷門,杜門,景門,死門
陽4局丙子,己,坤,坤,天芮,死門,申酉,丁,壬,乙,戊,癸,丙己,辛,庚,丁,壬,乙,戊,癸,丙己,辛,庚,天蓬,天任,天冲,天輔,天英,天芮,天柱,天心,六合,勾陳,朱雀,九地,九天,直符,螣蛇,太陰,開門,休門,生門,傷門,杜門,景門,死門,驚門
陽4局丁丑,己,坎,坤,天芮,死門,申酉,丙己,辛,庚,丁,壬,乙,戊,癸,丁,壬,乙,戊,癸,丙己,辛,庚,天芮,天柱,天心,天蓬,天任,天冲,天輔,天英,直符,螣蛇,太陰,六合,勾陳,朱雀,九地,九天,景門,死門,驚門,開門,休門,生門,傷門,杜門
陽4局戊寅,己,巽,坤,天芮,死門,申酉,乙,戊,癸,丙己,辛,庚,丁,壬,丁,壬,乙,戊,癸,丙己,辛,庚,天冲,天輔,天英,天芮,天柱,天心,天蓬,天任,朱雀,九地,九天,直符,螣蛇,太陰,六合,勾陳,生門,傷門,杜門,景門,死門,驚門,開門,休門
陽4局己卯,己,坤,坤,天芮,死門,申酉,丁,壬,乙,戊,癸,丙己,辛,庚,丁,壬,乙,戊,癸,丙己,辛,庚,天蓬,天任,天冲,天輔,天英,天芮,天柱,天心,六合,勾陳,朱雀,九地,九天,直符,螣蛇,太陰,死門,驚門,開門,休門,生門,傷門,杜門,景門
陽4局庚辰,己,乾,坤,天芮,死門,申酉,辛,庚,丁,壬,乙,戊,癸,丙己,丁,壬,乙,戊,癸,丙己,辛,庚,天柱,天心,天蓬,天任,天冲,天輔,天英,天芮,螣蛇,太陰,六合,勾陳,朱雀,九地,九天,直符,休門,生門,傷門,杜門,景門,死門,驚門,開門
陽4局辛巳,己,兌,坤,天芮,死門,申酉,庚,丁,壬,乙,戊,癸,丙己,辛,丁,壬,乙,戊,癸,丙己,辛,庚,天心,天蓬,天任,天冲,天輔,天英,天芮,天柱,太陰,六合,勾陳,朱雀,九地,九天,直符,螣蛇,杜門,景門,死門,驚門,開門,休門,生門,傷門
陽4局壬午,己,艮,坤,天芮,死門,申酉,癸,丙己,辛,庚,丁,壬,乙,戊,丁,壬,乙,戊,癸,丙己,辛,庚,天英,天芮,天柱,天心,天蓬,天任,天冲,天輔,九天,直符,螣蛇,太陰,六合,勾陳,朱雀,九地,傷門,杜門,景門,死門,驚門,開門,休門,生門
陽4局癸未,己,離,坤,天芮,死門,申酉,壬,乙,戊,癸,丙己,辛,庚,丁,丁,壬,乙,戊,癸,丙己,辛,庚,天任,天冲,天輔,天英,天芮,天柱,天心,天蓬,勾陳,朱雀,九地,九天,直符,螣蛇,太陰,六合,休門,生門,傷門,杜門,景門,死門,驚門,開門
陽4局甲申,庚,壬,乾,天心,開門,午未,丁,壬,乙,戊,癸,丙己,辛,庚,丁,壬,乙,戊,癸,丙己,辛,庚,天蓬,天任,天冲,天輔,天英,天芮,天柱,天心,螣蛇,太陰,六合,勾陳,朱雀,九地,九天,直符,休門,生門,傷門,杜門,景門,死門,驚門,開門
陽4局乙酉,庚,震,乾,天心,開門,午未,丙己,辛,庚,丁,壬,乙,戊,癸,丁,壬,乙,戊,癸,丙己,辛,庚,天芮,天柱,天心,天蓬,天任,天冲,天輔,天英,九地,九天,直符,螣蛇,太陰,六合,勾陳,朱雀,生門,傷門,杜門,景門,死門,驚門,開門,休門
陽4局丙戌,庚,坤,乾,天心,開門,午未,乙,戊,癸,丙己,辛,庚,丁,壬,丁,壬,乙,戊,癸,丙己,辛,庚,天冲,天輔,天英,天芮,天柱,天心,天蓬,天任,六合,勾陳,朱雀,九地,九天,直符,螣蛇,太陰,驚門,開門,休門,生門,傷門,杜門,景門,死門
陽4局丁亥,庚,坎,乾,天心,開門,午未,庚,丁,壬,乙,戊,癸,丙己,辛,丁,壬,乙,戊,癸,丙己,辛,庚,天心,天蓬,天任,天冲,天輔,天英,天芮,天柱,直符,螣蛇,太陰,六合,勾陳,朱雀,九地,九天,杜門,景門,死門,驚門,開門,休門,生門,傷門
陽4局戊子,庚,巽,乾,天心,開門,午未,癸,丙己,辛,庚,丁,壬,乙,戊,丁,壬,乙,戊,癸,丙己,辛,庚,天英,天芮,天柱,天心,天蓬,天任,天冲,天輔,朱雀,九地,九天,直符,螣蛇,太陰,六合,勾陳,開門,休門,生門,傷門,杜門,景門,死門,驚門
陽4局己丑,庚,坤,乾,天心,開門,午未,乙,戊,癸,丙己,辛,庚,丁,壬,丁,壬,乙,戊,癸,丙己,辛,庚,天冲,天輔,天英,天芮,天柱,天心,天蓬,天任,六合,勾陳,朱雀,九地,九天,直符,螣蛇,太陰,傷門,杜門,景門,死門,驚門,開門,休門,生門
陽4局庚寅,庚,壬,乾,天心,開門,午未,丁,壬,乙,戊,癸,丙己,辛,庚,丁,壬,乙,戊,癸,丙己,辛,庚,天蓬,天任,天冲,天輔,天英,天芮,天柱,天心,螣蛇,太陰,六合,勾陳,朱雀,九地,九天,直符,死門,驚門,開門,休門,生門,傷門,杜門,景門
陽4局辛卯,庚,兌,乾,天心,開門,午未,壬,乙,戊,癸,丙己,辛,庚,丁,丁,壬,乙,戊,癸,丙己,辛,庚,天任,天冲,天輔,天英,天芮,天柱,天心,天蓬,太陰,六合,勾陳,朱雀,九地,九天,直符,螣蛇,景門,死門,驚門,開門,休門,生門,傷門,杜門
陽4局壬辰,庚,艮,乾,天心,開門,午未,辛,庚,丁,壬,乙,戊,癸,丙己,丁,壬,乙,戊,癸,丙己,辛,庚,天柱,天心,天蓬,天任,天冲,天輔,天英,天芮,九天,直符,螣蛇,太陰,六合,勾陳,朱雀,九地,傷門,杜門,景門,死門,驚門,開門,休門,生門
陽4局癸巳,庚,離,乾,天心,開門,午未,戊,癸,丙己,辛,庚,丁,壬,乙,丁,壬,乙,戊,癸,丙己,辛,庚,天輔,天英,天芮,天柱,天心,天蓬,天任,天冲,勾陳,朱雀,九地,九天,直符,螣蛇,太陰,六合,休門,生門,傷門,杜門,景門,死門,驚門,開門
陽4局甲午,辛,兌,兌,天柱,驚門,辰巳,丁,壬,乙,戊,癸,丙己,辛,庚,丁,壬,乙,戊,癸,丙己,辛,庚,天蓬,天任,天冲,天輔,天英,天芮,天柱,天心,太陰,六合,勾陳,朱雀,九地,九天,直符,螣蛇,休門,生門,傷門,杜門,景門,死門,驚門,開門
陽4局乙未,辛,震,兌,天柱,驚門,辰巳,癸,丙己,辛,庚,丁,壬,乙,戊,丁,壬,乙,戊,癸,丙己,辛,庚,天英,天芮,天柱,天心,天蓬,天任,天冲,天輔,九地,九天,直符,螣蛇,太陰,六合,勾陳,朱雀,死門,驚門,開門,休門,生門,傷門,杜門,景門
陽4局丙申,辛,坤,兌,天柱,驚門,辰巳,壬,乙,戊,癸,丙己,辛,庚,丁,丁,壬,乙,戊,癸,丙己,辛,庚,天任,天冲,天輔,天英,天芮,天柱,天心,天蓬,六合,勾陳,朱雀,九地,九天,直符,螣蛇,太陰,傷門,杜門,景門,死門,驚門,開門,休門,生門
陽4局丁酉,辛,坎,兌,天柱,驚門,辰巳,辛,庚,丁,壬,乙,戊,癸,丙己,丁,壬,乙,戊,癸,丙己,辛,庚,天柱,天心,天蓬,天任,天冲,天輔,天英,天芮,直符,螣蛇,太陰,六合,勾陳,朱雀,九地,九天,驚門,開門,休門,生門,傷門,杜門,景門,死門
陽4局戊戌,辛,巽,兌,天柱,驚門,辰巳,戊,癸,丙己,辛,庚,丁,壬,乙,丁,壬,乙,戊,癸,丙己,辛,庚,天輔,天英,天芮,天柱,天心,天蓬,天任,天冲,朱雀,九地,九天,直符,螣蛇,太陰,六合,勾陳,生門,傷門,杜門,景門,死門,驚門,開門,休門
陽4局己亥,辛,坤,兌,天柱,驚門,辰巳,壬,乙,戊,癸,丙己,辛,庚,丁,丁,壬,乙,戊,癸,丙己,辛,庚,天任,天冲,天輔,天英,天芮,天柱,天心,天蓬,六合,勾陳,朱雀,九地,九天,直符,螣蛇,太陰,景門,死門,驚門,開門,休門,生門,傷門,杜門
陽4局庚子,辛,壬,兌,天柱,驚門,辰巳,庚,丁,壬,乙,戊,癸,丙己,辛,丁,壬,乙,戊,癸,丙己,辛,庚,天心,天蓬,天任,天冲,天輔,天英,天芮,天柱,螣蛇,太陰,六合,勾陳,朱雀,九地,九天,直符,杜門,景門,死門,驚門,開門,休門,生門,傷門
陽4局辛丑,辛,兌,兌,天柱,驚門,辰巳,丁,壬,乙,戊,癸,丙己,辛,庚,丁,壬,乙,戊,癸,丙己,辛,庚,天蓬,天任,天冲,天輔,天英,天芮,天柱,天心,太陰,六合,勾陳,朱雀,九地,九天,直符,螣蛇,生門,傷門,杜門,景門,死門,驚門,開門,休門
陽4局壬寅,辛,艮,兌,天柱,驚門,辰巳,丙己,辛,庚,丁,壬,乙,戊,癸,丁,壬,乙,戊,癸,丙己,辛,庚,天芮,天柱,天心,天蓬,天任,天冲,天輔,天英,九天,直符,螣蛇,太陰,六合,勾陳,朱雀,九地,開門,休門,生門,傷門,杜門,景門,死門,驚門
陽4局癸卯,辛,離,兌,天柱,驚門,辰巳,乙,戊,癸,丙己,辛,庚,丁,壬,丁,壬,乙,戊,癸,丙己,辛,庚,天冲,天輔,天英,天芮,天柱,天心,天蓬,天任,勾陳,朱雀,九地,九天,直符,螣蛇,太陰,六合,休門,生門,傷門,杜門,景門,死門,驚門,開門
陽4局甲辰,壬,艮,艮,天任,生門,寅卯,丁,壬,乙,戊,癸,丙己,辛,庚,丁,壬,乙,戊,癸,丙己,辛,庚,天蓬,天任,天冲,天輔,天英,天芮,天柱,天心,九天,直符,螣蛇,太陰,六合,勾陳,朱雀,九地,休門,生門,傷門,杜門,景門,死門,驚門,開門
陽4局乙巳,壬,震,艮,天任,生門,寅卯,庚,丁,壬,乙,戊,癸,丙己,辛,丁,壬,乙,戊,癸,丙己,辛,庚,天心,天蓬,天任,天冲,天輔,天英,天芮,天柱,九地,九天,直符,螣蛇,太陰,六合,勾陳,朱雀,死門,驚門,開門,休門,生門,傷門,杜門,景門
陽4局丙午,壬,坤,艮,天任,生門,寅卯,癸,丙己,辛,庚,丁,壬,乙,戊,丁,壬,乙,戊,癸,丙己,辛,庚,天英,天芮,天柱,天心,天蓬,天任,天冲,天輔,六合,勾陳,朱雀,九地,九天,直符,螣蛇,太陰,生門,傷門,杜門,景門,死門,驚門,開門,休門
陽4局丁未,壬,坎,艮,天任,生門,寅卯,壬,乙,戊,癸,丙己,辛,庚,丁,丁,壬,乙,戊,癸,丙己,辛,庚,天任,天冲,天輔,天英,天芮,天柱,天心,天蓬,直符,螣蛇,太陰,六合,勾陳,朱雀,九地,九天,景門,死門,驚門,開門,休門,生門,傷門,杜門
陽4局戊申,壬,巽,艮,天任,生門,寅卯,辛,庚,丁,壬,乙,戊,癸,丙己,丁,壬,乙,戊,癸,丙己,辛,庚,天柱,天心,天蓬,天任,天冲,天輔,天英,天芮,朱雀,九地,九天,直符,螣蛇,太陰,六合,勾陳,開門,休門,生門,傷門,杜門,景門,死門,驚門
陽4局己酉,壬,坤,艮,天任,生門,寅卯,癸,丙己,辛,庚,丁,壬,乙,戊,丁,壬,乙,戊,癸,丙己,辛,庚,天英,天芮,天柱,天心,天蓬,天任,天冲,天輔,六合,勾陳,朱雀,九地,九天,直符,螣蛇,太陰,驚門,開門,休門,生門,傷門,杜門,景門,死門
陽4局庚戌,壬,壬,艮,天任,生門,寅卯,乙,戊,癸,丙己,辛,庚,丁,壬,丁,壬,乙,戊,癸,丙己,辛,庚,天冲,天輔,天英,天芮,天柱,天心,天蓬,天任,螣蛇,太陰,六合,勾陳,朱雀,九地,九天,直符,景門,死門,驚門,開門,休門,生門,傷門,杜門
陽4局辛亥,壬,兌,艮,天任,生門,寅卯,戊,癸,丙己,辛,庚,丁,壬,乙,丁,壬,乙,戊,癸,丙己,辛,庚,天輔,天英,天芮,天柱,天心,天蓬,天任,天冲,太陰,六合,勾陳,朱雀,九地,九天,直符,螣蛇,傷門,杜門,景門,死門,驚門,開門,休門,生門
陽4局壬子,壬,艮,艮,天任,生門,寅卯,丁,壬,乙,戊,癸,丙己,辛,庚,丁,壬,乙,戊,癸,丙己,辛,庚,天蓬,天任,天冲,天輔,天英,天芮,天柱,天心,九天,直符,螣蛇,太陰,六合,勾陳,朱雀,九地,杜門,景門,死門,驚門,開門,休門,生門,傷門
陽4局癸丑,壬,離,艮,天任,生門,寅卯,丙己,辛,庚,丁,壬,乙,戊,癸,丁,壬,乙,戊,癸,丙己,辛,庚,天芮,天柱,天心,天蓬,天任,天冲,天輔,天英,勾陳,朱雀,九地,九天,直符,螣蛇,太陰,六合,休門,生門,傷門,杜門,景門,死門,驚門,開門
陽4局甲寅,癸,離,離,天英,景門,子丑,丁,壬,乙,戊,癸,丙己,辛,庚,丁,壬,乙,戊,癸,丙己,辛,庚,天蓬,天任,天冲,天輔,天英,天芮,天柱,天心,勾陳,朱雀,九地,九天,直符,螣蛇,太陰,六合,休門,生門,傷門,杜門,景門,死門,驚門,開門
陽4局乙卯,癸,震,離,天英,景門,子丑,乙,戊,癸,丙己,辛,庚,丁,壬,丁,壬,乙,戊,癸,丙己,辛,庚,天冲,天輔,天英,天芮,天柱,天心,天蓬,天任,九地,九天,直符,螣蛇,太陰,六合,勾陳,朱雀,景門,死門,驚門,開門,休門,生門,傷門,杜門
陽4局丙辰,癸,坤,離,天英,景門,子丑,庚,丁,壬,乙,戊,癸,丙己,辛,丁,壬,乙,戊,癸,丙己,辛,庚,天心,天蓬,天任,天冲,天輔,天英,天芮,天柱,六合,勾陳,朱雀,九地,九天,直符,螣蛇,太陰,開門,休門,生門,傷門,杜門,景門,死門,驚門
陽4局丁巳,癸,坎,離,天英,景門,子丑,癸,丙己,辛,庚,丁,壬,乙,戊,丁,壬,乙,戊,癸,丙己,辛,庚,天英,天芮,天柱,天心,天蓬,天任,天冲,天輔,直符,螣蛇,太陰,六合,勾陳,朱雀,九地,九天,傷門,杜門,景門,死門,驚門,開門,休門,生門
陽4局戊午,癸,巽,離,天英,景門,子丑,壬,乙,戊,癸,丙己,辛,庚,丁,丁,壬,乙,戊,癸,丙己,辛,庚,天任,天冲,天輔,天英,天芮,天柱,天心,天蓬,朱雀,九地,九天,直符,螣蛇,太陰,六合,勾陳,生門,傷門,杜門,景門,死門,驚門,開門,休門
陽4局己未,癸,坤,離,天英,景門,子丑,庚,丁,壬,乙,戊,癸,丙己,辛,丁,壬,乙,戊,癸,丙己,辛,庚,天心,天蓬,天任,天冲,天輔,天英,天芮,天柱,六合,勾陳,朱雀,九地,九天,直符,螣蛇,太陰,開門,休門,生門,傷門,杜門,景門,死門,驚門
陽4局庚申,癸,壬,離,天英,景門,子丑,丙己,辛,庚,丁,壬,乙,戊,癸,丁,壬,乙,戊,癸,丙己,辛,庚,天芮,天柱,天心,天蓬,天任,天冲,天輔,天英,螣蛇,太陰,六合,勾陳,朱雀,九地,九天,直符,死門,驚門,開門,休門,生門,傷門,杜門,景門
陽4局辛酉,癸,兌,離,天英,景門,子丑,辛,庚,丁,壬,乙,戊,癸,丙己,丁,壬,乙,戊,癸,丙己,辛,庚,天柱,天心,天蓬,天任,天冲,天輔,天英,天芮,太陰,六合,勾陳,朱雀,九地,九天,直符,螣蛇,驚門,開門,休門,生門,傷門,杜門,景門,死門
陽4局壬戌,癸,艮,離,天英,景門,子丑,戊,癸,丙己,辛,庚,丁,壬,乙,丁,壬,乙,戊,癸,丙己,辛,庚,天輔,天英,天芮,天柱,天心,天蓬,天任,天冲,九天,直符,螣蛇,太陰,六合,勾陳,朱雀,九地,杜門,景門,死門,驚門,開門,休門,生門,傷門
陽4局癸亥,癸,離,離,天英,景門,子丑,丁,壬,乙,戊,癸,丙己,辛,庚,丁,壬,乙,戊,癸,丙己,辛,庚,天蓬,天任,天冲,天輔,天英,天芮,天柱,天心,勾陳,朱雀,九地,九天,直符,螣蛇,太陰,六合,休門,生門,傷門,杜門,景門,死門,驚門,開門
陽5局甲子,戊,坤,坤,天芮,死門,戌亥,癸,辛,丙,乙,壬,丁戊,庚,己,癸,辛,丙,乙,壬,丁戊,庚,己,天蓬,天任,天冲,天輔,天英,天芮,天柱,天心,六合,勾陳,朱雀,九地,九天,直符,螣蛇,太陰,休門,生門,傷門,杜門,景門,死門,驚門,開門
陽5局乙丑,戊,巽,坤,天芮,死門,戌亥,丙,乙,壬,丁戊,庚,己,癸,辛,癸,辛,丙,乙,壬,丁戊,庚,己,天冲,天輔,天英,天芮,天柱,天心,天蓬,天任,朱雀,九地,九天,直符,螣蛇,太陰,六合,勾陳,驚門,開門,休門,生門,傷門,杜門,景門,死門
陽5局丙寅,戊,震,坤,天芮,死門,戌亥,乙,壬,丁戊,庚,己,癸,辛,丙,癸,辛,丙,乙,壬,丁戊,庚,己,天輔,天英,天芮,天柱,天心,天蓬,天任,天冲,九地,九天,直符,螣蛇,太陰,六合,勾陳,朱雀,開門,休門,生門,傷門,杜門,景門,死門,驚門
陽5局丁卯,戊,坤,坤,天芮,死門,戌亥,癸,辛,丙,乙,壬,丁戊,庚,己,癸,辛,丙,乙,壬,丁戊,庚,己,天蓬,天任,天冲,天輔,天英,天芮,天柱,天心,六合,勾陳,朱雀,九地,九天,直符,螣蛇,太陰,景門,死門,驚門,開門,休門,生門,傷門,杜門
陽5局戊辰,戊,坤,坤,天芮,死門,戌亥,癸,辛,丙,乙,壬,丁戊,庚,己,癸,辛,丙,乙,壬,丁戊,庚,己,天蓬,天任,天冲,天輔,天英,天芮,天柱,天心,六合,勾陳,朱雀,九地,九天,直符,螣蛇,太陰,生門,傷門,杜門,景門,死門,驚門,開門,休門
陽5局己巳,戊,乾,坤,天芮,死門,戌亥,庚,己,癸,辛,丙,乙,壬,丁戊,癸,辛,丙,乙,壬,丁戊,庚,己,天柱,天心,天蓬,天任,天冲,天輔,天英,天芮,螣蛇,太陰,六合,勾陳,朱雀,九地,九天,直符,死門,驚門,開門,休門,生門,傷門,杜門,景門
陽5局庚午,戊,兌,坤,天芮,死門,戌亥,己,癸,辛,丙,乙,壬,丁戊,庚,癸,辛,丙,乙,壬,丁戊,庚,己,天心,天蓬,天任,天冲,天輔,天英,天芮,天柱,太陰,六合,勾陳,朱雀,九地,九天,直符,螣蛇,休門,生門,傷門,杜門,景門,死門,驚門,開門
陽5局辛未,戊,艮,坤,天芮,死門,戌亥,壬,丁戊,庚,己,癸,辛,丙,乙,癸,辛,丙,乙,壬,丁戊,庚,己,天英,天芮,天柱,天心,天蓬,天任,天冲,天輔,九天,直符,螣蛇,太陰,六合,勾陳,朱雀,九地,杜門,景門,死門,驚門,開門,休門,生門,傷門
陽5局壬申,戊,離,坤,天芮,死門,戌亥,辛,丙,乙,壬,丁戊,庚,己,癸,癸,辛,丙,乙,壬,丁戊,庚,己,天任,天冲,天輔,天英,天芮,天柱,天心,天蓬,勾陳,朱雀,九地,九天,直符,螣蛇,太陰,六合,傷門,杜門,景門,死門,驚門,開門,休門,生門
陽5局癸酉,戊,坎,坤,天芮,死門,戌亥,丁戊,庚,己,癸,辛,丙,乙,壬,癸,辛,丙,乙,壬,丁戊,庚,己,天芮,天柱,天心,天蓬,天任,天冲,天輔,天英,直符,螣蛇,太陰,六合,勾陳,朱雀,九地,九天,休門,生門,傷門,杜門,景門,死門,驚門,開門
陽5局甲戌,己,壬,乾,天心,開門,申酉,癸,辛,丙,乙,壬,丁戊,庚,己,癸,辛,丙,乙,壬,丁戊,庚,己,天蓬,天任,天冲,天輔,天英,天芮,天柱,天心,螣蛇,太陰,六合,勾陳,朱雀,九地,九天,直符,休門,生門,傷門,杜門,景門,死門,驚門,開門
陽5局乙亥,己,巽,乾,天心,開門,申酉,壬,丁戊,庚,己,癸,辛,丙,乙,癸,辛,丙,乙,壬,丁戊,庚,己,天英,天芮,天柱,天心,天蓬,天任,天冲,天輔,朱雀,九地,九天,直符,螣蛇,太陰,六合,勾陳,生門,傷門,杜門,景門,死門,驚門,開門,休門
陽5局丙子,己,震,乾,天心,開門,申酉,丁戊,庚,己,癸,辛,丙,乙,壬,癸,辛,丙,乙,壬,丁戊,庚,己,天芮,天柱,天心,天蓬,天任,天冲,天輔,天英,九地,九天,直符,螣蛇,太陰,六合,勾陳,朱雀,驚門,開門,休門,生門,傷門,杜門,景門,死門
陽5局丁丑,己,坤,乾,天心,開門,申酉,丙,乙,壬,丁戊,庚,己,癸,辛,癸,辛,丙,乙,壬,丁戊,庚,己,天冲,天輔,天英,天芮,天柱,天心,天蓬,天任,六合,勾陳,朱雀,九地,九天,直符,螣蛇,太陰,杜門,景門,死門,驚門,開門,休門,生門,傷門
陽5局戊寅,己,坤,乾,天心,開門,申酉,丙,乙,壬,丁戊,庚,己,癸,辛,癸,辛,丙,乙,壬,丁戊,庚,己,天冲,天輔,天英,天芮,天柱,天心,天蓬,天任,六合,勾陳,朱雀,九地,九天,直符,螣蛇,太陰,開門,休門,生門,傷門,杜門,景門,死門,驚門
陽5局己卯,己,壬,乾,天心,開門,申酉,癸,辛,丙,乙,壬,丁戊,庚,己,癸,辛,丙,乙,壬,丁戊,庚,己,天蓬,天任,天冲,天輔,天英,天芮,天柱,天心,螣蛇,太陰,六合,勾陳,朱雀,九地,九天,直符,傷門,杜門,景門,死門,驚門,開門,休門,生門
陽5局庚辰,己,兌,乾,天心,開門,申酉,辛,丙,乙,壬,丁戊,庚,己,癸,癸,辛,丙,乙,壬,丁戊,庚,己,天任,天冲,天輔,天英,天芮,天柱,天心,天蓬,太陰,六合,勾陳,朱雀,九地,九天,直符,螣蛇,死門,驚門,開門,休門,生門,傷門,杜門,景門
陽5局辛巳,己,艮,乾,天心,開門,申酉,庚,己,癸,辛,丙,乙,壬,丁戊,癸,辛,丙,乙,壬,丁戊,庚,己,天柱,天心,天蓬,天任,天冲,天輔,天英,天芮,九天,直符,螣蛇,太陰,六合,勾陳,朱雀,九地,景門,死門,驚門,開門,休門,生門,傷門,杜門
陽5局壬午,己,離,乾,天心,開門,申酉,乙,壬,丁戊,庚,己,癸,辛,丙,癸,辛,丙,乙,壬,丁戊,庚,己,天輔,天英,天芮,天柱,天心,天蓬,天任,天冲,勾陳,朱雀,九地,九天,直符,螣蛇,太陰,六合,傷門,杜門,景門,死門,驚門,開門,休門,生門
陽5局癸未,己,坎,乾,天心,開門,申酉,己,癸,辛,丙,乙,壬,丁戊,庚,癸,辛,丙,乙,壬,丁戊,庚,己,天心,天蓬,天任,天冲,天輔,天英,天芮,天柱,直符,螣蛇,太陰,六合,勾陳,朱雀,九地,九天,休門,生門,傷門,杜門,景門,死門,驚門,開門
陽5局甲申,庚,兌,兌,天柱,驚門,午未,癸,辛,丙,乙,壬,丁戊,庚,己,癸,辛,丙,乙,壬,丁戊,庚,己,天蓬,天任,天冲,天輔,天英,天芮,天柱,天心,太陰,六合,勾陳,朱雀,九地,九天,直符,螣蛇,休門,生門,傷門,杜門,景門,死門,驚門,開門
陽5局乙酉,庚,巽,兌,天柱,驚門,午未,乙,壬,丁戊,庚,己,癸,辛,丙,癸,辛,丙,乙,壬,丁戊,庚,己,天輔,天英,天芮,天柱,天心,天蓬,天任,天冲,朱雀,九地,九天,直符,螣蛇,太陰,六合,勾陳,死門,驚門,開門,休門,生門,傷門,杜門,景門
陽5局丙戌,庚,震,兌,天柱,驚門,午未,壬,丁戊,庚,己,癸,辛,丙,乙,癸,辛,丙,乙,壬,丁戊,庚,己,天英,天芮,天柱,天心,天蓬,天任,天冲,天輔,九地,九天,直符,螣蛇,太陰,六合,勾陳,朱雀,傷門,杜門,景門,死門,驚門,開門,休門,生門
陽5局丁亥,庚,坤,兌,天柱,驚門,午未,辛,丙,乙,壬,丁戊,庚,己,癸,癸,辛,丙,乙,壬,丁戊,庚,己,天任,天冲,天輔,天英,天芮,天柱,天心,天蓬,六合,勾陳,朱雀,九地,九天,直符,螣蛇,太陰,驚門,開門,休門,生門,傷門,杜門,景門,死門
陽5局戊子,庚,坤,兌,天柱,驚門,午未,辛,丙,乙,壬,丁戊,庚,己,癸,癸,辛,丙,乙,壬,丁戊,庚,己,天任,天冲,天輔,天英,天芮,天柱,天心,天蓬,六合,勾陳,朱雀,九地,九天,直符,螣蛇,太陰,生門,傷門,杜門,景門,死門,驚門,開門,休門
陽5局己丑,庚,壬,兌,天柱,驚門,午未,己,癸,辛,丙,乙,壬,丁戊,庚,癸,辛,丙,乙,壬,丁戊,庚,己,天心,天蓬,天任,天冲,天輔,天英,天芮,天柱,螣蛇,太陰,六合,勾陳,朱雀,九地,九天,直符,景門,死門,驚門,開門,休門,生門,傷門,杜門
陽5局庚寅,庚,兌,兌,天柱,驚門,午未,癸,辛,丙,乙,壬,丁戊,庚,己,癸,辛,丙,乙,壬,丁戊,庚,己,天蓬,天任,天冲,天輔,天英,天芮,天柱,天心,太陰,六合,勾陳,朱雀,九地,九天,直符,螣蛇,杜門,景門,死門,驚門,開門,休門,生門,傷門
陽5局辛卯,庚,艮,兌,天柱,驚門,午未,丁戊,庚,己,癸,辛,丙,乙,壬,癸,辛,丙,乙,壬,丁戊,庚,己,天芮,天柱,天心,天蓬,天任,天冲,天輔,天英,九天,直符,螣蛇,太陰,六合,勾陳,朱雀,九地,生門,傷門,杜門,景門,死門,驚門,開門,休門
陽5局壬辰,庚,離,兌,天柱,驚門,午未,丙,乙,壬,丁戊,庚,己,癸,辛,癸,辛,丙,乙,壬,丁戊,庚,己,天冲,天輔,天英,天芮,天柱,天心,天蓬,天任,勾陳,朱雀,九地,九天,直符,螣蛇,太陰,六合,開門,休門,生門,傷門,杜門,景門,死門,驚門
陽5局癸巳,庚,坎,兌,天柱,驚門,午未,庚,己,癸,辛,丙,乙,壬,丁戊,癸,辛,丙,乙,壬,丁戊,庚,己,天柱,天心,天蓬,天任,天冲,天輔,天英,天芮,直符,螣蛇,太陰,六合,勾陳,朱雀,九地,九天,休門,生門,傷門,杜門,景門,死門,驚門,開門
陽5局甲午,辛,艮,艮,天任,生門,辰巳,癸,辛,丙,乙,壬,丁戊,庚,己,癸,辛,丙,乙,壬,丁戊,庚,己,天蓬,天任,天冲,天輔,天英,天芮,天柱,天心,九天,直符,螣蛇,太陰,六合,勾陳,朱雀,九地,休門,生門,傷門,杜門,景門,死門,驚門,開門
陽5局乙未,辛,巽,艮,天任,生門,辰巳,庚,己,癸,辛,丙,乙,壬,丁戊,癸,辛,丙,乙,壬,丁戊,庚,己,天柱,天心,天蓬,天任,天冲,天輔,天英,天芮,朱雀,九地,九天,直符,螣蛇,太陰,六合,勾陳,死門,驚門,開門,休門,生門,傷門,杜門,景門
陽5局丙申,辛,震,艮,天任,生門,辰巳,己,癸,辛,丙,乙,壬,丁戊,庚,癸,辛,丙,乙,壬,丁戊,庚,己,天心,天蓬,天任,天冲,天輔,天英,天芮,天柱,九地,九天,直符,螣蛇,太陰,六合,勾陳,朱雀,生門,傷門,杜門,景門,死門,驚門,開門,休門
陽5局丁酉,辛,坤,艮,天任,生門,辰巳,壬,丁戊,庚,己,癸,辛,丙,乙,癸,辛,丙,乙,壬,丁戊,庚,己,天英,天芮,天柱,天心,天蓬,天任,天冲,天輔,六合,勾陳,朱雀,九地,九天,直符,螣蛇,太陰,景門,死門,驚門,開門,休門,生門,傷門,杜門
陽5局戊戌,辛,坤,艮,天任,生門,辰巳,壬,丁戊,庚,己,癸,辛,丙,乙,癸,辛,丙,乙,壬,丁戊,庚,己,天英,天芮,天柱,天心,天蓬,天任,天冲,天輔,六合,勾陳,朱雀,九地,九天,直符,螣蛇,太陰,開門,休門,生門,傷門,杜門,景門,死門,驚門
陽5局己亥,辛,壬,艮,天任,生門,辰巳,丙,乙,壬,丁戊,庚,己,癸,辛,癸,辛,丙,乙,壬,丁戊,庚,己,天冲,天輔,天英,天芮,天柱,天心,天蓬,天任,螣蛇,太陰,六合,勾陳,朱雀,九地,九天,直符,驚門,開門,休門,生門,傷門,杜門,景門,死門
陽5局庚子,辛,兌,艮,天任,生門,辰巳,乙,壬,丁戊,庚,己,癸,辛,丙,癸,辛,丙,乙,壬,丁戊,庚,己,天輔,天英,天芮,天柱,天心,天蓬,天任,天冲,太陰,六合,勾陳,朱雀,九地,九天,直符,螣蛇,景門,死門,驚門,開門,休門,生門,傷門,杜門
陽5局辛丑,辛,艮,艮,天任,生門,辰巳,癸,辛,丙,乙,壬,丁戊,庚,己,癸,辛,丙,乙,壬,丁戊,庚,己,天蓬,天任,天冲,天輔,天英,天芮,天柱,天心,九天,直符,螣蛇,太陰,六合,勾陳,朱雀,九地,傷門,杜門,景門,死門,驚門,開門,休門,生門
陽5局壬寅,辛,離,艮,天任,生門,辰巳,丁戊,庚,己,癸,辛,丙,乙,壬,癸,辛,丙,乙,壬,丁戊,庚,己,天芮,天柱,天心,天蓬,天任,天冲,天輔,天英,勾陳,朱雀,九地,九天,直符,螣蛇,太陰,六合,杜門,景門,死門,驚門,開門,休門,生門,傷門
陽5局癸卯,辛,坎,艮,天任,生門,辰巳,辛,丙,乙,壬,丁戊,庚,己,癸,癸,辛,丙,乙,壬,丁戊,庚,己,天任,天冲,天輔,天英,天芮,天柱,天心,天蓬,直符,螣蛇,太陰,六合,勾陳,朱雀,九地,九天,休門,生門,傷門,杜門,景門,死門,驚門,開門
陽5局甲辰,壬,離,離,天英,景門,寅卯,癸,辛,丙,乙,壬,丁戊,庚,己,癸,辛,丙,乙,壬,丁戊,庚,己,天蓬,天任,天冲,天輔,天英,天芮,天柱,天心,勾陳,朱雀,九地,九天,直符,螣蛇,太陰,六合,休門,生門,傷門,杜門,景門,死門,驚門,開門
陽5局乙巳,壬,巽,離,天英,景門,寅卯,辛,丙,乙,壬,丁戊,庚,己,癸,癸,辛,丙,乙,壬,丁戊,庚,己,天任,天冲,天輔,天英,天芮,天柱,天心,天蓬,朱雀,九地,九天,直符,螣蛇,太陰,六合,勾陳,景門,死門,驚門,開門,休門,生門,傷門,杜門
陽5局丙午,壬,震,離,天英,景門,寅卯,丙,乙,壬,丁戊,庚,己,癸,辛,癸,辛,丙,乙,壬,丁戊,庚,己,天冲,天輔,天英,天芮,天柱,天心,天蓬,天任,九地,九天,直符,螣蛇,太陰,六合,勾陳,朱雀,開門,休門,生門,傷門,杜門,景門,死門,驚門
陽5局丁未,壬,坤,離,天英,景門,寅卯,己,癸,辛,丙,乙,壬,丁戊,庚,癸,辛,丙,乙,壬,丁戊,庚,己,天心,天蓬,天任,天冲,天輔,天英,天芮,天柱,六合,勾陳,朱雀,九地,九天,直符,螣蛇,太陰,傷門,杜門,景門,死門,驚門,開門,休門,生門
陽5局戊申,壬,坤,離,天英,景門,寅卯,己,癸,辛,丙,乙,壬,丁戊,庚,癸,辛,丙,乙,壬,丁戊,庚,己,天心,天蓬,天任,天冲,天輔,天英,天芮,天柱,六合,勾陳,朱雀,九地,九天,直符,螣蛇,太陰,生門,傷門,杜門,景門,死門,驚門,開門,休門
陽5局己酉,壬,壬,離,天英,景門,寅卯,丁戊,庚,己,癸,辛,丙,乙,壬,癸,辛,丙,乙,壬,丁戊,庚,己,天芮,天柱,天心,天蓬,天任,天冲,天輔,天英,螣蛇,太陰,六合,勾陳,朱雀,九地,九天,直符,開門,休門,生門,傷門,杜門,景門,死門,驚門
陽5局庚戌,壬,兌,離,天英,景門,寅卯,庚,己,癸,辛,丙,乙,壬,丁戊,癸,辛,丙,乙,壬,丁戊,庚,己,天柱,天心,天蓬,天任,天冲,天輔,天英,天芮,太陰,六合,勾陳,朱雀,九地,九天,直符,螣蛇,死門,驚門,開門,休門,生門,傷門,杜門,景門
陽5局辛亥,壬,艮,離,天英,景門,寅卯,乙,壬,丁戊,庚,己,癸,辛,丙,癸,辛,丙,乙,壬,丁戊,庚,己,天輔,天英,天芮,天柱,天心,天蓬,天任,天冲,九天,直符,螣蛇,太陰,六合,勾陳,朱雀,九地,驚門,開門,休門,生門,傷門,杜門,景門,死門
陽5局壬子,壬,離,離,天英,景門,寅卯,癸,辛,丙,乙,壬,丁戊,庚,己,癸,辛,丙,乙,壬,丁戊,庚,己,天蓬,天任,天冲,天輔,天英,天芮,天柱,天心,勾陳,朱雀,九地,九天,直符,螣蛇,太陰,六合,杜門,景門,死門,驚門,開門,休門,生門,傷門
陽5局癸丑,壬,坎,離,天英,景門,寅卯,壬,丁戊,庚,己,癸,辛,丙,乙,癸,辛,丙,乙,壬,丁戊,庚,己,天英,天芮,天柱,天心,天蓬,天任,天冲,天輔,直符,螣蛇,太陰,六合,勾陳,朱雀,九地,九天,休門,生門,傷門,杜門,景門,死門,驚門,開門
陽5局甲寅,癸,坎,坎,天蓬,休門,子丑,癸,辛,丙,乙,壬,丁戊,庚,己,癸,辛,丙,乙,壬,丁戊,庚,己,天蓬,天任,天冲,天輔,天英,天芮,天柱,天心,直符,螣蛇,太陰,六合,勾陳,朱雀,九地,九天,休門,生門,傷門,杜門,景門,死門,驚門,開門
陽5局乙卯,癸,巽,坎,天蓬,休門,子丑,丁戊,庚,己,癸,辛,丙,乙,壬,癸,辛,丙,乙,壬,丁戊,庚,己,天芮,天柱,天心,天蓬,天任,天冲,天輔,天英,朱雀,九地,九天,直符,螣蛇,太陰,六合,勾陳,杜門,景門,死門,驚門,開門,休門,生門,傷門
陽5局丙辰,癸,震,坎,天蓬,休門,子丑,庚,己,癸,辛,丙,乙,壬,丁戊,癸,辛,丙,乙,壬,丁戊,庚,己,天柱,天心,天蓬,天任,天冲,天輔,天英,天芮,九地,九天,直符,螣蛇,太陰,六合,勾陳,朱雀,驚門,開門,休門,生門,傷門,杜門,景門,死門
陽5局丁巳,癸,坤,坎,天蓬,休門,子丑,乙,壬,丁戊,庚,己,癸,辛,丙,癸,辛,丙,乙,壬,丁戊,庚,己,天輔,天英,天芮,天柱,天心,天蓬,天任,天冲,六合,勾陳,朱雀,九地,九天,直符,螣蛇,太陰,死門,驚門,開門,休門,生門,傷門,杜門,景門
陽5局戊午,癸,坤,坎,天蓬,休門,子丑,乙,壬,丁戊,庚,己,癸,辛,丙,癸,辛,丙,乙,壬,丁戊,庚,己,天輔,天英,天芮,天柱,天心,天蓬,天任,天冲,六合,勾陳,朱雀,九地,九天,直符,螣蛇,太陰,杜門,景門,死門,驚門,開門,休門,生門,傷門
陽5局己未,癸,壬,坎,天蓬,休門,子丑,辛,丙,乙,壬,丁戊,庚,己,癸,癸,辛,丙,乙,壬,丁戊,庚,己,天任,天冲,天輔,天英,天芮,天柱,天心,天蓬,螣蛇,太陰,六合,勾陳,朱雀,九地,九天,直符,生門,傷門,杜門,景門,死門,驚門,開門,休門
陽5局庚申,癸,兌,坎,天蓬,休門,子丑,丙,乙,壬,丁戊,庚,己,癸,辛,癸,辛,丙,乙,壬,丁戊,庚,己,天冲,天輔,天英,天芮,天柱,天心,天蓬,天任,太陰,六合,勾陳,朱雀,九地,九天,直符,螣蛇,傷門,杜門,景門,死門,驚門,開門,休門,生門
陽5局辛酉,癸,艮,坎,天蓬,休門,子丑,己,癸,辛,丙,乙,壬,丁戊,庚,癸,辛,丙,乙,壬,丁戊,庚,己,天心,天蓬,天任,天冲,天輔,天英,天芮,天柱,九天,直符,螣蛇,太陰,六合,勾陳,朱雀,九地,開門,休門,生門,傷門,杜門,景門,死門,驚門
陽5局壬戌,癸,離,坎,天蓬,休門,子丑,壬,丁戊,庚,己,癸,辛,丙,乙,癸,辛,丙,乙,壬,丁戊,庚,己,天英,天芮,天柱,天心,天蓬,天任,天冲,天輔,勾陳,朱雀,九地,九天,直符,螣蛇,太陰,六合,景門,死門,驚門,開門,休門,生門,傷門,杜門
陽5局癸亥,癸,坎,坎,天蓬,休門,子丑,癸,辛,丙,乙,壬,丁戊,庚,己,癸,辛,丙,乙,壬,丁戊,庚,己,天蓬,天任,天冲,天輔,天英,天芮,天柱,天心,直符,螣蛇,太陰,六合,勾陳,朱雀,九地,九天,休門,生門,傷門,杜門,景門,死門,驚門,開門
陽6局甲子,戊,壬,乾,天心,開門,戌亥,壬,庚,丁,丙,辛,癸乙,己,戊,壬,庚,丁,丙,辛,癸乙,己,戊,天蓬,天任,天冲,天輔,天英,天芮,天柱,天心,螣蛇,太陰,六合,勾陳,朱雀,九地,九天,直符,休門,生門,傷門,杜門,景門,死門,驚門,開門
陽6局乙丑,戊,坤,乾,天心,開門,戌亥,丁,丙,辛,癸乙,己,戊,壬,庚,壬,庚,丁,丙,辛,癸乙,己,戊,天冲,天輔,天英,天芮,天柱,天心,天蓬,天任,六合,勾陳,朱雀,九地,九天,直符,螣蛇,太陰,生門,傷門,杜門,景門,死門,驚門,開門,休門
陽6局丙寅,戊,巽,乾,天心,開門,戌亥,辛,癸乙,己,戊,壬,庚,丁,丙,壬,庚,丁,丙,辛,癸乙,己,戊,天英,天芮,天柱,天心,天蓬,天任,天冲,天輔,朱雀,九地,九天,直符,螣蛇,太陰,六合,勾陳,驚門,開門,休門,生門,傷門,杜門,景門,死門
陽6局丁卯,戊,震,乾,天心,開門,戌亥,癸乙,己,戊,壬,庚,丁,丙,辛,壬,庚,丁,丙,辛,癸乙,己,戊,天芮,天柱,天心,天蓬,天任,天冲,天輔,天英,九地,九天,直符,螣蛇,太陰,六合,勾陳,朱雀,杜門,景門,死門,驚門,開門,休門,生門,傷門
陽6局戊辰,戊,壬,乾,天心,開門,戌亥,壬,庚,丁,丙,辛,癸乙,己,戊,壬,庚,丁,丙,辛,癸乙,己,戊,天蓬,天任,天冲,天輔,天英,天芮,天柱,天心,螣蛇,太陰,六合,勾陳,朱雀,九地,九天,直符,開門,休門,生門,傷門,杜門,景門,死門,驚門
陽6局己巳,戊,兌,乾,天心,開門,戌亥,庚,丁,丙,辛,癸乙,己,戊,壬,壬,庚,丁,丙,辛,癸乙,己,戊,天任,天冲,天輔,天英,天芮,天柱,天心,天蓬,太陰,六合,勾陳,朱雀,九地,九天,直符,螣蛇,傷門,杜門,景門,死門,驚門,開門,休門,生門
陽6局庚午,戊,艮,乾,天心,開門,戌亥,己,戊,壬,庚,丁,丙,辛,癸乙,壬,庚,丁,丙,辛,癸乙,己,戊,天柱,天心,天蓬,天任,天冲,天輔,天英,天芮,九天,直符,螣蛇,太陰,六合,勾陳,朱雀,九地,死門,驚門,開門,休門,生門,傷門,杜門,景門
陽6局辛未,戊,離,乾,天心,開門,戌亥,丙,辛,癸乙,己,戊,壬,庚,丁,壬,庚,丁,丙,辛,癸乙,己,戊,天輔,天英,天芮,天柱,天心,天蓬,天任,天冲,勾陳,朱雀,九地,九天,直符,螣蛇,太陰,六合,景門,死門,驚門,開門,休門,生門,傷門,杜門
陽6局壬申,戊,坎,乾,天心,開門,戌亥,戊,壬,庚,丁,丙,辛,癸乙,己,壬,庚,丁,丙,辛,癸乙,己,戊,天心,天蓬,天任,天冲,天輔,天英,天芮,天柱,直符,螣蛇,太陰,六合,勾陳,朱雀,九地,九天,景門,死門,驚門,開門,休門,生門,傷門,杜門
陽6局癸酉,戊,坤,乾,天心,開門,戌亥,丁,丙,辛,癸乙,己,戊,壬,庚,壬,庚,丁,丙,辛,癸乙,己,戊,天冲,天輔,天英,天芮,天柱,天心,天蓬,天任,六合,勾陳,朱雀,九地,九天,直符,螣蛇,太陰,傷門,杜門,景門,死門,驚門,開門,休門,生門
陽6局甲戌,己,兌,兌,天柱,驚門,申酉,壬,庚,丁,丙,辛,癸乙,己,戊,壬,庚,丁,丙,辛,癸乙,己,戊,天蓬,天任,天冲,天輔,天英,天芮,天柱,天心,太陰,六合,勾陳,朱雀,九地,九天,直符,螣蛇,休門,生門,傷門,杜門,景門,死門,驚門,開門
陽6局乙亥,己,坤,兌,天柱,驚門,申酉,庚,丁,丙,辛,癸乙,己,戊,壬,壬,庚,丁,丙,辛,癸乙,己,戊,天任,天冲,天輔,天英,天芮,天柱,天心,天蓬,六合,勾陳,朱雀,九地,九天,直符,螣蛇,太陰,死門,驚門,開門,休門,生門,傷門,杜門,景門
陽6局丙子,己,巽,兌,天柱,驚門,申酉,丙,辛,癸乙,己,戊,壬,庚,丁,壬,庚,丁,丙,辛,癸乙,己,戊,天輔,天英,天芮,天柱,天心,天蓬,天任,天冲,朱雀,九地,九天,直符,螣蛇,太陰,六合,勾陳,傷門,杜門,景門,死門,驚門,開門,休門,生門
陽6局丁丑,己,震,兌,天柱,驚門,申酉,辛,癸乙,己,戊,壬,庚,丁,丙,壬,庚,丁,丙,辛,癸乙,己,戊,天英,天芮,天柱,天心,天蓬,天任,天冲,天輔,九地,九天,直符,螣蛇,太陰,六合,勾陳,朱雀,驚門,開門,休門,生門,傷門,杜門,景門,死門
陽6局戊寅,己,壬,兌,天柱,驚門,申酉,戊,壬,庚,丁,丙,辛,癸乙,己,壬,庚,丁,丙,辛,癸乙,己,戊,天心,天蓬,天任,天冲,天輔,天英,天芮,天柱,螣蛇,太陰,六合,勾陳,朱雀,九地,九天,直符,生門,傷門,杜門,景門,死門,驚門,開門,休門
陽6局己卯,己,兌,兌,天柱,驚門,申酉,壬,庚,丁,丙,辛,癸乙,己,戊,壬,庚,丁,丙,辛,癸乙,己,戊,天蓬,天任,天冲,天輔,天英,天芮,天柱,天心,太陰,六合,勾陳,朱雀,九地,九天,直符,螣蛇,景門,死門,驚門,開門,休門,生門,傷門,杜門
陽6局庚辰,己,艮,兌,天柱,驚門,申酉,癸乙,己,戊,壬,庚,丁,丙,辛,壬,庚,丁,丙,辛,癸乙,己,戊,天芮,天柱,天心,天蓬,天任,天冲,天輔,天英,九天,直符,螣蛇,太陰,六合,勾陳,朱雀,九地,杜門,景門,死門,驚門,開門,休門,生門,傷門
陽6局辛巳,己,離,兌,天柱,驚門,申酉,丁,丙,辛,癸乙,己,戊,壬,庚,壬,庚,丁,丙,辛,癸乙,己,戊,天冲,天輔,天英,天芮,天柱,天心,天蓬,天任,勾陳,朱雀,九地,九天,直符,螣蛇,太陰,六合,生門,傷門,杜門,景門,死門,驚門,開門,休門
陽6局壬午,己,坎,兌,天柱,驚門,申酉,己,戊,壬,庚,丁,丙,辛,癸乙,壬,庚,丁,丙,辛,癸乙,己,戊,天柱,天心,天蓬,天任,天冲,天輔,天英,天芮,直符,螣蛇,太陰,六合,勾陳,朱雀,九地,九天,開門,休門,生門,傷門,杜門,景門,死門,驚門
陽6局癸未,己,坤,兌,天柱,驚門,申酉,庚,丁,丙,辛,癸乙,己,戊,壬,壬,庚,丁,丙,辛,癸乙,己,戊,天任,天冲,天輔,天英,天芮,天柱,天心,天蓬,六合,勾陳,朱雀,九地,九天,直符,螣蛇,太陰,休門,生門,傷門,杜門,景門,死門,驚門,開門
陽6局甲申,庚,艮,艮,天任,生門,午未,壬,庚,丁,丙,辛,癸乙,己,戊,壬,庚,丁,丙,辛,癸乙,己,戊,天蓬,天任,天冲,天輔,天英,天芮,天柱,天心,九天,直符,螣蛇,太陰,六合,勾陳,朱雀,九地,休門,生門,傷門,杜門,景門,死門,驚門,開門
陽6局乙酉,庚,坤,艮,天任,生門,午未,辛,癸乙,己,戊,壬,庚,丁,丙,壬,庚,丁,丙,辛,癸乙,己,戊,天英,天芮,天柱,天心,天蓬,天任,天冲,天輔,六合,勾陳,朱雀,九地,九天,直符,螣蛇,太陰,死門,驚門,開門,休門,生門,傷門,杜門,景門
陽6局丙戌,庚,巽,艮,天任,生門,午未,己,戊,壬,庚,丁,丙,辛,癸乙,壬,庚,丁,丙,辛,癸乙,己,戊,天柱,天心,天蓬,天任,天冲,天輔,天英,天芮,朱雀,九地,九天,直符,螣蛇,太陰,六合,勾陳,生門,傷門,杜門,景門,死門,驚門,開門,休門
陽6局丁亥,庚,震,艮,天任,生門,午未,戊,壬,庚,丁,丙,辛,癸乙,己,壬,庚,丁,丙,辛,癸乙,己,戊,天心,天蓬,天任,天冲,天輔,天英,天芮,天柱,九地,九天,直符,螣蛇,太陰,六合,勾陳,朱雀,景門,死門,驚門,開門,休門,生門,傷門,杜門
陽6局戊子,庚,壬,艮,天任,生門,午未,丁,丙,辛,癸乙,己,戊,壬,庚,壬,庚,丁,丙,辛,癸乙,己,戊,天冲,天輔,天英,天芮,天柱,天心,天蓬,天任,螣蛇,太陰,六合,勾陳,朱雀,九地,九天,直符,開門,休門,生門,傷門,杜門,景門,死門,驚門
陽6局己丑,庚,兌,艮,天任,生門,午未,丙,辛,癸乙,己,戊,壬,庚,丁,壬,庚,丁,丙,辛,癸乙,己,戊,天輔,天英,天芮,天柱,天心,天蓬,天任,天冲,太陰,六合,勾陳,朱雀,九地,九天,直符,螣蛇,驚門,開門,休門,生門,傷門,杜門,景門,死門
陽6局庚寅,庚,艮,艮,天任,生門,午未,壬,庚,丁,丙,辛,癸乙,己,戊,壬,庚,丁,丙,辛,癸乙,己,戊,天蓬,天任,天冲,天輔,天英,天芮,天柱,天心,九天,直符,螣蛇,太陰,六合,勾陳,朱雀,九地,景門,死門,驚門,開門,休門,生門,傷門,杜門
陽6局辛卯,庚,離,艮,天任,生門,午未,癸乙,己,戊,壬,庚,丁,丙,辛,壬,庚,丁,丙,辛,癸乙,己,戊,天芮,天柱,天心,天蓬,天任,天冲,天輔,天英,勾陳,朱雀,九地,九天,直符,螣蛇,太陰,六合,傷門,杜門,景門,死門,驚門,開門,休門,生門
陽6局壬辰,庚,坎,艮,天任,生門,午未,庚,丁,丙,辛,癸乙,己,戊,壬,壬,庚,丁,丙,辛,癸乙,己,戊,天任,天冲,天輔,天英,天芮,天柱,天心,天蓬,直符,螣蛇,太陰,六合,勾陳,朱雀,九地,九天,杜門,景門,死門,驚門,開門,休門,生門,傷門
陽6局癸巳,庚,坤,艮,天任,生門,午未,辛,癸乙,己,戊,壬,庚,丁,丙,壬,庚,丁,丙,辛,癸乙,己,戊,天英,天芮,天柱,天心,天蓬,天任,天冲,天輔,六合,勾陳,朱雀,九地,九天,直符,螣蛇,太陰,休門,生門,傷門,杜門,景門,死門,驚門,開門
陽6局甲午,辛,離,離,天英,景門,辰巳,壬,庚,丁,丙,辛,癸乙,己,戊,壬,庚,丁,丙,辛,癸乙,己,戊,天蓬,天任,天冲,天輔,天英,天芮,天柱,天心,勾陳,朱雀,九地,九天,直符,螣蛇,太陰,六合,休門,生門,傷門,杜門,景門,死門,驚門,開門
陽6局乙未,辛,坤,離,天英,景門,辰巳,戊,壬,庚,丁,丙,辛,癸乙,己,壬,庚,丁,丙,辛,癸乙,己,戊,天心,天蓬,天任,天冲,天輔,天英,天芮,天柱,六合,勾陳,朱雀,九地,九天,直符,螣蛇,太陰,景門,死門,驚門,開門,休門,生門,傷門,杜門
陽6局丙申,辛,巽,離,天英,景門,辰巳,庚,丁,丙,辛,癸乙,己,戊,壬,壬,庚,丁,丙,辛,癸乙,己,戊,天任,天冲,天輔,天英,天芮,天柱,天心,天蓬,朱雀,九地,九天,直符,螣蛇,太陰,六合,勾陳,開門,休門,生門,傷門,杜門,景門,死門,驚門
陽6局丁酉,辛,震,離,天英,景門,辰巳,丁,丙,辛,癸乙,己,戊,壬,庚,壬,庚,丁,丙,辛,癸乙,己,戊,天冲,天輔,天英,天芮,天柱,天心,天蓬,天任,九地,九天,直符,螣蛇,太陰,六合,勾陳,朱雀,傷門,杜門,景門,死門,驚門,開門,休門,生門
陽6局戊戌,辛,壬,離,天英,景門,辰巳,癸乙,己,戊,壬,庚,丁,丙,辛,壬,庚,丁,丙,辛,癸乙,己,戊,天芮,天柱,天心,天蓬,天任,天冲,天輔,天英,螣蛇,太陰,六合,勾陳,朱雀,九地,九天,直符,生門,傷門,杜門,景門,死門,驚門,開門,休門
陽6局己亥,辛,兌,離,天英,景門,辰巳,己,戊,壬,庚,丁,丙,辛,癸乙,壬,庚,丁,丙,辛,癸乙,己,戊,天柱,天心,天蓬,天任,天冲,天輔,天英,天芮,太陰,六合,勾陳,朱雀,九地,九天,直符,螣蛇,開門,休門,生門,傷門,杜門,景門,死門,驚門
陽6局庚子,辛,艮,離,天英,景門,辰巳,丙,辛,癸乙,己,戊,壬,庚,丁,壬,庚,丁,丙,辛,癸乙,己,戊,天輔,天英,天芮,天柱,天心,天蓬,天任,天冲,九天,直符,螣蛇,太陰,六合,勾陳,朱雀,九地,死門,驚門,開門,休門,生門,傷門,杜門,景門
陽6局辛丑,辛,離,離,天英,景門,辰巳,壬,庚,丁,丙,辛,癸乙,己,戊,壬,庚,丁,丙,辛,癸乙,己,戊,天蓬,天任,天冲,天輔,天英,天芮,天柱,天心,勾陳,朱雀,九地,九天,直符,螣蛇,太陰,六合,驚門,開門,休門,生門,傷門,杜門,景門,死門
陽6局壬寅,辛,坎,離,天英,景門,辰巳,辛,癸乙,己,戊,壬,庚,丁,丙,壬,庚,丁,丙,辛,癸乙,己,戊,天英,天芮,天柱,天心,天蓬,天任,天冲,天輔,直符,螣蛇,太陰,六合,勾陳,朱雀,九地,九天,杜門,景門,死門,驚門,開門,休門,生門,傷門
陽6局癸卯,辛,坤,離,天英,景門,辰巳,戊,壬,庚,丁,丙,辛,癸乙,己,壬,庚,丁,丙,辛,癸乙,己,戊,天心,天蓬,天任,天冲,天輔,天英,天芮,天柱,六合,勾陳,朱雀,九地,九天,直符,螣蛇,太陰,休門,生門,傷門,杜門,景門,死門,驚門,開門
陽6局甲辰,壬,坎,坎,天蓬,休門,寅卯,壬,庚,丁,丙,辛,癸乙,己,戊,壬,庚,丁,丙,辛,癸乙,己,戊,天蓬,天任,天冲,天輔,天英,天芮,天柱,天心,直符,螣蛇,太陰,六合,勾陳,朱雀,九地,九天,休門,生門,傷門,杜門,景門,死門,驚門,開門
陽6局乙巳,壬,坤,坎,天蓬,休門,寅卯,丙,辛,癸乙,己,戊,壬,庚,丁,壬,庚,丁,丙,辛,癸乙,己,戊,天輔,天英,天芮,天柱,天心,天蓬,天任,天冲,六合,勾陳,朱雀,九地,九天,直符,螣蛇,太陰,杜門,景門,死門,驚門,開門,休門,生門,傷門
陽6局丙午,壬,巽,坎,天蓬,休門,寅卯,癸乙,己,戊,壬,庚,丁,丙,辛,壬,庚,丁,丙,辛,癸乙,己,戊,天芮,天柱,天心,天蓬,天任,天冲,天輔,天英,朱雀,九地,九天,直符,螣蛇,太陰,六合,勾陳,驚門,開門,休門,生門,傷門,杜門,景門,死門
陽6局丁未,壬,震,坎,天蓬,休門,寅卯,己,戊,壬,庚,丁,丙,辛,癸乙,壬,庚,丁,丙,辛,癸乙,己,戊,天柱,天心,天蓬,天任,天冲,天輔,天英,天芮,九地,九天,直符,螣蛇,太陰,六合,勾陳,朱雀,死門,驚門,開門,休門,生門,傷門,杜門,景門
陽6局戊申,壬,壬,坎,天蓬,休門,寅卯,庚,丁,丙,辛,癸乙,己,戊,壬,壬,庚,丁,丙,辛,癸乙,己,戊,天任,天冲,天輔,天英,天芮,天柱,天心,天蓬,螣蛇,太陰,六合,勾陳,朱雀,九地,九天,直符,杜門,景門,死門,驚門,開門,休門,生門,傷門
陽6局己酉,壬,兌,坎,天蓬,休門,寅卯,丁,丙,辛,癸乙,己,戊,壬,庚,壬,庚,丁,丙,辛,癸乙,己,戊,天冲,天輔,天英,天芮,天柱,天心,天蓬,天任,太陰,六合,勾陳,朱雀,九地,九天,直符,螣蛇,生門,傷門,杜門,景門,死門,驚門,開門,休門
陽6局庚戌,壬,艮,坎,天蓬,休門,寅卯,戊,壬,庚,丁,丙,辛,癸乙,己,壬,庚,丁,丙,辛,癸乙,己,戊,天心,天蓬,天任,天冲,天輔,天英,天芮,天柱,九天,直符,螣蛇,太陰,六合,勾陳,朱雀,九地,傷門,杜門,景門,死門,驚門,開門,休門,生門
陽6局辛亥,壬,離,坎,天蓬,休門,寅卯,辛,癸乙,己,戊,壬,庚,丁,丙,壬,庚,丁,丙,辛,癸乙,己,戊,天英,天芮,天柱,天心,天蓬,天任,天冲,天輔,勾陳,朱雀,九地,九天,直符,螣蛇,太陰,六合,開門,休門,生門,傷門,杜門,景門,死門,驚門
陽6局壬子,壬,坎,坎,天蓬,休門,寅卯,壬,庚,丁,丙,辛,癸乙,己,戊,壬,庚,丁,丙,辛,癸乙,己,戊,天蓬,天任,天冲,天輔,天英,天芮,天柱,天心,直符,螣蛇,太陰,六合,勾陳,朱雀,九地,九天,景門,死門,驚門,開門,休門,生門,傷門,杜門
陽6局癸丑,壬,坤,坎,天蓬,休門,寅卯,丙,辛,癸乙,己,戊,壬,庚,丁,壬,庚,丁,丙,辛,癸乙,己,戊,天輔,天英,天芮,天柱,天心,天蓬,天任,天冲,六合,勾陳,朱雀,九地,九天,直符,螣蛇,太陰,休門,生門,傷門,杜門,景門,死門,驚門,開門
陽6局甲寅,癸,坤,坤,天芮,死門,子丑,壬,庚,丁,丙,辛,癸乙,己,戊,壬,庚,丁,丙,辛,癸乙,己,戊,天蓬,天任,天冲,天輔,天英,天芮,天柱,天心,六合,勾陳,朱雀,九地,九天,直符,螣蛇,太陰,休門,生門,傷門,杜門,景門,死門,驚門,開門
陽6局乙卯,癸,坤,坤,天芮,死門,子丑,壬,庚,丁,丙,辛,癸乙,己,戊,壬,庚,丁,丙,辛,癸乙,己,戊,天蓬,天任,天冲,天輔,天英,天芮,天柱,天心,六合,勾陳,朱雀,九地,九天,直符,螣蛇,太陰,杜門,景門,死門,驚門,開門,休門,生門,傷門
陽6局丙辰,癸,巽,坤,天芮,死門,子丑,丁,丙,辛,癸乙,己,戊,壬,庚,壬,庚,丁,丙,辛,癸乙,己,戊,天冲,天輔,天英,天芮,天柱,天心,天蓬,天任,朱雀,九地,九天,直符,螣蛇,太陰,六合,勾陳,傷門,杜門,景門,死門,驚門,開門,休門,生門
陽6局丁巳,癸,震,坤,天芮,死門,子丑,丙,辛,癸乙,己,戊,壬,庚,丁,壬,庚,丁,丙,辛,癸乙,己,戊,天輔,天英,天芮,天柱,天心,天蓬,天任,天冲,九地,九天,直符,螣蛇,太陰,六合,勾陳,朱雀,休門,生門,傷門,杜門,景門,死門,驚門,開門
陽6局戊午,癸,壬,坤,天芮,死門,子丑,己,戊,壬,庚,丁,丙,辛,癸乙,壬,庚,丁,丙,辛,癸乙,己,戊,天柱,天心,天蓬,天任,天冲,天輔,天英,天芮,螣蛇,太陰,六合,勾陳,朱雀,九地,九天,直符,驚門,開門,休門,生門,傷門,杜門,景門,死門
陽6局己未,癸,兌,坤,天芮,死門,子丑,戊,壬,庚,丁,丙,辛,癸乙,己,壬,庚,丁,丙,辛,癸乙,己,戊,天心,天蓬,天任,天冲,天輔,天英,天芮,天柱,太陰,六合,勾陳,朱雀,九地,九天,直符,螣蛇,開門,休門,生門,傷門,杜門,景門,死門,驚門
陽6局庚申,癸,艮,坤,天芮,死門,子丑,辛,癸乙,己,戊,壬,庚,丁,丙,壬,庚,丁,丙,辛,癸乙,己,戊,天英,天芮,天柱,天心,天蓬,天任,天冲,天輔,九天,直符,螣蛇,太陰,六合,勾陳,朱雀,九地,景門,死門,驚門,開門,休門,生門,傷門,杜門
陽6局辛酉,癸,離,坤,天芮,死門,子丑,庚,丁,丙,辛,癸乙,己,戊,壬,壬,庚,丁,丙,辛,癸乙,己,戊,天任,天冲,天輔,天英,天芮,天柱,天心,天蓬,勾陳,朱雀,九地,九天,直符,螣蛇,太陰,六合,生門,傷門,杜門,景門,死門,驚門,開門,休門
陽6局壬戌,癸,坎,坤,天芮,死門,子丑,癸乙,己,戊,壬,庚,丁,丙,辛,壬,庚,丁,丙,辛,癸乙,己,戊,天芮,天柱,天心,天蓬,天任,天冲,天輔,天英,直符,螣蛇,太陰,六合,勾陳,朱雀,九地,九天,死門,驚門,開門,休門,生門,傷門,杜門,景門
陽6局癸亥,癸,坤,坤,天芮,死門,子丑,壬,庚,丁,丙,辛,癸乙,己,戊,壬,庚,丁,丙,辛,癸乙,己,戊,天蓬,天任,天冲,天輔,天英,天芮,天柱,天心,六合,勾陳,朱雀,九地,九天,直符,螣蛇,太陰,休門,生門,傷門,杜門,景門,死門,驚門,開門
陽7局甲子,戊,兌,兌,天柱,驚門,戌亥,辛,己,癸,丁,庚,壬丙,戊,乙,辛,己,癸,丁,庚,壬丙,戊,乙,天蓬,天任,天冲,天輔,天英,天芮,天柱,天心,太陰,六合,勾陳,朱雀,九地,九天,直符,螣蛇,休門,生門,傷門,杜門,景門,死門,驚門,開門
陽7局乙丑,戊,壬,兌,天柱,驚門,戌亥,乙,辛,己,癸,丁,庚,壬丙,戊,辛,己,癸,丁,庚,壬丙,戊,乙,天心,天蓬,天任,天冲,天輔,天英,天芮,天柱,螣蛇,太陰,六合,勾陳,朱雀,九地,九天,直符,死門,驚門,開門,休門,生門,傷門,杜門,景門
陽7局丙寅,戊,坤,兌,天柱,驚門,戌亥,己,癸,丁,庚,壬丙,戊,乙,辛,辛,己,癸,丁,庚,壬丙,戊,乙,天任,天冲,天輔,天英,天芮,天柱,天心,天蓬,六合,勾陳,朱雀,九地,九天,直符,螣蛇,太陰,傷門,杜門,景門,死門,驚門,開門,休門,生門
陽7局丁卯,戊,巽,兌,天柱,驚門,戌亥,丁,庚,壬丙,戊,乙,辛,己,癸,辛,己,癸,丁,庚,壬丙,戊,乙,天輔,天英,天芮,天柱,天心,天蓬,天任,天冲,朱雀,九地,九天,直符,螣蛇,太陰,六合,勾陳,驚門,開門,休門,生門,傷門,杜門,景門,死門
陽7局戊辰,戊,兌,兌,天柱,驚門,戌亥,辛,己,癸,丁,庚,壬丙,戊,乙,辛,己,癸,丁,庚,壬丙,戊,乙,天蓬,天任,天冲,天輔,天英,天芮,天柱,天心,太陰,六合,勾陳,朱雀,九地,九天,直符,螣蛇,生門,傷門,杜門,景門,死門,驚門,開門,休門
陽7局己巳,戊,艮,兌,天柱,驚門,戌亥,壬丙,戊,乙,辛,己,癸,丁,庚,辛,己,癸,丁,庚,壬丙,戊,乙,天芮,天柱,天心,天蓬,天任,天冲,天輔,天英,九天,直符,螣蛇,太陰,六合,勾陳,朱雀,九地,景門,死門,驚門,開門,休門,生門,傷門,杜門
陽7局庚午,戊,離,兌,天柱,驚門,戌亥,癸,丁,庚,壬丙,戊,乙,辛,己,辛,己,癸,丁,庚,壬丙,戊,乙,天冲,天輔,天英,天芮,天柱,天心,天蓬,天任,勾陳,朱雀,九地,九天,直符,螣蛇,太陰,六合,杜門,景門,死門,驚門,開門,休門,生門,傷門
陽7局辛未,戊,坎,兌,天柱,驚門,戌亥,戊,乙,辛,己,癸,丁,庚,壬丙,辛,己,癸,丁,庚,壬丙,戊,乙,天柱,天心,天蓬,天任,天冲,天輔,天英,天芮,直符,螣蛇,太陰,六合,勾陳,朱雀,九地,九天,生門,傷門,杜門,景門,死門,驚門,開門,休門
陽7局壬申,戊,坤,兌,天柱,驚門,戌亥,己,癸,丁,庚,壬丙,戊,乙,辛,辛,己,癸,丁,庚,壬丙,戊,乙,天任,天冲,天輔,天英,天芮,天柱,天心,天蓬,六合,勾陳,朱雀,九地,九天,直符,螣蛇,太陰,開門,休門,生門,傷門,杜門,景門,死門,驚門
陽7局癸酉,戊,震,兌,天柱,驚門,戌亥,庚,壬丙,戊,乙,辛,己,癸,丁,辛,己,癸,丁,庚,壬丙,戊,乙,天英,天芮,天柱,天心,天蓬,天任,天冲,天輔,九地,九天,直符,螣蛇,太陰,六合,勾陳,朱雀,休門,生門,傷門,杜門,景門,死門,驚門,開門
陽7局甲戌,己,艮,艮,天任,生門,申酉,辛,己,癸,丁,庚,壬丙,戊,乙,辛,己,癸,丁,庚,壬丙,戊,乙,天蓬,天任,天冲,天輔,天英,天芮,天柱,天心,九天,直符,螣蛇,太陰,六合,勾陳,朱雀,九地,休門,生門,傷門,杜門,景門,死門,驚門,開門
陽7局乙亥,己,壬,艮,天任,生門,申酉,癸,丁,庚,壬丙,戊,乙,辛,己,辛,己,癸,丁,庚,壬丙,戊,乙,天冲,天輔,天英,天芮,天柱,天心,天蓬,天任,螣蛇,太陰,六合,勾陳,朱雀,九地,九天,直符,死門,驚門,開門,休門,生門,傷門,杜門,景門
陽7局丙子,己,坤,艮,天任,生門,申酉,庚,壬丙,戊,乙,辛,己,癸,丁,辛,己,癸,丁,庚,壬丙,戊,乙,天英,天芮,天柱,天心,天蓬,天任,天冲,天輔,六合,勾陳,朱雀,九地,九天,直符,螣蛇,太陰,生門,傷門,杜門,景門,死門,驚門,開門,休門
陽7局丁丑,己,巽,艮,天任,生門,申酉,戊,乙,辛,己,癸,丁,庚,壬丙,辛,己,癸,丁,庚,壬丙,戊,乙,天柱,天心,天蓬,天任,天冲,天輔,天英,天芮,朱雀,九地,九天,直符,螣蛇,太陰,六合,勾陳,景門,死門,驚門,開門,休門,生門,傷門,杜門
陽7局戊寅,己,兌,艮,天任,生門,申酉,丁,庚,壬丙,戊,乙,辛,己,癸,辛,己,癸,丁,庚,壬丙,戊,乙,天輔,天英,天芮,天柱,天心,天蓬,天任,天冲,太陰,六合,勾陳,朱雀,九地,九天,直符,螣蛇,開門,休門,生門,傷門,杜門,景門,死門,驚門
陽7局己卯,己,艮,艮,天任,生門,申酉,辛,己,癸,丁,庚,壬丙,戊,乙,辛,己,癸,丁,庚,壬丙,戊,乙,天蓬,天任,天冲,天輔,天英,天芮,天柱,天心,九天,直符,螣蛇,太陰,六合,勾陳,朱雀,九地,驚門,開門,休門,生門,傷門,杜門,景門,死門
陽7局庚辰,己,離,艮,天任,生門,申酉,壬丙,戊,乙,辛,己,癸,丁,庚,辛,己,癸,丁,庚,壬丙,戊,乙,天芮,天柱,天心,天蓬,天任,天冲,天輔,天英,勾陳,朱雀,九地,九天,直符,螣蛇,太陰,六合,景門,死門,驚門,開門,休門,生門,傷門,杜門
陽7局辛巳,己,坎,艮,天任,生門,申酉,己,癸,丁,庚,壬丙,戊,乙,辛,辛,己,癸,丁,庚,壬丙,戊,乙,天任,天冲,天輔,天英,天芮,天柱,天心,天蓬,直符,螣蛇,太陰,六合,勾陳,朱雀,九地,九天,傷門,杜門,景門,死門,驚門,開門,休門,生門
陽7局壬午,己,坤,艮,天任,生門,申酉,庚,壬丙,戊,乙,辛,己,癸,丁,辛,己,癸,丁,庚,壬丙,戊,乙,天英,天芮,天柱,天心,天蓬,天任,天冲,天輔,六合,勾陳,朱雀,九地,九天,直符,螣蛇,太陰,杜門,景門,死門,驚門,開門,休門,生門,傷門
陽7局癸未,己,震,艮,天任,生門,申酉,乙,辛,己,癸,丁,庚,壬丙,戊,辛,己,癸,丁,庚,壬丙,戊,乙,天心,天蓬,天任,天冲,天輔,天英,天芮,天柱,九地,九天,直符,螣蛇,太陰,六合,勾陳,朱雀,休門,生門,傷門,杜門,景門,死門,驚門,開門
陽7局甲申,庚,離,離,天英,景門,午未,辛,己,癸,丁,庚,壬丙,戊,乙,辛,己,癸,丁,庚,壬丙,戊,乙,天蓬,天任,天冲,天輔,天英,天芮,天柱,天心,勾陳,朱雀,九地,九天,直符,螣蛇,太陰,六合,休門,生門,傷門,杜門,景門,死門,驚門,開門
陽7局乙酉,庚,壬,離,天英,景門,午未,壬丙,戊,乙,辛,己,癸,丁,庚,辛,己,癸,丁,庚,壬丙,戊,乙,天芮,天柱,天心,天蓬,天任,天冲,天輔,天英,螣蛇,太陰,六合,勾陳,朱雀,九地,九天,直符,景門,死門,驚門,開門,休門,生門,傷門,杜門
陽7局丙戌,庚,坤,離,天英,景門,午未,乙,辛,己,癸,丁,庚,壬丙,戊,辛,己,癸,丁,庚,壬丙,戊,乙,天心,天蓬,天任,天冲,天輔,天英,天芮,天柱,六合,勾陳,朱雀,九地,九天,直符,螣蛇,太陰,開門,休門,生門,傷門,杜門,景門,死門,驚門
陽7局丁亥,庚,巽,離,天英,景門,午未,己,癸,丁,庚,壬丙,戊,乙,辛,辛,己,癸,丁,庚,壬丙,戊,乙,天任,天冲,天輔,天英,天芮,天柱,天心,天蓬,朱雀,九地,九天,直符,螣蛇,太陰,六合,勾陳,傷門,杜門,景門,死門,驚門,開門,休門,生門
陽7局戊子,庚,兌,離,天英,景門,午未,戊,乙,辛,己,癸,丁,庚,壬丙,辛,己,癸,丁,庚,壬丙,戊,乙,天柱,天心,天蓬,天任,天冲,天輔,天英,天芮,太陰,六合,勾陳,朱雀,九地,九天,直符,螣蛇,生門,傷門,杜門,景門,死門,驚門,開門,休門
陽7局己丑,庚,艮,離,天英,景門,午未,丁,庚,壬丙,戊,乙,辛,己,癸,辛,己,癸,丁,庚,壬丙,戊,乙,天輔,天英,天芮,天柱,天心,天蓬,天任,天冲,九天,直符,螣蛇,太陰,六合,勾陳,朱雀,九地,開門,休門,生門,傷門,杜門,景門,死門,驚門
陽7局庚寅,庚,離,離,天英,景門,午未,辛,己,癸,丁,庚,壬丙,戊,乙,辛,己,癸,丁,庚,壬丙,戊,乙,天蓬,天任,天冲,天輔,天英,天芮,天柱,天心,勾陳,朱雀,九地,九天,直符,螣蛇,太陰,六合,死門,驚門,開門,休門,生門,傷門,杜門,景門
陽7局辛卯,庚,坎,離,天英,景門,午未,庚,壬丙,戊,乙,辛,己,癸,丁,辛,己,癸,丁,庚,壬丙,戊,乙,天英,天芮,天柱,天心,天蓬,天任,天冲,天輔,直符,螣蛇,太陰,六合,勾陳,朱雀,九地,九天,驚門,開門,休門,生門,傷門,杜門,景門,死門
陽7局壬辰,庚,坤,離,天英,景門,午未,乙,辛,己,癸,丁,庚,壬丙,戊,辛,己,癸,丁,庚,壬丙,戊,乙,天心,天蓬,天任,天冲,天輔,天英,天芮,天柱,六合,勾陳,朱雀,九地,九天,直符,螣蛇,太陰,杜門,景門,死門,驚門,開門,休門,生門,傷門
陽7局癸巳,庚,震,離,天英,景門,午未,癸,丁,庚,壬丙,戊,乙,辛,己,辛,己,癸,丁,庚,壬丙,戊,乙,天冲,天輔,天英,天芮,天柱,天心,天蓬,天任,九地,九天,直符,螣蛇,太陰,六合,勾陳,朱雀,休門,生門,傷門,杜門,景門,死門,驚門,開門
陽7局甲午,辛,坎,坎,天蓬,休門,辰巳,辛,己,癸,丁,庚,壬丙,戊,乙,辛,己,癸,丁,庚,壬丙,戊,乙,天蓬,天任,天冲,天輔,天英,天芮,天柱,天心,直符,螣蛇,太陰,六合,勾陳,朱雀,九地,九天,休門,生門,傷門,杜門,景門,死門,驚門,開門
陽7局乙未,辛,壬,坎,天蓬,休門,辰巳,己,癸,丁,庚,壬丙,戊,乙,辛,辛,己,癸,丁,庚,壬丙,戊,乙,天任,天冲,天輔,天英,天芮,天柱,天心,天蓬,螣蛇,太陰,六合,勾陳,朱雀,九地,九天,直符,杜門,景門,死門,驚門,開門,休門,生門,傷門
陽7局丙申,辛,坤,坎,天蓬,休門,辰巳,丁,庚,壬丙,戊,乙,辛,己,癸,辛,己,癸,丁,庚,壬丙,戊,乙,天輔,天英,天芮,天柱,天心,天蓬,天任,天冲,六合,勾陳,朱雀,九地,九天,直符,螣蛇,太陰,驚門,開門,休門,生門,傷門,杜門,景門,死門
陽7局丁酉,辛,巽,坎,天蓬,休門,辰巳,壬丙,戊,乙,辛,己,癸,丁,庚,辛,己,癸,丁,庚,壬丙,戊,乙,天芮,天柱,天心,天蓬,天任,天冲,天輔,天英,朱雀,九地,九天,直符,螣蛇,太陰,六合,勾陳,死門,驚門,開門,休門,生門,傷門,杜門,景門
陽7局戊戌,辛,兌,坎,天蓬,休門,辰巳,癸,丁,庚,壬丙,戊,乙,辛,己,辛,己,癸,丁,庚,壬丙,戊,乙,天冲,天輔,天英,天芮,天柱,天心,天蓬,天任,太陰,六合,勾陳,朱雀,九地,九天,直符,螣蛇,杜門,景門,死門,驚門,開門,休門,生門,傷門
陽7局己亥,辛,艮,坎,天蓬,休門,辰巳,乙,辛,己,癸,丁,庚,壬丙,戊,辛,己,癸,丁,庚,壬丙,戊,乙,天心,天蓬,天任,天冲,天輔,天英,天芮,天柱,九天,直符,螣蛇,太陰,六合,勾陳,朱雀,九地,生門,傷門,杜門,景門,死門,驚門,開門,休門
陽7局庚子,辛,離,坎,天蓬,休門,辰巳,庚,壬丙,戊,乙,辛,己,癸,丁,辛,己,癸,丁,庚,壬丙,戊,乙,天英,天芮,天柱,天心,天蓬,天任,天冲,天輔,勾陳,朱雀,九地,九天,直符,螣蛇,太陰,六合,傷門,杜門,景門,死門,驚門,開門,休門,生門
陽7局辛丑,辛,坎,坎,天蓬,休門,辰巳,辛,己,癸,丁,庚,壬丙,戊,乙,辛,己,癸,丁,庚,壬丙,戊,乙,天蓬,天任,天冲,天輔,天英,天芮,天柱,天心,直符,螣蛇,太陰,六合,勾陳,朱雀,九地,九天,開門,休門,生門,傷門,杜門,景門,死門,驚門
陽7局壬寅,辛,坤,坎,天蓬,休門,辰巳,丁,庚,壬丙,戊,乙,辛,己,癸,辛,己,癸,丁,庚,壬丙,戊,乙,天輔,天英,天芮,天柱,天心,天蓬,天任,天冲,六合,勾陳,朱雀,九地,九天,直符,螣蛇,太陰,景門,死門,驚門,開門,休門,生門,傷門,杜門
陽7局癸卯,辛,震,坎,天蓬,休門,辰巳,戊,乙,辛,己,癸,丁,庚,壬丙,辛,己,癸,丁,庚,壬丙,戊,乙,天柱,天心,天蓬,天任,天冲,天輔,天英,天芮,九地,九天,直符,螣蛇,太陰,六合,勾陳,朱雀,休門,生門,傷門,杜門,景門,死門,驚門,開門
陽7局甲辰,壬,坤,坤,天芮,死門,寅卯,辛,己,癸,丁,庚,壬丙,戊,乙,辛,己,癸,丁,庚,壬丙,戊,乙,天蓬,天任,天冲,天輔,天英,天芮,天柱,天心,六合,勾陳,朱雀,九地,九天,直符,螣蛇,太陰,休門,生門,傷門,杜門,景門,死門,驚門,開門
陽7局乙巳,壬,壬,坤,天芮,死門,寅卯,戊,乙,辛,己,癸,丁,庚,壬丙,辛,己,癸,丁,庚,壬丙,戊,乙,天柱,天心,天蓬,天任,天冲,天輔,天英,天芮,螣蛇,太陰,六合,勾陳,朱雀,九地,九天,直符,杜門,景門,死門,驚門,開門,休門,生門,傷門
陽7局丙午,壬,坤,坤,天芮,死門,寅卯,辛,己,癸,丁,庚,壬丙,戊,乙,辛,己,癸,丁,庚,壬丙,戊,乙,天蓬,天任,天冲,天輔,天英,天芮,天柱,天心,六合,勾陳,朱雀,九地,九天,直符,螣蛇,太陰,傷門,杜門,景門,死門,驚門,開門,休門,生門
陽7局丁未,壬,巽,坤,天芮,死門,寅卯,癸,丁,庚,壬丙,戊,乙,辛,己,辛,己,癸,丁,庚,壬丙,戊,乙,天冲,天輔,天英,天芮,天柱,天心,天蓬,天任,朱雀,九地,九天,直符,螣蛇,太陰,六合,勾陳,休門,生門,傷門,杜門,景門,死門,驚門,開門
陽7局戊申,壬,兌,坤,天芮,死門,寅卯,乙,辛,己,癸,丁,庚,壬丙,戊,辛,己,癸,丁,庚,壬丙,戊,乙,天心,天蓬,天任,天冲,天輔,天英,天芮,天柱,太陰,六合,勾陳,朱雀,九地,九天,直符,螣蛇,驚門,開門,休門,生門,傷門,杜門,景門,死門
陽7局己酉,壬,艮,坤,天芮,死門,寅卯,庚,壬丙,戊,乙,辛,己,癸,丁,辛,己,癸,丁,庚,壬丙,戊,乙,天英,天芮,天柱,天心,天蓬,天任,天冲,天輔,九天,直符,螣蛇,太陰,六合,勾陳,朱雀,九地,開門,休門,生門,傷門,杜門,景門,死門,驚門
陽7局庚戌,壬,離,坤,天芮,死門,寅卯,己,癸,丁,庚,壬丙,戊,乙,辛,辛,己,癸,丁,庚,壬丙,戊,乙,天任,天冲,天輔,天英,天芮,天柱,天心,天蓬,勾陳,朱雀,九地,九天,直符,螣蛇,太陰,六合,景門,死門,驚門,開門,休門,生門,傷門,杜門
陽7局辛亥,壬,坎,坤,天芮,死門,寅卯,壬丙,戊,乙,辛,己,癸,丁,庚,辛,己,癸,丁,庚,壬丙,戊,乙,天芮,天柱,天心,天蓬,天任,天冲,天輔,天英,直符,螣蛇,太陰,六合,勾陳,朱雀,九地,九天,生門,傷門,杜門,景門,死門,驚門,開門,休門
陽7局壬子,壬,坤,坤,天芮,死門,寅卯,辛,己,癸,丁,庚,壬丙,戊,乙,辛,己,癸,丁,庚,壬丙,戊,乙,天蓬,天任,天冲,天輔,天英,天芮,天柱,天心,六合,勾陳,朱雀,九地,九天,直符,螣蛇,太陰,死門,驚門,開門,休門,生門,傷門,杜門,景門
陽7局癸丑,壬,震,坤,天芮,死門,寅卯,丁,庚,壬丙,戊,乙,辛,己,癸,辛,己,癸,丁,庚,壬丙,戊,乙,天輔,天英,天芮,天柱,天心,天蓬,天任,天冲,九地,九天,直符,螣蛇,太陰,六合,勾陳,朱雀,休門,生門,傷門,杜門,景門,死門,驚門,開門
陽7局甲寅,癸,震,震,天冲,傷門,子丑,辛,己,癸,丁,庚,壬丙,戊,乙,辛,己,癸,丁,庚,壬丙,戊,乙,天蓬,天任,天冲,天輔,天英,天芮,天柱,天心,九地,九天,直符,螣蛇,太陰,六合,勾陳,朱雀,休門,生門,傷門,杜門,景門,死門,驚門,開門
陽7局乙卯,癸,壬,震,天冲,傷門,子丑,丁,庚,壬丙,戊,乙,辛,己,癸,辛,己,癸,丁,庚,壬丙,戊,乙,天輔,天英,天芮,天柱,天心,天蓬,天任,天冲,螣蛇,太陰,六合,勾陳,朱雀,九地,九天,直符,開門,休門,生門,傷門,杜門,景門,死門,驚門
陽7局丙辰,癸,坤,震,天冲,傷門,子丑,壬丙,戊,乙,辛,己,癸,丁,庚,辛,己,癸,丁,庚,壬丙,戊,乙,天芮,天柱,天心,天蓬,天任,天冲,天輔,天英,六合,勾陳,朱雀,九地,九天,直符,螣蛇,太陰,死門,驚門,開門,休門,生門,傷門,杜門,景門
陽7局丁巳,癸,巽,震,天冲,傷門,子丑,乙,辛,己,癸,丁,庚,壬丙,戊,辛,己,癸,丁,庚,壬丙,戊,乙,天心,天蓬,天任,天冲,天輔,天英,天芮,天柱,朱雀,九地,九天,直符,螣蛇,太陰,六合,勾陳,杜門,景門,死門,驚門,開門,休門,生門,傷門
陽7局戊午,癸,兌,震,天冲,傷門,子丑,庚,壬丙,戊,乙,辛,己,癸,丁,辛,己,癸,丁,庚,壬丙,戊,乙,天英,天芮,天柱,天心,天蓬,天任,天冲,天輔,太陰,六合,勾陳,朱雀,九地,九天,直符,螣蛇,景門,死門,驚門,開門,休門,生門,傷門,杜門
陽7局己未,癸,艮,震,天冲,傷門,子丑,己,癸,丁,庚,壬丙,戊,乙,辛,辛,己,癸,丁,庚,壬丙,戊,乙,天任,天冲,天輔,天英,天芮,天柱,天心,天蓬,九天,直符,螣蛇,太陰,六合,勾陳,朱雀,九地,生門,傷門,杜門,景門,死門,驚門,開門,休門
陽7局庚申,癸,離,震,天冲,傷門,子丑,戊,乙,辛,己,癸,丁,庚,壬丙,辛,己,癸,丁,庚,壬丙,戊,乙,天柱,天心,天蓬,天任,天冲,天輔,天英,天芮,勾陳,朱雀,九地,九天,直符,螣蛇,太陰,六合,驚門,開門,休門,生門,傷門,杜門,景門,死門
陽7局辛酉,癸,坎,震,天冲,傷門,子丑,癸,丁,庚,壬丙,戊,乙,辛,己,辛,己,癸,丁,庚,壬丙,戊,乙,天冲,天輔,天英,天芮,天柱,天心,天蓬,天任,直符,螣蛇,太陰,六合,勾陳,朱雀,九地,九天,傷門,杜門,景門,死門,驚門,開門,休門,生門
陽7局壬戌,癸,坤,震,天冲,傷門,子丑,壬丙,戊,乙,辛,己,癸,丁,庚,辛,己,癸,丁,庚,壬丙,戊,乙,天芮,天柱,天心,天蓬,天任,天冲,天輔,天英,六合,勾陳,朱雀,九地,九天,直符,螣蛇,太陰,死門,驚門,開門,休門,生門,傷門,杜門,景門
陽7局癸亥,癸,震,震,天冲,傷門,子丑,辛,己,癸,丁,庚,壬丙,戊,乙,辛,己,癸,丁,庚,壬丙,戊,乙,天蓬,天任,天冲,天輔,天英,天芮,天柱,天心,九地,九天,直符,螣蛇,太陰,六合,勾陳,朱雀,休門,生門,傷門,杜門,景門,死門,驚門,開門
陽8局甲子,戊,艮,艮,天任,生門,戌亥,庚,戊,壬,癸,己,辛丁,乙,丙,庚,戊,壬,癸,己,辛丁,乙,丙,天蓬,天任,天冲,天輔,天英,天芮,天柱,天心,九天,直符,螣蛇,太陰,六合,勾陳,朱雀,九地,休門,生門,傷門,杜門,景門,死門,驚門,開門
陽8局乙丑,戊,兌,艮,天任,生門,戌亥,癸,己,辛丁,乙,丙,庚,戊,壬,庚,戊,壬,癸,己,辛丁,乙,丙,天輔,天英,天芮,天柱,天心,天蓬,天任,天冲,太陰,六合,勾陳,朱雀,九地,九天,直符,螣蛇,死門,驚門,開門,休門,生門,傷門,杜門,景門
陽8局丙寅,戊,壬,艮,天任,生門,戌亥,壬,癸,己,辛丁,乙,丙,庚,戊,庚,戊,壬,癸,己,辛丁,乙,丙,天冲,天輔,天英,天芮,天柱,天心,天蓬,天任,螣蛇,太陰,六合,勾陳,朱雀,九地,九天,直符,生門,傷門,杜門,景門,死門,驚門,開門,休門
陽8局丁卯,戊,坤,艮,天任,生門,戌亥,己,辛丁,乙,丙,庚,戊,壬,癸,庚,戊,壬,癸,己,辛丁,乙,丙,天英,天芮,天柱,天心,天蓬,天任,天冲,天輔,六合,勾陳,朱雀,九地,九天,直符,螣蛇,太陰,景門,死門,驚門,開門,休門,生門,傷門,杜門
陽8局戊辰,戊,艮,艮,天任,生門,戌亥,庚,戊,壬,癸,己,辛丁,乙,丙,庚,戊,壬,癸,己,辛丁,乙,丙,天蓬,天任,天冲,天輔,天英,天芮,天柱,天心,九天,直符,螣蛇,太陰,六合,勾陳,朱雀,九地,開門,休門,生門,傷門,杜門,景門,死門,驚門
陽8局己巳,戊,離,艮,天任,生門,戌亥,辛丁,乙,丙,庚,戊,壬,癸,己,庚,戊,壬,癸,己,辛丁,乙,丙,天芮,天柱,天心,天蓬,天任,天冲,天輔,天英,勾陳,朱雀,九地,九天,直符,螣蛇,太陰,六合,驚門,開門,休門,生門,傷門,杜門,景門,死門
陽8局庚午,戊,坎,艮,天任,生門,戌亥,戊,壬,癸,己,辛丁,乙,丙,庚,庚,戊,壬,癸,己,辛丁,乙,丙,天任,天冲,天輔,天英,天芮,天柱,天心,天蓬,直符,螣蛇,太陰,六合,勾陳,朱雀,九地,九天,景門,死門,驚門,開門,休門,生門,傷門,杜門
陽8局辛未,戊,坤,艮,天任,生門,戌亥,己,辛丁,乙,丙,庚,戊,壬,癸,庚,戊,壬,癸,己,辛丁,乙,丙,天英,天芮,天柱,天心,天蓬,天任,天冲,天輔,六合,勾陳,朱雀,九地,九天,直符,螣蛇,太陰,傷門,杜門,景門,死門,驚門,開門,休門,生門
陽8局壬申,戊,震,艮,天任,生門,戌亥,丙,庚,戊,壬,癸,己,辛丁,乙,庚,戊,壬,癸,己,辛丁,乙,丙,天心,天蓬,天任,天冲,天輔,天英,天芮,天柱,九地,九天,直符,螣蛇,太陰,六合,勾陳,朱雀,杜門,景門,死門,驚門,開門,休門,生門,傷門
陽8局癸酉,戊,巽,艮,天任,生門,戌亥,乙,丙,庚,戊,壬,癸,己,辛丁,庚,戊,壬,癸,己,辛丁,乙,丙,天柱,天心,天蓬,天任,天冲,天輔,天英,天芮,朱雀,九地,九天,直符,螣蛇,太陰,六合,勾陳,休門,生門,傷門,杜門,景門,死門,驚門,開門
陽8局甲戌,己,離,離,天英,景門,申酉,庚,戊,壬,癸,己,辛丁,乙,丙,庚,戊,壬,癸,己,辛丁,乙,丙,天蓬,天任,天冲,天輔,天英,天芮,天柱,天心,勾陳,朱雀,九地,九天,直符,螣蛇,太陰,六合,休門,生門,傷門,杜門,景門,死門,驚門,開門
陽8局乙亥,己,兌,離,天英,景門,申酉,乙,丙,庚,戊,壬,癸,己,辛丁,庚,戊,壬,癸,己,辛丁,乙,丙,天柱,天心,天蓬,天任,天冲,天輔,天英,天芮,太陰,六合,勾陳,朱雀,九地,九天,直符,螣蛇,景門,死門,驚門,開門,休門,生門,傷門,杜門
陽8局丙子,己,壬,離,天英,景門,申酉,辛丁,乙,丙,庚,戊,壬,癸,己,庚,戊,壬,癸,己,辛丁,乙,丙,天芮,天柱,天心,天蓬,天任,天冲,天輔,天英,螣蛇,太陰,六合,勾陳,朱雀,九地,九天,直符,開門,休門,生門,傷門,杜門,景門,死門,驚門
陽8局丁丑,己,坤,離,天英,景門,申酉,丙,庚,戊,壬,癸,己,辛丁,乙,庚,戊,壬,癸,己,辛丁,乙,丙,天心,天蓬,天任,天冲,天輔,天英,天芮,天柱,六合,勾陳,朱雀,九地,九天,直符,螣蛇,太陰,傷門,杜門,景門,死門,驚門,開門,休門,生門
陽8局戊寅,己,艮,離,天英,景門,申酉,癸,己,辛丁,乙,丙,庚,戊,壬,庚,戊,壬,癸,己,辛丁,乙,丙,天輔,天英,天芮,天柱,天心,天蓬,天任,天冲,九天,直符,螣蛇,太陰,六合,勾陳,朱雀,九地,生門,傷門,杜門,景門,死門,驚門,開門,休門
陽8局己卯,己,離,離,天英,景門,申酉,庚,戊,壬,癸,己,辛丁,乙,丙,庚,戊,壬,癸,己,辛丁,乙,丙,天蓬,天任,天冲,天輔,天英,天芮,天柱,天心,勾陳,朱雀,九地,九天,直符,螣蛇,太陰,六合,開門,休門,生門,傷門,杜門,景門,死門,驚門
陽8局庚辰,己,坎,離,天英,景門,申酉,己,辛丁,乙,丙,庚,戊,壬,癸,庚,戊,壬,癸,己,辛丁,乙,丙,天英,天芮,天柱,天心,天蓬,天任,天冲,天輔,直符,螣蛇,太陰,六合,勾陳,朱雀,九地,九天,死門,驚門,開門,休門,生門,傷門,杜門,景門
陽8局辛巳,己,坤,離,天英,景門,申酉,丙,庚,戊,壬,癸,己,辛丁,乙,庚,戊,壬,癸,己,辛丁,乙,丙,天心,天蓬,天任,天冲,天輔,天英,天芮,天柱,六合,勾陳,朱雀,九地,九天,直符,螣蛇,太陰,驚門,開門,休門,生門,傷門,杜門,景門,死門
陽8局壬午,己,震,離,天英,景門,申酉,壬,癸,己,辛丁,乙,丙,庚,戊,庚,戊,壬,癸,己,辛丁,乙,丙,天冲,天輔,天英,天芮,天柱,天心,天蓬,天任,九地,九天,直符,螣蛇,太陰,六合,勾陳,朱雀,杜門,景門,死門,驚門,開門,休門,生門,傷門
陽8局癸未,己,巽,離,天英,景門,申酉,戊,壬,癸,己,辛丁,乙,丙,庚,庚,戊,壬,癸,己,辛丁,乙,丙,天任,天冲,天輔,天英,天芮,天柱,天心,天蓬,朱雀,九地,九天,直符,螣蛇,太陰,六合,勾陳,休門,生門,傷門,杜門,景門,死門,驚門,開門
陽8局甲申,庚,坎,坎,天蓬,休門,午未,庚,戊,壬,癸,己,辛丁,乙,丙,庚,戊,壬,癸,己,辛丁,乙,丙,天蓬,天任,天冲,天輔,天英,天芮,天柱,天心,直符,螣蛇,太陰,六合,勾陳,朱雀,九地,九天,休門,生門,傷門,杜門,景門,死門,驚門,開門
陽8局乙酉,庚,兌,坎,天蓬,休門,午未,壬,癸,己,辛丁,乙,丙,庚,戊,庚,戊,壬,癸,己,辛丁,乙,丙,天冲,天輔,天英,天芮,天柱,天心,天蓬,天任,太陰,六合,勾陳,朱雀,九地,九天,直符,螣蛇,杜門,景門,死門,驚門,開門,休門,生門,傷門
陽8局丙戌,庚,壬,坎,天蓬,休門,午未,戊,壬,癸,己,辛丁,乙,丙,庚,庚,戊,壬,癸,己,辛丁,乙,丙,天任,天冲,天輔,天英,天芮,天柱,天心,天蓬,螣蛇,太陰,六合,勾陳,朱雀,九地,九天,直符,驚門,開門,休門,生門,傷門,杜門,景門,死門
陽8局丁亥,庚,坤,坎,天蓬,休門,午未,癸,己,辛丁,乙,丙,庚,戊,壬,庚,戊,壬,癸,己,辛丁,乙,丙,天輔,天英,天芮,天柱,天心,天蓬,天任,天冲,六合,勾陳,朱雀,九地,九天,直符,螣蛇,太陰,死門,驚門,開門,休門,生門,傷門,杜門,景門
陽8局戊子,庚,艮,坎,天蓬,休門,午未,丙,庚,戊,壬,癸,己,辛丁,乙,庚,戊,壬,癸,己,辛丁,乙,丙,天心,天蓬,天任,天冲,天輔,天英,天芮,天柱,九天,直符,螣蛇,太陰,六合,勾陳,朱雀,九地,杜門,景門,死門,驚門,開門,休門,生門,傷門
陽8局己丑,庚,離,坎,天蓬,休門,午未,己,辛丁,乙,丙,庚,戊,壬,癸,庚,戊,壬,癸,己,辛丁,乙,丙,天英,天芮,天柱,天心,天蓬,天任,天冲,天輔,勾陳,朱雀,九地,九天,直符,螣蛇,太陰,六合,生門,傷門,杜門,景門,死門,驚門,開門,休門
陽8局庚寅,庚,坎,坎,天蓬,休門,午未,庚,戊,壬,癸,己,辛丁,乙,丙,庚,戊,壬,癸,己,辛丁,乙,丙,天蓬,天任,天冲,天輔,天英,天芮,天柱,天心,直符,螣蛇,太陰,六合,勾陳,朱雀,九地,九天,傷門,杜門,景門,死門,驚門,開門,休門,生門
陽8局辛卯,庚,坤,坎,天蓬,休門,午未,癸,己,辛丁,乙,丙,庚,戊,壬,庚,戊,壬,癸,己,辛丁,乙,丙,天輔,天英,天芮,天柱,天心,天蓬,天任,天冲,六合,勾陳,朱雀,九地,九天,直符,螣蛇,太陰,開門,休門,生門,傷門,杜門,景門,死門,驚門
陽8局壬辰,庚,震,坎,天蓬,休門,午未,乙,丙,庚,戊,壬,癸,己,辛丁,庚,戊,壬,癸,己,辛丁,乙,丙,天柱,天心,天蓬,天任,天冲,天輔,天英,天芮,九地,九天,直符,螣蛇,太陰,六合,勾陳,朱雀,景門,死門,驚門,開門,休門,生門,傷門,杜門
陽8局癸巳,庚,巽,坎,天蓬,休門,午未,辛丁,乙,丙,庚,戊,壬,癸,己,庚,戊,壬,癸,己,辛丁,乙,丙,天芮,天柱,天心,天蓬,天任,天冲,天輔,天英,朱雀,九地,九天,直符,螣蛇,太陰,六合,勾陳,休門,生門,傷門,杜門,景門,死門,驚門,開門
陽8局甲午,辛,坤,坤,天芮,死門,辰巳,庚,戊,壬,癸,己,辛丁,乙,丙,庚,戊,壬,癸,己,辛丁,乙,丙,天蓬,天任,天冲,天輔,天英,天芮,天柱,天心,六合,勾陳,朱雀,九地,九天,直符,螣蛇,太陰,休門,生門,傷門,杜門,景門,死門,驚門,開門
陽8局乙未,辛,兌,坤,天芮,死門,辰巳,丙,庚,戊,壬,癸,己,辛丁,乙,庚,戊,壬,癸,己,辛丁,乙,丙,天心,天蓬,天任,天冲,天輔,天英,天芮,天柱,太陰,六合,勾陳,朱雀,九地,九天,直符,螣蛇,杜門,景門,死門,驚門,開門,休門,生門,傷門
陽8局丙申,辛,壬,坤,天芮,死門,辰巳,乙,丙,庚,戊,壬,癸,己,辛丁,庚,戊,壬,癸,己,辛丁,乙,丙,天柱,天心,天蓬,天任,天冲,天輔,天英,天芮,螣蛇,太陰,六合,勾陳,朱雀,九地,九天,直符,傷門,杜門,景門,死門,驚門,開門,休門,生門
陽8局丁酉,辛,坤,坤,天芮,死門,辰巳,庚,戊,壬,癸,己,辛丁,乙,丙,庚,戊,壬,癸,己,辛丁,乙,丙,天蓬,天任,天冲,天輔,天英,天芮,天柱,天心,六合,勾陳,朱雀,九地,九天,直符,螣蛇,太陰,休門,生門,傷門,杜門,景門,死門,驚門,開門
陽8局戊戌,辛,艮,坤,天芮,死門,辰巳,己,辛丁,乙,丙,庚,戊,壬,癸,庚,戊,壬,癸,己,辛丁,乙,丙,天英,天芮,天柱,天心,天蓬,天任,天冲,天輔,九天,直符,螣蛇,太陰,六合,勾陳,朱雀,九地,驚門,開門,休門,生門,傷門,杜門,景門,死門
陽8局己亥,辛,離,坤,天芮,死門,辰巳,戊,壬,癸,己,辛丁,乙,丙,庚,庚,戊,壬,癸,己,辛丁,乙,丙,天任,天冲,天輔,天英,天芮,天柱,天心,天蓬,勾陳,朱雀,九地,九天,直符,螣蛇,太陰,六合,開門,休門,生門,傷門,杜門,景門,死門,驚門
陽8局庚子,辛,坎,坤,天芮,死門,辰巳,辛丁,乙,丙,庚,戊,壬,癸,己,庚,戊,壬,癸,己,辛丁,乙,丙,天芮,天柱,天心,天蓬,天任,天冲,天輔,天英,直符,螣蛇,太陰,六合,勾陳,朱雀,九地,九天,景門,死門,驚門,開門,休門,生門,傷門,杜門
陽8局辛丑,辛,坤,坤,天芮,死門,辰巳,庚,戊,壬,癸,己,辛丁,乙,丙,庚,戊,壬,癸,己,辛丁,乙,丙,天蓬,天任,天冲,天輔,天英,天芮,天柱,天心,六合,勾陳,朱雀,九地,九天,直符,螣蛇,太陰,生門,傷門,杜門,景門,死門,驚門,開門,休門
陽8局壬寅,辛,震,坤,天芮,死門,辰巳,癸,己,辛丁,乙,丙,庚,戊,壬,庚,戊,壬,癸,己,辛丁,乙,丙,天輔,天英,天芮,天柱,天心,天蓬,天任,天冲,九地,九天,直符,螣蛇,太陰,六合,勾陳,朱雀,死門,驚門,開門,休門,生門,傷門,杜門,景門
陽8局癸卯,辛,巽,坤,天芮,死門,辰巳,壬,癸,己,辛丁,乙,丙,庚,戊,庚,戊,壬,癸,己,辛丁,乙,丙,天冲,天輔,天英,天芮,天柱,天心,天蓬,天任,朱雀,九地,九天,直符,螣蛇,太陰,六合,勾陳,休門,生門,傷門,杜門,景門,死門,驚門,開門
陽8局甲辰,壬,震,震,天冲,傷門,寅卯,庚,戊,壬,癸,己,辛丁,乙,丙,庚,戊,壬,癸,己,辛丁,乙,丙,天蓬,天任,天冲,天輔,天英,天芮,天柱,天心,九地,九天,直符,螣蛇,太陰,六合,勾陳,朱雀,休門,生門,傷門,杜門,景門,死門,驚門,開門
陽8局乙巳,壬,兌,震,天冲,傷門,寅卯,己,辛丁,乙,丙,庚,戊,壬,癸,庚,戊,壬,癸,己,辛丁,乙,丙,天英,天芮,天柱,天心,天蓬,天任,天冲,天輔,太陰,六合,勾陳,朱雀,九地,九天,直符,螣蛇,開門,休門,生門,傷門,杜門,景門,死門,驚門
陽8局丙午,壬,壬,震,天冲,傷門,寅卯,癸,己,辛丁,乙,丙,庚,戊,壬,庚,戊,壬,癸,己,辛丁,乙,丙,天輔,天英,天芮,天柱,天心,天蓬,天任,天冲,螣蛇,太陰,六合,勾陳,朱雀,九地,九天,直符,死門,驚門,開門,休門,生門,傷門,杜門,景門
陽8局丁未,壬,坤,震,天冲,傷門,寅卯,辛丁,乙,丙,庚,戊,壬,癸,己,庚,戊,壬,癸,己,辛丁,乙,丙,天芮,天柱,天心,天蓬,天任,天冲,天輔,天英,六合,勾陳,朱雀,九地,九天,直符,螣蛇,太陰,杜門,景門,死門,驚門,開門,休門,生門,傷門
陽8局戊申,壬,艮,震,天冲,傷門,寅卯,戊,壬,癸,己,辛丁,乙,丙,庚,庚,戊,壬,癸,己,辛丁,乙,丙,天任,天冲,天輔,天英,天芮,天柱,天心,天蓬,九天,直符,螣蛇,太陰,六合,勾陳,朱雀,九地,景門,死門,驚門,開門,休門,生門,傷門,杜門
陽8局己酉,壬,離,震,天冲,傷門,寅卯,乙,丙,庚,戊,壬,癸,己,辛丁,庚,戊,壬,癸,己,辛丁,乙,丙,天柱,天心,天蓬,天任,天冲,天輔,天英,天芮,勾陳,朱雀,九地,九天,直符,螣蛇,太陰,六合,生門,傷門,杜門,景門,死門,驚門,開門,休門
陽8局庚戌,壬,坎,震,天冲,傷門,寅卯,壬,癸,己,辛丁,乙,丙,庚,戊,庚,戊,壬,癸,己,辛丁,乙,丙,天冲,天輔,天英,天芮,天柱,天心,天蓬,天任,直符,螣蛇,太陰,六合,勾陳,朱雀,九地,九天,驚門,開門,休門,生門,傷門,杜門,景門,死門
陽8局辛亥,壬,坤,震,天冲,傷門,寅卯,辛丁,乙,丙,庚,戊,壬,癸,己,庚,戊,壬,癸,己,辛丁,乙,丙,天芮,天柱,天心,天蓬,天任,天冲,天輔,天英,六合,勾陳,朱雀,九地,九天,直符,螣蛇,太陰,傷門,杜門,景門,死門,驚門,開門,休門,生門
陽8局壬子,壬,震,震,天冲,傷門,寅卯,庚,戊,壬,癸,己,辛丁,乙,丙,庚,戊,壬,癸,己,辛丁,乙,丙,天蓬,天任,天冲,天輔,天英,天芮,天柱,天心,九地,九天,直符,螣蛇,太陰,六合,勾陳,朱雀,死門,驚門,開門,休門,生門,傷門,杜門,景門
陽8局癸丑,壬,巽,震,天冲,傷門,寅卯,丙,庚,戊,壬,癸,己,辛丁,乙,庚,戊,壬,癸,己,辛丁,乙,丙,天心,天蓬,天任,天冲,天輔,天英,天芮,天柱,朱雀,九地,九天,直符,螣蛇,太陰,六合,勾陳,休門,生門,傷門,杜門,景門,死門,驚門,開門
陽8局甲寅,癸,巽,巽,天輔,杜門,子丑,庚,戊,壬,癸,己,辛丁,乙,丙,庚,戊,壬,癸,己,辛丁,乙,丙,天蓬,天任,天冲,天輔,天英,天芮,天柱,天心,朱雀,九地,九天,直符,螣蛇,太陰,六合,勾陳,休門,生門,傷門,杜門,景門,死門,驚門,開門
陽8局乙卯,癸,兌,巽,天輔,杜門,子丑,辛丁,乙,丙,庚,戊,壬,癸,己,庚,戊,壬,癸,己,辛丁,乙,丙,天芮,天柱,天心,天蓬,天任,天冲,天輔,天英,太陰,六合,勾陳,朱雀,九地,九天,直符,螣蛇,驚門,開門,休門,生門,傷門,杜門,景門,死門
陽8局丙辰,癸,壬,巽,天輔,杜門,子丑,己,辛丁,乙,丙,庚,戊,壬,癸,庚,戊,壬,癸,己,辛丁,乙,丙,天英,天芮,天柱,天心,天蓬,天任,天冲,天輔,螣蛇,太陰,六合,勾陳,朱雀,九地,九天,直符,景門,死門,驚門,開門,休門,生門,傷門,杜門
陽8局丁巳,癸,坤,巽,天輔,杜門,子丑,乙,丙,庚,戊,壬,癸,己,辛丁,庚,戊,壬,癸,己,辛丁,乙,丙,天柱,天心,天蓬,天任,天冲,天輔,天英,天芮,六合,勾陳,朱雀,九地,九天,直符,螣蛇,太陰,死門,驚門,開門,休門,生門,傷門,杜門,景門
陽8局戊午,癸,艮,巽,天輔,杜門,子丑,壬,癸,己,辛丁,乙,丙,庚,戊,庚,戊,壬,癸,己,辛丁,乙,丙,天冲,天輔,天英,天芮,天柱,天心,天蓬,天任,九天,直符,螣蛇,太陰,六合,勾陳,朱雀,九地,傷門,杜門,景門,死門,驚門,開門,休門,生門
陽8局己未,癸,離,巽,天輔,杜門,子丑,丙,庚,戊,壬,癸,己,辛丁,乙,庚,戊,壬,癸,己,辛丁,乙,丙,天心,天蓬,天任,天冲,天輔,天英,天芮,天柱,勾陳,朱雀,九地,九天,直符,螣蛇,太陰,六合,開門,休門,生門,傷門,杜門,景門,死門,驚門
陽8局庚申,癸,坎,巽,天輔,杜門,子丑,癸,己,辛丁,乙,丙,庚,戊,壬,庚,戊,壬,癸,己,辛丁,乙,丙,天輔,天英,天芮,天柱,天心,天蓬,天任,天冲,直符,螣蛇,太陰,六合,勾陳,朱雀,九地,九天,杜門,景門,死門,驚門,開門,休門,生門,傷門
陽8局辛酉,癸,坤,巽,天輔,杜門,子丑,乙,丙,庚,戊,壬,癸,己,辛丁,庚,戊,壬,癸,己,辛丁,乙,丙,天柱,天心,天蓬,天任,天冲,天輔,天英,天芮,六合,勾陳,朱雀,九地,九天,直符,螣蛇,太陰,驚門,開門,休門,生門,傷門,杜門,景門,死門
陽8局壬戌,癸,震,巽,天輔,杜門,子丑,戊,壬,癸,己,辛丁,乙,丙,庚,庚,戊,壬,癸,己,辛丁,乙,丙,天任,天冲,天輔,天英,天芮,天柱,天心,天蓬,九地,九天,直符,螣蛇,太陰,六合,勾陳,朱雀,生門,傷門,杜門,景門,死門,驚門,開門,休門
陽8局癸亥,癸,巽,巽,天輔,杜門,子丑,庚,戊,壬,癸,己,辛丁,乙,丙,庚,戊,壬,癸,己,辛丁,乙,丙,天蓬,天任,天冲,天輔,天英,天芮,天柱,天心,朱雀,九地,九天,直符,螣蛇,太陰,六合,勾陳,休門,生門,傷門,杜門,景門,死門,驚門,開門
陽9局甲子,戊,離,離,天英,景門,戌亥,己,乙,辛,壬,戊,庚癸,丙,丁,己,乙,辛,壬,戊,庚癸,丙,丁,天蓬,天任,天冲,天輔,天英,天芮,天柱,天心,勾陳,朱雀,九地,九天,直符,螣蛇,太陰,六合,休門,生門,傷門,杜門,景門,死門,驚門,開門
陽9局乙丑,戊,艮,離,天英,景門,戌亥,壬,戊,庚癸,丙,丁,己,乙,辛,己,乙,辛,壬,戊,庚癸,丙,丁,天輔,天英,天芮,天柱,天心,天蓬,天任,天冲,九天,直符,螣蛇,太陰,六合,勾陳,朱雀,九地,景門,死門,驚門,開門,休門,生門,傷門,杜門
陽9局丙寅,戊,兌,離,天英,景門,戌亥,丙,丁,己,乙,辛,壬,戊,庚癸,己,乙,辛,壬,戊,庚癸,丙,丁,天柱,天心,天蓬,天任,天冲,天輔,天英,天芮,太陰,六合,勾陳,朱雀,九地,九天,直符,螣蛇,開門,休門,生門,傷門,杜門,景門,死門,驚門
陽9局丁卯,戊,壬,離,天英,景門,戌亥,庚癸,丙,丁,己,乙,辛,壬,戊,己,乙,辛,壬,戊,庚癸,丙,丁,天芮,天柱,天心,天蓬,天任,天冲,天輔,天英,螣蛇,太陰,六合,勾陳,朱雀,九地,九天,直符,傷門,杜門,景門,死門,驚門,開門,休門,生門
陽9局戊辰,戊,離,離,天英,景門,戌亥,己,乙,辛,壬,戊,庚癸,丙,丁,己,乙,辛,壬,戊,庚癸,丙,丁,天蓬,天任,天冲,天輔,天英,天芮,天柱,天心,勾陳,朱雀,九地,九天,直符,螣蛇,太陰,六合,生門,傷門,杜門,景門,死門,驚門,開門,休門
陽9局己巳,戊,坎,離,天英,景門,戌亥,戊,庚癸,丙,丁,己,乙,辛,壬,己,乙,辛,壬,戊,庚癸,丙,丁,天英,天芮,天柱,天心,天蓬,天任,天冲,天輔,直符,螣蛇,太陰,六合,勾陳,朱雀,九地,九天,開門,休門,生門,傷門,杜門,景門,死門,驚門
陽9局庚午,戊,坤,離,天英,景門,戌亥,丁,己,乙,辛,壬,戊,庚癸,丙,己,乙,辛,壬,戊,庚癸,丙,丁,天心,天蓬,天任,天冲,天輔,天英,天芮,天柱,六合,勾陳,朱雀,九地,九天,直符,螣蛇,太陰,死門,驚門,開門,休門,生門,傷門,杜門,景門
陽9局辛未,戊,震,離,天英,景門,戌亥,辛,壬,戊,庚癸,丙,丁,己,乙,己,乙,辛,壬,戊,庚癸,丙,丁,天冲,天輔,天英,天芮,天柱,天心,天蓬,天任,九地,九天,直符,螣蛇,太陰,六合,勾陳,朱雀,驚門,開門,休門,生門,傷門,杜門,景門,死門
陽9局壬申,戊,巽,離,天英,景門,戌亥,乙,辛,壬,戊,庚癸,丙,丁,己,己,乙,辛,壬,戊,庚癸,丙,丁,天任,天冲,天輔,天英,天芮,天柱,天心,天蓬,朱雀,九地,九天,直符,螣蛇,太陰,六合,勾陳,杜門,景門,死門,驚門,開門,休門,生門,傷門
陽9局癸酉,戊,坤,離,天英,景門,戌亥,丁,己,乙,辛,壬,戊,庚癸,丙,己,乙,辛,壬,戊,庚癸,丙,丁,天心,天蓬,天任,天冲,天輔,天英,天芮,天柱,六合,勾陳,朱雀,九地,九天,直符,螣蛇,太陰,休門,生門,傷門,杜門,景門,死門,驚門,開門
陽9局甲戌,己,坎,坎,天蓬,休門,申酉,己,乙,辛,壬,戊,庚癸,丙,丁,己,乙,辛,壬,戊,庚癸,丙,丁,天蓬,天任,天冲,天輔,天英,天芮,天柱,天心,直符,螣蛇,太陰,六合,勾陳,朱雀,九地,九天,休門,生門,傷門,杜門,景門,死門,驚門,開門
陽9局乙亥,己,艮,坎,天蓬,休門,申酉,丁,己,乙,辛,壬,戊,庚癸,丙,己,乙,辛,壬,戊,庚癸,丙,丁,天心,天蓬,天任,天冲,天輔,天英,天芮,天柱,九天,直符,螣蛇,太陰,六合,勾陳,朱雀,九地,杜門,景門,死門,驚門,開門,休門,生門,傷門
陽9局丙子,己,兌,坎,天蓬,休門,申酉,辛,壬,戊,庚癸,丙,丁,己,乙,己,乙,辛,壬,戊,庚癸,丙,丁,天冲,天輔,天英,天芮,天柱,天心,天蓬,天任,太陰,六合,勾陳,朱雀,九地,九天,直符,螣蛇,驚門,開門,休門,生門,傷門,杜門,景門,死門
陽9局丁丑,己,壬,坎,天蓬,休門,申酉,乙,辛,壬,戊,庚癸,丙,丁,己,己,乙,辛,壬,戊,庚癸,丙,丁,天任,天冲,天輔,天英,天芮,天柱,天心,天蓬,螣蛇,太陰,六合,勾陳,朱雀,九地,九天,直符,死門,驚門,開門,休門,生門,傷門,杜門,景門
陽9局戊寅,己,離,坎,天蓬,休門,申酉,戊,庚癸,丙,丁,己,乙,辛,壬,己,乙,辛,壬,戊,庚癸,丙,丁,天英,天芮,天柱,天心,天蓬,天任,天冲,天輔,勾陳,朱雀,九地,九天,直符,螣蛇,太陰,六合,杜門,景門,死門,驚門,開門,休門,生門,傷門
陽9局己卯,己,坎,坎,天蓬,休門,申酉,己,乙,辛,壬,戊,庚癸,丙,丁,己,乙,辛,壬,戊,庚癸,丙,丁,天蓬,天任,天冲,天輔,天英,天芮,天柱,天心,直符,螣蛇,太陰,六合,勾陳,朱雀,九地,九天,生門,傷門,杜門,景門,死門,驚門,開門,休門
陽9局庚辰,己,坤,坎,天蓬,休門,申酉,壬,戊,庚癸,丙,丁,己,乙,辛,己,乙,辛,壬,戊,庚癸,丙,丁,天輔,天英,天芮,天柱,天心,天蓬,天任,天冲,六合,勾陳,朱雀,九地,九天,直符,螣蛇,太陰,傷門,杜門,景門,死門,驚門,開門,休門,生門
陽9局辛巳,己,震,坎,天蓬,休門,申酉,丙,丁,己,乙,辛,壬,戊,庚癸,己,乙,辛,壬,戊,庚癸,丙,丁,天柱,天心,天蓬,天任,天冲,天輔,天英,天芮,九地,九天,直符,螣蛇,太陰,六合,勾陳,朱雀,開門,休門,生門,傷門,杜門,景門,死門,驚門
陽9局壬午,己,巽,坎,天蓬,休門,申酉,庚癸,丙,丁,己,乙,辛,壬,戊,己,乙,辛,壬,戊,庚癸,丙,丁,天芮,天柱,天心,天蓬,天任,天冲,天輔,天英,朱雀,九地,九天,直符,螣蛇,太陰,六合,勾陳,景門,死門,驚門,開門,休門,生門,傷門,杜門
陽9局癸未,己,坤,坎,天蓬,休門,申酉,壬,戊,庚癸,丙,丁,己,乙,辛,己,乙,辛,壬,戊,庚癸,丙,丁,天輔,天英,天芮,天柱,天心,天蓬,天任,天冲,六合,勾陳,朱雀,九地,九天,直符,螣蛇,太陰,休門,生門,傷門,杜門,景門,死門,驚門,開門
陽9局甲申,庚,坤,坤,天芮,死門,午未,己,乙,辛,壬,戊,庚癸,丙,丁,己,乙,辛,壬,戊,庚癸,丙,丁,天蓬,天任,天冲,天輔,天英,天芮,天柱,天心,六合,勾陳,朱雀,九地,九天,直符,螣蛇,太陰,休門,生門,傷門,杜門,景門,死門,驚門,開門
陽9局乙酉,庚,艮,坤,天芮,死門,午未,戊,庚癸,丙,丁,己,乙,辛,壬,己,乙,辛,壬,戊,庚癸,丙,丁,天英,天芮,天柱,天心,天蓬,天任,天冲,天輔,九天,直符,螣蛇,太陰,六合,勾陳,朱雀,九地,杜門,景門,死門,驚門,開門,休門,生門,傷門
陽9局丙戌,庚,兌,坤,天芮,死門,午未,丁,己,乙,辛,壬,戊,庚癸,丙,己,乙,辛,壬,戊,庚癸,丙,丁,天心,天蓬,天任,天冲,天輔,天英,天芮,天柱,太陰,六合,勾陳,朱雀,九地,九天,直符,螣蛇,傷門,杜門,景門,死門,驚門,開門,休門,生門
陽9局丁亥,庚,壬,坤,天芮,死門,午未,丙,丁,己,乙,辛,壬,戊,庚癸,己,乙,辛,壬,戊,庚癸,丙,丁,天柱,天心,天蓬,天任,天冲,天輔,天英,天芮,螣蛇,太陰,六合,勾陳,朱雀,九地,九天,直符,休門,生門,傷門,杜門,景門,死門,驚門,開門
陽9局戊子,庚,離,坤,天芮,死門,午未,乙,辛,壬,戊,庚癸,丙,丁,己,己,乙,辛,壬,戊,庚癸,丙,丁,天任,天冲,天輔,天英,天芮,天柱,天心,天蓬,勾陳,朱雀,九地,九天,直符,螣蛇,太陰,六合,驚門,開門,休門,生門,傷門,杜門,景門,死門
陽9局己丑,庚,坎,坤,天芮,死門,午未,庚癸,丙,丁,己,乙,辛,壬,戊,己,乙,辛,壬,戊,庚癸,丙,丁,天芮,天柱,天心,天蓬,天任,天冲,天輔,天英,直符,螣蛇,太陰,六合,勾陳,朱雀,九地,九天,開門,休門,生門,傷門,杜門,景門,死門,驚門
陽9局庚寅,庚,坤,坤,天芮,死門,午未,己,乙,辛,壬,戊,庚癸,丙,丁,己,乙,辛,壬,戊,庚癸,丙,丁,天蓬,天任,天冲,天輔,天英,天芮,天柱,天心,六合,勾陳,朱雀,九地,九天,直符,螣蛇,太陰,景門,死門,驚門,開門,休門,生門,傷門,杜門
陽9局辛卯,庚,震,坤,天芮,死門,午未,壬,戊,庚癸,丙,丁,己,乙,辛,己,乙,辛,壬,戊,庚癸,丙,丁,天輔,天英,天芮,天柱,天心,天蓬,天任,天冲,九地,九天,直符,螣蛇,太陰,六合,勾陳,朱雀,生門,傷門,杜門,景門,死門,驚門,開門,休門
陽9局壬辰,庚,巽,坤,天芮,死門,午未,辛,壬,戊,庚癸,丙,丁,己,乙,己,乙,辛,壬,戊,庚癸,丙,丁,天冲,天輔,天英,天芮,天柱,天心,天蓬,天任,朱雀,九地,九天,直符,螣蛇,太陰,六合,勾陳,死門,驚門,開門,休門,生門,傷門,杜門,景門
陽9局癸巳,庚,坤,坤,天芮,死門,午未,己,乙,辛,壬,戊,庚癸,丙,丁,己,乙,辛,壬,戊,庚癸,丙,丁,天蓬,天任,天冲,天輔,天英,天芮,天柱,天心,六合,勾陳,朱雀,九地,九天,直符,螣蛇,太陰,休門,生門,傷門,杜門,景門,死門,驚門,開門
陽9局甲午,辛,震,震,天冲,傷門,辰巳,己,乙,辛,壬,戊,庚癸,丙,丁,己,乙,辛,壬,戊,庚癸,丙,丁,天蓬,天任,天冲,天輔,天英,天芮,天柱,天心,九地,九天,直符,螣蛇,太陰,六合,勾陳,朱雀,休門,生門,傷門,杜門,景門,死門,驚門,開門
陽9局乙未,辛,艮,震,天冲,傷門,辰巳,乙,辛,壬,戊,庚癸,丙,丁,己,己,乙,辛,壬,戊,庚癸,丙,丁,天任,天冲,天輔,天英,天芮,天柱,天心,天蓬,九天,直符,螣蛇,太陰,六合,勾陳,朱雀,九地,開門,休門,生門,傷門,杜門,景門,死門,驚門
陽9局丙申,辛,兌,震,天冲,傷門,辰巳,戊,庚癸,丙,丁,己,乙,辛,壬,己,乙,辛,壬,戊,庚癸,丙,丁,天英,天芮,天柱,天心,天蓬,天任,天冲,天輔,太陰,六合,勾陳,朱雀,九地,九天,直符,螣蛇,死門,驚門,開門,休門,生門,傷門,杜門,景門
陽9局丁酉,辛,壬,震,天冲,傷門,辰巳,壬,戊,庚癸,丙,丁,己,乙,辛,己,乙,辛,壬,戊,庚癸,丙,丁,天輔,天英,天芮,天柱,天心,天蓬,天任,天冲,螣蛇,太陰,六合,勾陳,朱雀,九地,九天,直符,杜門,景門,死門,驚門,開門,休門,生門,傷門
陽9局戊戌,辛,離,震,天冲,傷門,辰巳,丙,丁,己,乙,辛,壬,戊,庚癸,己,乙,辛,壬,戊,庚癸,丙,丁,天柱,天心,天蓬,天任,天冲,天輔,天英,天芮,勾陳,朱雀,九地,九天,直符,螣蛇,太陰,六合,景門,死門,驚門,開門,休門,生門,傷門,杜門
陽9局己亥,辛,坎,震,天冲,傷門,辰巳,辛,壬,戊,庚癸,丙,丁,己,乙,己,乙,辛,壬,戊,庚癸,丙,丁,天冲,天輔,天英,天芮,天柱,天心,天蓬,天任,直符,螣蛇,太陰,六合,勾陳,朱雀,九地,九天,生門,傷門,杜門,景門,死門,驚門,開門,休門
陽9局庚子,辛,坤,震,天冲,傷門,辰巳,庚癸,丙,丁,己,乙,辛,壬,戊,己,乙,辛,壬,戊,庚癸,丙,丁,天芮,天柱,天心,天蓬,天任,天冲,天輔,天英,六合,勾陳,朱雀,九地,九天,直符,螣蛇,太陰,驚門,開門,休門,生門,傷門,杜門,景門,死門
陽9局辛丑,辛,震,震,天冲,傷門,辰巳,己,乙,辛,壬,戊,庚癸,丙,丁,己,乙,辛,壬,戊,庚癸,丙,丁,天蓬,天任,天冲,天輔,天英,天芮,天柱,天心,九地,九天,直符,螣蛇,太陰,六合,勾陳,朱雀,傷門,杜門,景門,死門,驚門,開門,休門,生門
陽9局壬寅,辛,巽,震,天冲,傷門,辰巳,丁,己,乙,辛,壬,戊,庚癸,丙,己,乙,辛,壬,戊,庚癸,丙,丁,天心,天蓬,天任,天冲,天輔,天英,天芮,天柱,朱雀,九地,九天,直符,螣蛇,太陰,六合,勾陳,死門,驚門,開門,休門,生門,傷門,杜門,景門
陽9局癸卯,辛,坤,震,天冲,傷門,辰巳,庚癸,丙,丁,己,乙,辛,壬,戊,己,乙,辛,壬,戊,庚癸,丙,丁,天芮,天柱,天心,天蓬,天任,天冲,天輔,天英,六合,勾陳,朱雀,九地,九天,直符,螣蛇,太陰,休門,生門,傷門,杜門,景門,死門,驚門,開門
陽9局甲辰,壬,巽,巽,天輔,杜門,寅卯,己,乙,辛,壬,戊,庚癸,丙,丁,己,乙,辛,壬,戊,庚癸,丙,丁,天蓬,天任,天冲,天輔,天英,天芮,天柱,天心,朱雀,九地,九天,直符,螣蛇,太陰,六合,勾陳,休門,生門,傷門,杜門,景門,死門,驚門,開門
陽9局乙巳,壬,艮,巽,天輔,杜門,寅卯,辛,壬,戊,庚癸,丙,丁,己,乙,己,乙,辛,壬,戊,庚癸,丙,丁,天冲,天輔,天英,天芮,天柱,天心,天蓬,天任,九天,直符,螣蛇,太陰,六合,勾陳,朱雀,九地,驚門,開門,休門,生門,傷門,杜門,景門,死門
陽9局丙午,壬,兌,巽,天輔,杜門,寅卯,庚癸,丙,丁,己,乙,辛,壬,戊,己,乙,辛,壬,戊,庚癸,丙,丁,天芮,天柱,天心,天蓬,天任,天冲,天輔,天英,太陰,六合,勾陳,朱雀,九地,九天,直符,螣蛇,景門,死門,驚門,開門,休門,生門,傷門,杜門
陽9局丁未,壬,壬,巽,天輔,杜門,寅卯,戊,庚癸,丙,丁,己,乙,辛,壬,己,乙,辛,壬,戊,庚癸,丙,丁,天英,天芮,天柱,天心,天蓬,天任,天冲,天輔,螣蛇,太陰,六合,勾陳,朱雀,九地,九天,直符,死門,驚門,開門,休門,生門,傷門,杜門,景門
陽9局戊申,壬,離,巽,天輔,杜門,寅卯,丁,己,乙,辛,壬,戊,庚癸,丙,己,乙,辛,壬,戊,庚癸,丙,丁,天心,天蓬,天任,天冲,天輔,天英,天芮,天柱,勾陳,朱雀,九地,九天,直符,螣蛇,太陰,六合,傷門,杜門,景門,死門,驚門,開門,休門,生門
陽9局己酉,壬,坎,巽,天輔,杜門,寅卯,壬,戊,庚癸,丙,丁,己,乙,辛,己,乙,辛,壬,戊,庚癸,丙,丁,天輔,天英,天芮,天柱,天心,天蓬,天任,天冲,直符,螣蛇,太陰,六合,勾陳,朱雀,九地,九天,開門,休門,生門,傷門,杜門,景門,死門,驚門
陽9局庚戌,壬,坤,巽,天輔,杜門,寅卯,丙,丁,己,乙,辛,壬,戊,庚癸,己,乙,辛,壬,戊,庚癸,丙,丁,天柱,天心,天蓬,天任,天冲,天輔,天英,天芮,六合,勾陳,朱雀,九地,九天,直符,螣蛇,太陰,杜門,景門,死門,驚門,開門,休門,生門,傷門
陽9局辛亥,壬,震,巽,天輔,杜門,寅卯,乙,辛,壬,戊,庚癸,丙,丁,己,己,乙,辛,壬,戊,庚癸,丙,丁,天任,天冲,天輔,天英,天芮,天柱,天心,天蓬,九地,九天,直符,螣蛇,太陰,六合,勾陳,朱雀,驚門,開門,休門,生門,傷門,杜門,景門,死門
陽9局壬子,壬,巽,巽,天輔,杜門,寅卯,己,乙,辛,壬,戊,庚癸,丙,丁,己,乙,辛,壬,戊,庚癸,丙,丁,天蓬,天任,天冲,天輔,天英,天芮,天柱,天心,朱雀,九地,九天,直符,螣蛇,太陰,六合,勾陳,生門,傷門,杜門,景門,死門,驚門,開門,休門
陽9局癸丑,壬,坤,巽,天輔,杜門,寅卯,丙,丁,己,乙,辛,壬,戊,庚癸,己,乙,辛,壬,戊,庚癸,丙,丁,天柱,天心,天蓬,天任,天冲,天輔,天英,天芮,六合,勾陳,朱雀,九地,九天,直符,螣蛇,太陰,休門,生門,傷門,杜門,景門,死門,驚門,開門
陽9局甲寅,癸,坤,坤,天芮,死門,子丑,己,乙,辛,壬,戊,庚癸,丙,丁,己,乙,辛,壬,戊,庚癸,丙,丁,天蓬,天任,天冲,天輔,天英,天芮,天柱,天心,六合,勾陳,朱雀,九地,九天,直符,螣蛇,太陰,休門,生門,傷門,杜門,景門,死門,驚門,開門
陽9局乙卯,癸,艮,坤,天芮,死門,子丑,戊,庚癸,丙,丁,己,乙,辛,壬,己,乙,辛,壬,戊,庚癸,丙,丁,天英,天芮,天柱,天心,天蓬,天任,天冲,天輔,九天,直符,螣蛇,太陰,六合,勾陳,朱雀,九地,驚門,開門,休門,生門,傷門,杜門,景門,死門
陽9局丙辰,癸,兌,坤,天芮,死門,子丑,丁,己,乙,辛,壬,戊,庚癸,丙,己,乙,辛,壬,戊,庚癸,丙,丁,天心,天蓬,天任,天冲,天輔,天英,天芮,天柱,太陰,六合,勾陳,朱雀,九地,九天,直符,螣蛇,開門,休門,生門,傷門,杜門,景門,死門,驚門
陽9局丁巳,癸,乾,坤,天芮,死門,子丑,丙,丁,己,乙,辛,壬,戊,庚癸,己,乙,辛,壬,戊,庚癸,丙,丁,天柱,天心,天蓬,天任,天冲,天輔,天英,天芮,螣蛇,太陰,六合,勾陳,朱雀,九地,九天,直符,景門,死門,驚門,開門,休門,生門,傷門,杜門
陽9局戊午,癸,離,坤,天芮,死門,子丑,乙,辛,壬,戊,庚癸,丙,丁,己,己,乙,辛,壬,戊,庚癸,丙,丁,天任,天冲,天輔,天英,天芮,天柱,天心,天蓬,勾陳,朱雀,九地,九天,直符,螣蛇,太陰,六合,生門,傷門,杜門,景門,死門,驚門,開門,休門
陽9局己未,癸,坎,坤,天芮,死門,子丑,庚癸,丙,丁,己,乙,辛,壬,戊,己,乙,辛,壬,戊,庚癸,丙,丁,天芮,天柱,天心,天蓬,天任,天冲,天輔,天英,直符,螣蛇,太陰,六合,勾陳,朱雀,九地,九天,死門,驚門,開門,休門,生門,傷門,杜門,景門
陽9局庚申,癸,坤,坤,天芮,死門,子丑,己,乙,辛,壬,戊,庚癸,丙,丁,己,乙,辛,壬,戊,庚癸,丙,丁,天蓬,天任,天冲,天輔,天英,天芮,天柱,天心,六合,勾陳,朱雀,九地,九天,直符,螣蛇,太陰,休門,生門,傷門,杜門,景門,死門,驚門,開門
陽9局辛酉,癸,震,坤,天芮,死門,子丑,壬,戊,庚癸,丙,丁,己,乙,辛,己,乙,辛,壬,戊,庚癸,丙,丁,天輔,天英,天芮,天柱,天心,天蓬,天任,天冲,九地,九天,直符,螣蛇,太陰,六合,勾陳,朱雀,杜門,景門,死門,驚門,開門,休門,生門,傷門
陽9局壬戌,癸,巽,坤,天芮,死門,子丑,辛,壬,戊,庚癸,丙,丁,己,乙,己,乙,辛,壬,戊,庚癸,丙,丁,天冲,天輔,天英,天芮,天柱,天心,天蓬,天任,朱雀,九地,九天,直符,螣蛇,太陰,六合,勾陳,傷門,杜門,景門,死門,驚門,開門,休門,生門
陽9局癸亥,癸,坤,坤,天芮,死門,子丑,己,乙,辛,壬,戊,庚癸,丙,丁,己,乙,辛,壬,戊,庚癸,丙,丁,天蓬,天任,天冲,天輔,天英,天芮,天柱,天心,六合,勾陳,朱雀,九地,九天,直符,螣蛇,太陰,休門,生門,傷門,杜門,景門,死門,驚門,開門
